Device time,"Ambient air temperature (â„ƒ)","Average speed (km/h)","Barometric pressure (kPa)","Calculated boost (bar)","Distance travelled (km)","Distance travelled (total) (km)","Engine RPM (rpm)","Intake manifold absolute pressure (kPa)","Vehicle acceleration (m_sec2)","Vehicle speed (km/h)",
16-09-2020 22:01:21.397,,,,,,,,,0.0080268114777336,50,
16-09-2020 22:01:21.528,,,,,,,1438,,,,
16-09-2020 22:01:21.658,,,,0.08,,,,107,,,
16-09-2020 22:01:21.706,,,,,,,,,0.00903546778585194,49,
16-09-2020 22:01:21.749,,,,,,,1867,,,,
16-09-2020 22:01:21.791,,,,0.09,,,,108,,,
16-09-2020 22:01:21.835,,,,,0.00175545766666667,13.8622560272222,,,0.00903516042945063,49,
16-09-2020 22:01:21.878,,,,,,,1827,,,,
16-09-2020 22:01:21.922,,,,0.11,,,,110,,,
16-09-2020 22:01:21.965,,97.4932917433951,,,0.00353099308333333,13.8640315626389,,,0.0090351979127305,49,
16-09-2020 22:01:22.009,,,,,,,1813,,,,
16-09-2020 22:01:22.051,,,,0.12,,,,111,,,
16-09-2020 22:01:22.118,,71.3271177534927,,,0.00561090016666667,13.8661114697222,,,-0.385308525012765,49,
16-09-2020 22:01:22.161,,,,,,,1806,,,,
16-09-2020 22:01:22.205,,,,0.14,,,,113,,,
16-09-2020 22:01:22.248,,64.3231664800911,,,0.00737236577777778,13.8678729353333,,,0,49,
16-09-2020 22:01:22.298,,,,,,,1802,,,,
16-09-2020 22:01:22.342,,,,0.15,,,,114,,,
16-09-2020 22:01:22.390,,60.1394967462211,,,0.00926792577777778,13.8697684953333,,,-0.500769833464986,48,
16-09-2020 22:01:22.437,,,,,,,1795,,,,
16-09-2020 22:01:22.482,,,,0.16,,,,115,,,
16-09-2020 22:01:22.526,,57.7482065275522,,,0.0110829764444444,13.871583546,,,-0.495624979530688,48,
16-09-2020 22:01:22.571,,,,,,,1794,,,,
16-09-2020 22:01:22.616,,,,0.17,,,,116,,,
16-09-2020 22:01:22.663,,56.132458814318,,,0.0129124551111111,13.8734130246667,,,-0.509929042557842,48,
16-09-2020 22:01:22.710,,,,,,,1788,,,,
16-09-2020 22:01:22.755,,,,0.17,,,,116,,,
16-09-2020 22:01:22.803,,54.9570042800898,,,0.0147783017777778,13.8752788713333,,,-0.500187950624327,48,
16-09-2020 22:01:22.849,,,,,,,1776,,,,
16-09-2020 22:01:22.894,,,,0.18,,,,117,,,
16-09-2020 22:01:22.943,,53.9539904785971,,,0.0166009369722222,13.8771015065278,,,-0.502409202850429,47,
16-09-2020 22:01:22.990,,,,,,,1769,,,,
16-09-2020 22:01:23.205,,,,0.18,,,,117,,,
16-09-2020 22:01:23.413,,51.8815893362145,,,0.0227393576111111,13.8832399271667,,,-0.313250128335445,47,
16-09-2020 22:01:23.610,,,,,,,1735,,,,
16-09-2020 22:01:23.814,,,,0.19,,,,118,,,
16-09-2020 22:01:23.925,,50.4403921170093,,,0.0292835731666667,13.8897841427222,,,-0.440263525897115,46,
16-09-2020 22:01:23.973,,,,,,,1710,,,,
16-09-2020 22:01:24.019,,,,0.2,,,,119,,,
16-09-2020 22:01:24.063,,50.1643672579321,,,0.0310543546666667,13.8915549242222,,,-0.440721860803853,46,
16-09-2020 22:01:24.109,,,,,,,1700,,,,
16-09-2020 22:01:24.156,,,,0.2,,,,119,,,
16-09-2020 22:01:24.202,,49.9206213502918,,,0.0328240551666667,13.8933246247222,,,-0.220562358139805,46,
16-09-2020 22:01:24.248,,,,,,,1689,,,,
16-09-2020 22:01:24.292,,,,0.2,,,,119,,,
16-09-2020 22:01:24.337,,49.6558355949253,,,0.0345067201666667,13.8950072897222,,,-0.601289190481116,45,
16-09-2020 22:01:24.384,,,,,,,1681,,,,
16-09-2020 22:01:24.430,,,,0.19,,,,118,,,
16-09-2020 22:01:24.477,,49.4087365149097,,,0.0362601576666667,13.8967607272222,,,-0.5031720266463,45,
16-09-2020 22:01:24.527,,,,,,,1683,,,,
16-09-2020 22:01:24.595,,,,0.19,,,,118,,,
16-09-2020 22:01:24.644,,49.1458029111734,,,0.0383541026666667,13.8988546722222,,,-0.478190542290072,45,
16-09-2020 22:01:24.691,,,,,,,1670,,,,
16-09-2020 22:01:24.737,,,,0.19,,,,118,,,
16-09-2020 22:01:24.784,,48.9496371627389,,,0.0400983951666667,13.9005989647222,,,-0.477287883766425,45,
16-09-2020 22:01:24.828,,,,,,,1662,,,,
16-09-2020 22:01:24.890,,,,0.19,,,,118,,,
16-09-2020 22:01:24.938,,48.7042694443613,,,0.0419782328333333,13.9024788023889,,,-0.462041805616499,44,
16-09-2020 22:01:24.982,,,,,,,1657,,,,
16-09-2020 22:01:25.028,,,,0.19,,,,118,,,
16-09-2020 22:01:25.073,,48.507039022255,,,0.0436375143888889,13.9041380839444,,,-0.46561167256429,44,
16-09-2020 22:01:25.118,,,,,,,1654,,,,
16-09-2020 22:01:25.163,,,,0.19,,,,118,,,
16-09-2020 22:01:25.208,,48.3268434413454,,,0.0452861748333333,13.9057867443889,,,-0.49252217374228,44,
16-09-2020 22:01:25.258,,,,,,,1649,,,,
16-09-2020 22:01:25.306,,,,0.19,,,,118,,,
16-09-2020 22:01:25.375,,48.1225666318094,,,0.0473289787222222,13.9078295482778,,,-0.469615695443176,44,
16-09-2020 22:01:25.421,,,,,,,1634,,,,
16-09-2020 22:01:25.468,,,,0.19,,,,118,,,
16-09-2020 22:01:25.513,,47.9685587752513,,,0.0490081213888889,13.9095086909444,,,0,44,
16-09-2020 22:01:25.562,,,,,,,1626,,,,
16-09-2020 22:01:25.608,,,,0.18,,,,117,,,
16-09-2020 22:01:25.653,,47.7865122614448,,,0.0506790643611111,13.9111796339167,,,-0.479472810055887,43,
16-09-2020 22:01:25.698,,,,,,,1613,,,,
16-09-2020 22:01:25.778,,,,0.18,,,,117,,,
16-09-2020 22:01:25.823,,47.5825437792849,,,0.0527092126111111,13.9132097821667,,,-0.452082394584241,43,
16-09-2020 22:01:25.867,,,,,,,1609,,,,
16-09-2020 22:01:25.910,,,,0.18,,,,117,,,
16-09-2020 22:01:25.955,,47.4356199692776,,,0.0542864131944445,13.91478698275,,,-0.479445748440991,43,
16-09-2020 22:01:26.001,,,,,,,1594,,,,
16-09-2020 22:01:26.046,,,,0.18,,,,117,,,
16-09-2020 22:01:26.089,,47.2957856505745,,,0.0558880951111111,13.9163886646667,,,-0.482248314170811,43,
16-09-2020 22:01:26.137,,,,,,,1585,,,,
16-09-2020 22:01:26.182,,,,0.18,,,,117,,,
16-09-2020 22:01:26.227,,47.1291504796107,,,0.0575004214444444,13.918000991,,,-0.483698050369877,42,
16-09-2020 22:01:26.272,,,,,,,1583,,,,
16-09-2020 22:01:26.319,,,,0.17,,,,116,,,
16-09-2020 22:01:26.364,,46.9744852194932,,,0.0590933204444445,13.91959389,,,-0.513691164022945,42,
16-09-2020 22:01:26.411,,,,,,,1578,,,,
16-09-2020 22:01:26.458,,,,0.17,,,,116,,,
16-09-2020 22:01:26.504,,46.8251988237244,,,0.0607280152777778,13.9212285848333,,,-0.506029442007407,42,
16-09-2020 22:01:26.552,,,,,,,1571,,,,
16-09-2020 22:01:26.598,,,,0.17,,,,116,,,
16-09-2020 22:01:26.643,,46.6855276813766,,,0.0623515567777778,13.9228521263333,,,-0.501448011364497,42,
16-09-2020 22:01:26.688,,,,,,,1563,,,,
16-09-2020 22:01:26.735,,,,0.17,,,,116,,,
16-09-2020 22:01:26.780,,46.5551596677206,,,0.0639567127777778,13.9244572823333,,,0,42,
16-09-2020 22:01:26.827,,,,,,,1549,,,,
16-09-2020 22:01:26.872,,,,0.17,,,,116,,,
16-09-2020 22:01:26.920,,46.4027694594057,,,0.0655455823611111,13.9260461519167,,,-0.499199972140648,41,
16-09-2020 22:01:26.969,,,,,,,1540,,,,
16-09-2020 22:01:27.016,,,,0.17,,,,116,,,
16-09-2020 22:01:27.063,,46.2553300884303,,,0.06717030075,13.9276708703056,,,-0.496975555859705,41,
16-09-2020 22:01:27.281,,,,,,,1533,,,,
16-09-2020 22:01:27.485,,,,0.16,,,,115,,,
16-09-2020 22:01:27.688,,45.5863161165326,,,0.0741254596388889,13.9346260291944,,,-0.531324095137532,40,
16-09-2020 22:01:27.890,,,,,,,1502,,,,
16-09-2020 22:01:27.984,,,,0.16,,,,115,,,
16-09-2020 22:01:28.031,,45.2777787739304,,,0.0779288540833333,13.9384294236389,,,-0.444286491710911,40,
16-09-2020 22:01:28.075,,,,,,,1489,,,,
16-09-2020 22:01:28.123,,,,0.16,,,,115,,,
16-09-2020 22:01:28.169,,45.1624308067062,,,0.0794668485277778,13.9399674180833,,,-0.222340631949173,40,
16-09-2020 22:01:28.219,,,,,,,1484,,,,
16-09-2020 22:01:28.268,,,,0.16,,,,115,,,
16-09-2020 22:01:28.313,,45.0257704461871,,,0.0810231922777778,13.9415237618333,,,-0.444354045057518,39,
16-09-2020 22:01:28.361,,,,,,,1477,,,,
16-09-2020 22:01:28.407,,,,0.15,,,,114,,,
16-09-2020 22:01:28.451,,44.8999637212711,,,0.0825195691944444,13.94302013875,,,-0.364214752556431,39,
16-09-2020 22:01:28.497,,,,,,,1460,,,,
16-09-2020 22:01:28.542,,,,0.15,,,,114,,,
16-09-2020 22:01:28.589,,44.7782156584074,,,0.0840297011944444,13.94453027075,,,-0.497661587731567,39,
16-09-2020 22:01:28.637,,,,,,,1461,,,,
16-09-2020 22:01:28.698,,,,0.15,,,,114,,,
16-09-2020 22:01:28.744,,44.6497634822718,,,0.0856939568611111,13.9461945264167,,,-0.48320313424881,39,
16-09-2020 22:01:28.788,,,,,,,1456,,,,
16-09-2020 22:01:28.833,,,,0.15,,,,114,,,
16-09-2020 22:01:28.878,,44.5423862543732,,,0.0871440570277778,13.9476446265833,,,0,39,
16-09-2020 22:01:28.923,,,,,,,1445,,,,
16-09-2020 22:01:28.968,,,,0.15,,,,114,,,
16-09-2020 22:01:29.014,,44.418697852055,,,0.0885766369722222,13.9490772065278,,,-0.493745264612603,38,
16-09-2020 22:01:29.061,,,,,,,1435,,,,
16-09-2020 22:01:29.107,,,,0.15,,,,114,,,
16-09-2020 22:01:29.153,,44.2963522222717,,,0.0900487981388889,13.9505493676944,,,-0.492515798872545,38,
16-09-2020 22:01:29.199,,,,,,,1425,,,,
16-09-2020 22:01:29.247,,,,0.14,,,,113,,,
16-09-2020 22:01:29.294,,44.1778572599304,,,0.09153035375,13.9520309233056,,,-0.505639621176414,38,
16-09-2020 22:01:29.339,,,,,,,1422,,,,
16-09-2020 22:01:29.464,,,,0.14,,,,113,,,
16-09-2020 22:01:29.514,,44.000830072582,,,0.0938528673055555,13.9543534368611,,,-0.437089452804217,38,
16-09-2020 22:01:29.563,,,,,,,1408,,,,
16-09-2020 22:01:29.610,,,,0.14,,,,113,,,
16-09-2020 22:01:29.658,,43.8714993159358,,,0.0953381593333333,13.9558387288889,,,-0.43108468182657,37,
16-09-2020 22:01:29.705,,,,,,,1401,,,,
16-09-2020 22:01:29.752,,,,0.14,,,,113,,,
16-09-2020 22:01:29.800,,43.7486879795879,,,0.09680145075,13.9573020203056,,,-0.429092940775768,37,
16-09-2020 22:01:29.850,,,,,,,1393,,,,
16-09-2020 22:01:29.897,,,,0.14,,,,113,,,
16-09-2020 22:01:29.941,,43.6313332664741,,,0.0982502361111111,13.9587508056667,,,-0.428738021466981,37,
16-09-2020 22:01:30.011,,,,,,,1377,,,,
16-09-2020 22:01:30.058,,,,0.14,,,,113,,,
16-09-2020 22:01:30.106,,43.4990150238616,,,0.0999464990555555,13.9604470686111,,,-0.46851043889983,37,
16-09-2020 22:01:30.154,,,,,,,1375,,,,
16-09-2020 22:01:30.202,,,,0.14,,,,113,,,
16-09-2020 22:01:30.247,,43.3903776086068,,,0.101391734472222,13.9618923040278,,,0,37,
16-09-2020 22:01:30.294,,,,,,,1368,,,,
16-09-2020 22:01:30.343,,,,0.14,,,,113,,,
16-09-2020 22:01:30.390,,43.2666931559147,,,0.102823547472222,13.9633241170278,,,-0.470950838628752,36,
16-09-2020 22:01:30.462,,,,,,,1360,,,,
16-09-2020 22:01:30.508,,,,0.13,,,,112,,,
16-09-2020 22:01:30.555,,43.129748766859,,,0.104466784472222,13.9649673540278,,,-0.453023402989668,36,
16-09-2020 22:01:30.601,,,,,,,1354,,,,
16-09-2020 22:01:30.648,,,,0.13,,,,112,,,
16-09-2020 22:01:30.697,,43.0155016399827,,,0.105886717472222,13.9663872870278,,,-0.470774604436817,36,
16-09-2020 22:01:30.743,,,,,,,1347,,,,
16-09-2020 22:01:30.814,,,,0.13,,,,112,,,
16-09-2020 22:01:30.859,,42.8889321203171,,,0.107514880472222,13.9680154500278,,,-0.453647908035335,36,
16-09-2020 22:01:30.905,,,,,,,1336,,,,
16-09-2020 22:01:30.952,,,,0.13,,,,112,,,
16-09-2020 22:01:30.998,,42.7849472278234,,,0.108897671472222,13.9693982410278,,,0,36,
16-09-2020 22:01:31.044,,,,,,,1334,,,,
16-09-2020 22:01:31.088,,,,0.13,,,,112,,,
16-09-2020 22:01:31.134,,42.6706284169782,,,0.110225442166667,13.9707260117222,,,-0.479206216753751,35,
16-09-2020 22:01:31.181,,,,,,,1327,,,,
16-09-2020 22:01:31.396,,,,0.13,,,,112,,,
16-09-2020 22:01:31.600,,42.3049100745328,,,0.114751260083333,13.9752518296389,,,-0.307575917179697,35,
16-09-2020 22:01:31.802,,,,,,,1294,,,,
16-09-2020 22:01:32.004,,,,0.13,,,,112,,,
16-09-2020 22:01:32.114,,41.8898450383172,,,0.11960330375,13.9801038733056,,,-0.442992139015895,34,
16-09-2020 22:01:32.163,,,,,,,908,,,,
16-09-2020 22:01:32.210,,,,0.12,,,,111,,,
16-09-2020 22:01:32.258,,41.7801418471015,,,0.120972124861111,13.9814726944167,,,-0.440638910557307,34,
16-09-2020 22:01:32.307,,,,,,,897,,,,
16-09-2020 22:01:32.354,,,,0.11,,,,110,,,
16-09-2020 22:01:32.399,,41.6766235557268,,,0.122299624638889,13.9828001941944,,,-0.219631137060618,34,
16-09-2020 22:01:32.446,,,,,,,895,,,,
16-09-2020 22:01:32.495,,,,0.1,,,,109,,,
16-09-2020 22:01:32.535,,41.5787238748184,,,0.123588416361111,13.9840889859167,,,-0.296839441232286,34,
16-09-2020 22:01:32.581,,,,,,,915,,,,
16-09-2020 22:01:32.628,,,,0.09,,,,108,,,
16-09-2020 22:01:32.673,,41.4823504047796,,,0.124890004361111,13.9853905739167,,,0,34,
16-09-2020 22:01:32.718,,,,,,,1038,,,,
16-09-2020 22:01:32.764,,,,0.08,,,,107,,,
16-09-2020 22:01:32.812,,41.387817657904,,,0.126199817527778,13.9867003870833,,,0,34,
16-09-2020 22:01:32.857,,,,,,,1100,,,,
16-09-2020 22:01:32.904,,,,0.08,,,,107,,,
16-09-2020 22:01:32.949,,41.2847635719073,,,0.127451392027778,13.9879519615833,,,-0.505534163371898,33,
16-09-2020 22:01:32.992,,,,,,,1170,,,,
16-09-2020 22:01:33.038,,,,0.07,,,,106,,,
16-09-2020 22:01:33.083,,41.1854958425923,,,0.128686824027778,13.9891873935833,,,-0.507006443727416,33,
16-09-2020 22:01:33.128,,,,,,,1276,,,,
16-09-2020 22:01:33.224,,,,0.07,,,,106,,,
16-09-2020 22:01:33.270,,41.03522951535,,,0.13034983025,13.9908503998056,,,-0.930386353167403,32,
16-09-2020 22:01:33.319,,,,,,,1440,,,,
16-09-2020 22:01:33.365,,,,0.07,,,,106,,,
16-09-2020 22:01:33.412,,40.9244295023946,,,0.131611808027778,13.9921123775833,,,-0.925295337153656,32,
16-09-2020 22:01:33.457,,,,,,,1557,,,,
16-09-2020 22:01:33.504,,,,0.07,,,,106,,,
16-09-2020 22:01:33.548,,40.8093165199491,,,0.132781711861111,13.9932822814167,,,-0.92633258593115,31,
16-09-2020 22:01:33.594,,,,,,,1677,,,,
16-09-2020 22:01:33.641,,,,0.08,,,,107,,,
16-09-2020 22:01:33.711,,40.6743850919377,,,0.134188349777778,13.9946889193333,,,-0.884644153923766,31,
16-09-2020 22:01:33.756,,,,,,,1800,,,,
16-09-2020 22:01:33.817,,,,0.09,,,,108,,,
16-09-2020 22:01:33.862,,40.5407643436448,,,0.135442986444444,13.995943556,,,-0.938896785010851,30,
16-09-2020 22:01:33.910,,,,,,,1744,,,,
16-09-2020 22:01:33.955,,,,0.11,,,,110,,,
16-09-2020 22:01:33.999,,40.4221202646857,,,0.136584015611111,13.9970845851667,,,-0.946947529788886,30,
16-09-2020 22:01:34.047,,,,,,,1723,,,,
16-09-2020 22:01:34.095,,,,0.13,,,,112,,,
16-09-2020 22:01:34.139,,40.3037843818364,,,0.137748242277778,13.9982488118333,,,-0.470388038145083,30,
16-09-2020 22:01:34.183,,,,,,,1714,,,,
16-09-2020 22:01:34.228,,,,0.14,,,,113,,,
16-09-2020 22:01:34.274,,40.1805052322419,,,0.138841083916667,13.9993416534722,,,-0.98645058821654,29,
16-09-2020 22:01:34.322,,,,,,,1678,,,,
16-09-2020 22:01:34.368,,,,0.15,,,,114,,,
16-09-2020 22:01:34.413,,40.0572450395403,,,0.13995632,14.0004568895556,,,-0.504328215350085,29,
16-09-2020 22:01:34.459,,,,,,,1669,,,,
16-09-2020 22:01:34.502,,,,0.15,,,,114,,,
16-09-2020 22:01:34.547,,39.9300303076422,,,0.141001126,14.0015016955556,,,-1.01343724551324,28,
16-09-2020 22:01:34.593,,,,,,,1644,,,,
16-09-2020 22:01:34.639,,,,0.16,,,,115,,,
16-09-2020 22:01:34.686,,39.8016874270622,,,0.142076347777778,14.0025769173333,,,-1.01615136005356,28,
16-09-2020 22:01:34.733,,,,,,,1635,,,,
16-09-2020 22:01:34.778,,,,0.16,,,,115,,,
16-09-2020 22:01:34.822,,39.6779637633229,,,0.143135235444444,14.003635805,,,-0.507688083102609,28,
16-09-2020 22:01:34.868,,,,,,,1620,,,,
16-09-2020 22:01:34.913,,,,0.17,,,,116,,,
16-09-2020 22:01:34.960,,39.5447285808163,,,0.144169714194444,14.00467028375,,,-1.01626028653581,27,
16-09-2020 22:01:35.002,,,,,,,1599,,,,
16-09-2020 22:01:35.048,,,,0.17,,,,116,,,
16-09-2020 22:01:35.094,,39.4173471454538,,,0.145179472194444,14.00568004175,,,-0.50789267244551,27,
16-09-2020 22:01:35.139,,,,,,,1602,,,,
16-09-2020 22:01:35.187,,,,0.18,,,,117,,,
16-09-2020 22:01:35.233,,39.2890366120509,,,0.146217789444444,14.006718359,,,-0.507670824937473,27,
16-09-2020 22:01:35.279,,,,,,,1629,,,,
16-09-2020 22:01:35.488,,,,0.18,,,,117,,,
16-09-2020 22:01:35.693,,38.8805162993483,,,0.149672814444444,14.010173384,,,-0.318688086075358,27,
16-09-2020 22:01:35.898,,,,,,,1597,,,,
16-09-2020 22:01:36.096,,,,0.23,,,,122,,,
16-09-2020 22:01:36.183,,38.4749306885669,,,0.153346603944444,14.0138471735,,,0,27,
16-09-2020 22:01:36.230,,,,,,,1594,,,,
16-09-2020 22:01:36.277,,,,0.23,,,,122,,,
16-09-2020 22:01:36.326,,38.3621148824449,,,0.154415097444444,14.014915667,,,0,27,
16-09-2020 22:01:36.376,,,,,,,1607,,,,
16-09-2020 22:01:36.423,,,,0.24,,,,123,,,
16-09-2020 22:01:36.468,,38.2516587599638,,,0.155481985944444,14.0159825555,,,0,27,
16-09-2020 22:01:36.512,,,,,,,1612,,,,
16-09-2020 22:01:36.558,,,,0.24,,,,123,,,
16-09-2020 22:01:36.602,,38.1492607574284,,,0.156489946194444,14.01699051575,,,0,27,
16-09-2020 22:01:36.648,,,,,,,1611,,,,
16-09-2020 22:01:36.727,,,,0.24,,,,123,,,
16-09-2020 22:01:36.774,,38.0211058114912,,,0.157777869444444,14.018278439,,,0,27,
16-09-2020 22:01:36.818,,,,,,,1622,,,,
16-09-2020 22:01:36.862,,,,0.25,,,,124,,,
16-09-2020 22:01:36.908,,37.9319863106947,,,0.158820275222222,14.0193208447778,,,0.476981365807141,28,
16-09-2020 22:01:36.954,,,,,,,1629,,,,
16-09-2020 22:01:37.002,,,,0.26,,,,125,,,
16-09-2020 22:01:37.048,,37.8408332918275,,,0.159906272333333,14.0204068418889,,,0.479099100518268,28,
16-09-2020 22:01:37.093,,,,,,,1632,,,,
16-09-2020 22:01:37.138,,,,0.26,,,,125,,,
16-09-2020 22:01:37.184,,37.7536268086792,,,0.160964147333333,14.0214647168889,,,0.477783323886602,28,
16-09-2020 22:01:37.229,,,,,,,1634,,,,
16-09-2020 22:01:37.273,,,,0.27,,,,126,,,
16-09-2020 22:01:37.318,,37.6688527848456,,,0.162010802888889,14.0225113724444,,,0.510422469532117,28,
16-09-2020 22:01:37.364,,,,,,,1643,,,,
16-09-2020 22:01:37.414,,,,0.28,,,,127,,,
16-09-2020 22:01:37.461,,37.580414466109,,,0.163122460444444,14.02362303,,,0,28,
16-09-2020 22:01:37.505,,,,,,,1664,,,,
16-09-2020 22:01:37.551,,,,0.28,,,,127,,,
16-09-2020 22:01:37.600,,37.4961846992342,,,0.164200495444444,14.024701065,,,0,28,
16-09-2020 22:01:37.656,,,,,,,1669,,,,
16-09-2020 22:01:37.703,,,,0.29,,,,128,,,
16-09-2020 22:01:37.749,,37.4072526731741,,,0.165359605222222,14.0258601747778,,,0,28,
16-09-2020 22:01:37.792,,,,,,,1671,,,,
16-09-2020 22:01:37.838,,,,0.3,,,,129,,,
16-09-2020 22:01:37.883,,37.328453732947,,,0.166405152444444,14.026905722,,,0,28,
16-09-2020 22:01:37.931,,,,,,,1683,,,,
16-09-2020 22:01:37.981,,,,0.31,,,,130,,,
16-09-2020 22:01:38.030,,37.2530601790613,,,0.167586016333333,14.0280865858889,,,0.488465846204262,29,
16-09-2020 22:01:38.074,,,,,,,1702,,,,
16-09-2020 22:01:38.119,,,,0.32,,,,131,,,
16-09-2020 22:01:38.188,,37.1730469372504,,,0.16886301925,14.0293635888056,,,0.472024977145023,29,
16-09-2020 22:01:38.234,,,,,,,1720,,,,
16-09-2020 22:01:38.282,,,,0.35,,,,134,,,
16-09-2020 22:01:38.329,,37.1034694287859,,,0.169994159416667,14.0304947289722,,,0.479004256680907,29,
16-09-2020 22:01:38.375,,,,,,,1745,,,,
16-09-2020 22:01:38.424,,,,0.37,,,,136,,,
16-09-2020 22:01:38.470,,37.0430914902264,,,0.171172401916667,14.0316729714722,,,0.94697819825125,30,
16-09-2020 22:01:38.516,,,,,,,1779,,,,
16-09-2020 22:01:38.566,,,,0.4,,,,139,,,
16-09-2020 22:01:38.619,,36.9808261468332,,,0.172408944416667,14.0329095139722,,,0.471821249651418,30,
16-09-2020 22:01:38.663,,,,,,,1799,,,,
16-09-2020 22:01:38.711,,,,0.45,,,,144,,,
16-09-2020 22:01:38.756,,36.9320285000748,,,0.173597788388889,14.0340983579444,,,0.977972480362948,31,
16-09-2020 22:01:38.804,,,,,,,1826,,,,
16-09-2020 22:01:38.851,,,,0.48,,,,147,,,
16-09-2020 22:01:38.895,,36.8838059275612,,,0.174792069416667,14.0352926389722,,,0.980592313058411,31,
16-09-2020 22:01:38.935,,,,,,,1851,,,,
16-09-2020 22:01:39.006,,,,0.52,,,,151,,,
16-09-2020 22:01:39.077,,36.8321780201652,,,0.176412079194444,14.03691264875,,,0.914365451133009,32,
16-09-2020 22:01:39.124,,,,,,,1917,,,,
16-09-2020 22:01:39.172,,,,0.58,,,,157,,,
16-09-2020 22:01:39.242,,36.7865097919283,,,0.177874302305556,14.0383748718611,,,0.891068799600231,32,
16-09-2020 22:01:39.289,,,,,,,1943,,,,
16-09-2020 22:01:39.337,,,,0.66,,,,165,,,
16-09-2020 22:01:39.517,,36.7276050067867,,,0.180395623305556,14.0408961928611,,,0.730427590119974,33,
16-09-2020 22:01:39.721,,,,,,,2050,,,,
16-09-2020 22:01:39.922,,,,0.94,,,,193,,,
16-09-2020 22:01:40.123,,36.7366264783596,,,0.186621784944444,14.0471223545,,,1.35771971733796,37,
16-09-2020 22:01:40.402,,,,,,,2316,,,,
16-09-2020 22:01:40.450,,,,1.56,,,,255,,,
16-09-2020 22:01:40.500,,36.8228425467214,,,0.19092040375,14.0514209733056,,,1.75705681457266,41,
16-09-2020 22:01:40.545,,,,,,,2559,,,,
16-09-2020 22:01:40.593,,,,1.56,,,,255,,,
16-09-2020 22:01:40.640,,36.8687610826703,,,0.19259015825,14.0530907278056,,,2.18550072380605,43,
16-09-2020 22:01:40.688,,,,,,,2756,,,,
16-09-2020 22:01:40.734,,,,1.56,,,,255,,,
16-09-2020 22:01:40.777,,36.9566880159719,,,0.194458963805556,14.0549595333611,,,3.52600341572766,49,
16-09-2020 22:01:40.823,,,,,,,2955,,,,
16-09-2020 22:01:40.870,,,,1.52,,,,251,,,
16-09-2020 22:01:40.916,,37.0515325616253,,,0.196385809638889,14.0568863791944,,,4.55143882815099,50,
16-09-2020 22:01:40.963,,,,,,,3021,,,,
16-09-2020 22:01:41.015,,,,1.56,,,,255,,,
16-09-2020 22:01:41.067,,37.1688585238626,,,0.198566354527778,14.0590669240833,,,5.3909293164284,52,
16-09-2020 22:01:41.112,,,,,,,3122,,,,
16-09-2020 22:01:41.155,,,,1.56,,,,255,,,
16-09-2020 22:01:41.200,,37.2845977619927,,,0.200563811527778,14.0610643810833,,,5.45433207746841,54,
16-09-2020 22:01:41.245,,,,,,,3235,,,,
16-09-2020 22:01:41.291,,,,1.56,,,,255,,,
16-09-2020 22:01:41.342,,37.4130183902075,,,0.202724235972222,14.0632248055278,,,2.95389332888595,55,
16-09-2020 22:01:41.389,,,,,,,3316,,,,
16-09-2020 22:01:41.432,,,,1.56,,,,255,,,
16-09-2020 22:01:41.495,,37.5658431138496,,,0.205154853722222,14.0656554232778,,,3.35833972281454,57,
16-09-2020 22:01:41.540,,,,,,,3417,,,,
16-09-2020 22:01:41.587,,,,1.56,,,,255,,,
16-09-2020 22:01:41.630,,37.7123703124657,,,0.207370929777778,14.0678714993333,,,3.45245384143195,59,
16-09-2020 22:01:41.678,,,,,,,3725,,,,
16-09-2020 22:01:41.721,,,,1.56,,,,255,,,
16-09-2020 22:01:41.767,,37.8923677505279,,,0.209797331555556,14.0702979011111,,,4.90256005018339,64,
16-09-2020 22:01:41.814,,,,,,,3747,,,,
16-09-2020 22:01:41.858,,,,1.53,,,,252,,,
16-09-2020 22:01:41.912,,38.0880034704979,,,0.212413503916667,14.0729140734722,,,4.87412380313453,65,
16-09-2020 22:01:41.960,,,,,,,3824,,,,
16-09-2020 22:01:42.011,,,,1.52,,,,251,,,
16-09-2020 22:01:42.055,,38.2926581934343,,,0.215077315972222,14.0755778855278,,,4.9628760001411,67,
16-09-2020 22:01:42.103,,,,,,,3972,,,,
16-09-2020 22:01:42.172,,,,1.45,,,,244,,,
16-09-2020 22:01:42.220,,38.5411653678936,,,0.218239160472222,14.0787397300278,,,4.71107069389341,69,
16-09-2020 22:01:42.264,,,,,,,4113,,,,
16-09-2020 22:01:42.313,,,,1.4,,,,239,,,
16-09-2020 22:01:42.359,,38.753899351791,,,0.220937950194444,14.08143851975,,,2.81644189207214,70,
16-09-2020 22:01:42.407,,,,,,,4095,,,,
16-09-2020 22:01:42.451,,,,1.4,,,,239,,,
16-09-2020 22:01:42.497,,38.962806456984,,,0.223624052416667,14.0841246219722,,,2.37302147199053,70,
16-09-2020 22:01:42.544,,,,,,,4163,,,,
16-09-2020 22:01:42.592,,,,1.36,,,,235,,,
16-09-2020 22:01:42.664,,39.2359352984644,,,0.227013343055556,14.0875139126111,,,2.73668328544959,73,
16-09-2020 22:01:42.714,,,,,,,4176,,,,
16-09-2020 22:01:42.776,,,,1.29,,,,228,,,
16-09-2020 22:01:42.908,,,99,,,,,,,,
16-09-2020 22:01:42.954,,39.6993839345322,,,0.232891548416667,14.0933921179722,,,1.514032576258,73,
16-09-2020 22:01:43.002,,,,,,,3873,,,,
16-09-2020 22:01:43.050,,,,0.65,,,,164,,,
16-09-2020 22:01:43.093,,39.9180560366952,,,0.235722281583333,14.0962228511389,,,1.13417678885425,73,
16-09-2020 22:01:43.140,,,,,,,3598,,,,
16-09-2020 22:01:43.187,,,,0.53,,,,152,,,
16-09-2020 22:01:43.234,,40.1359814374123,,,0.238580720277778,14.0990812898333,,,1.12975554214009,73,
16-09-2020 22:01:43.398,,,,,,,3532,,,,
16-09-2020 22:01:43.445,,,,0.91,,,,190,,,
16-09-2020 22:01:43.664,,40.8421133338925,,,0.247654742388889,14.1081553119444,,,0.833243259736956,76,
16-09-2020 22:01:43.864,,,,,,,2928,,,,
16-09-2020 22:01:44.070,,,,1.56,,,,255,,,
16-09-2020 22:01:44.272,,41.9572922011378,,,0.261502184888889,14.1220027544444,,,1.89652038577349,82,
16-09-2020 22:01:44.363,,,,,,,3164,,,,
16-09-2020 22:01:44.412,,,,1.56,,,,255,,,
16-09-2020 22:01:44.459,,42.3118755434277,,,0.265902410583333,14.1264029801389,,,2.44171855867991,85,
16-09-2020 22:01:44.507,,,,,,,3206,,,,
16-09-2020 22:01:44.552,,,,1.56,,,,255,,,
16-09-2020 22:01:44.595,,42.5797570636034,,,0.269199543833333,14.1297001133889,,,2.85819555973277,87,
16-09-2020 22:01:44.642,,,,,,,3258,,,,
16-09-2020 22:01:44.687,,,,1.56,,,,255,,,
16-09-2020 22:01:44.733,,42.8465371326266,,,0.27252296075,14.1330235303056,,,2.85965596737305,87,
16-09-2020 22:01:44.778,,,,,,,3299,,,,
16-09-2020 22:01:44.824,,,,1.56,,,,255,,,
16-09-2020 22:01:44.868,,43.1171973947424,,,0.275862280305555,14.1363628498611,,,3.26485934500877,89,
16-09-2020 22:01:44.914,,,,,,,3336,,,,
16-09-2020 22:01:44.960,,,,1.56,,,,255,,,
16-09-2020 22:01:45.007,,43.3984588724955,,,0.279337607805555,14.1398381773611,,,2.53427731716781,90,
16-09-2020 22:01:45.054,,,,,,,3226,,,,
16-09-2020 22:01:45.101,,,,1.32,,,,231,,,
16-09-2020 22:01:45.144,,43.6677541265291,,,0.282740646416667,14.1432412159722,,,,89,
16-09-2020 22:01:45.193,,,,,,,3300,,,,
16-09-2020 22:01:45.241,,,,0.77,,,,176,,,
16-09-2020 22:01:45.288,,43.9449734405014,,,0.286286344611111,14.1467869141667,,,,89,
16-09-2020 22:01:45.333,,,,,,,3300,,,,
16-09-2020 22:01:45.381,,,,0.63,,,,162,,,
16-09-2020 22:01:45.428,,44.213558493161,,,0.289763423805555,14.1502639933611,,,0,89,
16-09-2020 22:01:45.473,,,,,,,3265,,,,
16-09-2020 22:01:45.518,,,,0.61,,,,160,,,
16-09-2020 22:01:45.565,,44.4605488904874,,,0.293074039638889,14.1535746091944,,,-1.49161224668546,87,
16-09-2020 22:01:45.612,,,,,,,3224,,,,
16-09-2020 22:01:45.660,,,,0.59,,,,158,,,
16-09-2020 22:01:45.710,,44.7124430671255,,,0.296532646694444,14.15703321625,,,-1.47288402829304,86,
16-09-2020 22:01:45.759,,,,,,,3173,,,,
16-09-2020 22:01:45.811,,,,0.56,,,,155,,,
16-09-2020 22:01:45.857,,44.9533894013382,,,0.299970300027778,14.1604708695833,,,-2.43810704354886,84,
16-09-2020 22:01:45.904,,,,,,,3107,,,,
16-09-2020 22:01:45.949,,,,0.53,,,,152,,,
16-09-2020 22:01:45.995,,45.1703506308077,,,0.303146737694444,14.16364730725,,,-2.94014223232063,83,
16-09-2020 22:01:46.042,,,,,,,3027,,,,
16-09-2020 22:01:46.087,,,,0.51,,,,150,,,
16-09-2020 22:01:46.133,,45.3737437373429,,,0.306250245944444,14.1667508155,,,-2.93525106200319,81,
16-09-2020 22:01:46.180,,,,,,,2939,,,,
16-09-2020 22:01:46.231,,,,0.5,,,,149,,,
16-09-2020 22:01:46.277,,45.5657613156912,,,0.309367017611111,14.1698675871667,,,-3.91991304064911,78,
16-09-2020 22:01:46.323,,,,,,,2833,,,,
16-09-2020 22:01:46.369,,,,0.48,,,,147,,,
16-09-2020 22:01:46.413,,45.734574210148,,,0.312245114388889,14.1727456839444,,,-3.99662501004402,76,
16-09-2020 22:01:46.459,,,,,,,2728,,,,
16-09-2020 22:01:46.504,,,,0.47,,,,146,,,
16-09-2020 22:01:46.549,,45.8898903147998,,,0.315036417,14.1755369865556,,,-4.51242197571162,74,
16-09-2020 22:01:46.615,,,,,,,2635,,,,
16-09-2020 22:01:46.708,,,,0.46,,,,145,,,
16-09-2020 22:01:46.753,,46.087500162731,,,0.319007777555555,14.1795083471111,,,-4.9264107982052,70,
16-09-2020 22:01:46.799,,,,,,,2467,,,,
16-09-2020 22:01:46.844,,,,0.45,,,,144,,,
16-09-2020 22:01:46.890,,46.1902942037166,,,0.321466770888889,14.1819673404444,,,-5.89531142254681,65,
16-09-2020 22:01:46.935,,,,,,,2327,,,,
16-09-2020 22:01:46.983,,,,0.45,,,,144,,,
16-09-2020 22:01:47.028,,46.2828203265673,,,0.323893562388889,14.1843941319444,,,-5.87277961948147,63,
16-09-2020 22:01:47.073,,,,,,,2243,,,,
16-09-2020 22:01:47.119,,,,0.43,,,,142,,,
16-09-2020 22:01:47.164,,46.3565374824628,,,0.326162350722222,14.1866629202778,,,-6.32236442845573,60,
16-09-2020 22:01:47.213,,,,,,,2176,,,,
16-09-2020 22:01:47.257,,,,0.41,,,,140,,,
16-09-2020 22:01:47.301,,46.4192211760236,,,0.328371343555555,14.1888719131111,,,-6.08135564607045,58,
16-09-2020 22:01:47.348,,,,,,,2110,,,,
16-09-2020 22:01:47.393,,,,0.39,,,,138,,,
16-09-2020 22:01:47.437,,46.4751800402682,,,0.330515203805555,14.1910157733611,,,-4.05992489747928,57,
16-09-2020 22:01:47.484,,,,,,,2042,,,,
16-09-2020 22:01:47.533,,,,0.37,,,,136,,,
16-09-2020 22:01:47.683,,46.5469397541355,,,0.334212477305555,14.1947130468611,,,-3.81599981561089,54,
16-09-2020 22:01:47.887,,,,,,,1917,,,,
16-09-2020 22:01:48.093,,,,0.33,,,,132,,,
16-09-2020 22:01:48.294,,46.5804563463362,,,0.342355181305555,14.2028557508611,,,-2.95105669519955,48,
16-09-2020 22:01:48.462,,,,,,,1698,,,,
16-09-2020 22:01:48.514,,,,0.29,,,,128,,,
16-09-2020 22:01:48.563,,46.5545124442654,,,0.345641519305555,14.2061420888611,,,-3.08278280337434,44,
16-09-2020 22:01:48.609,,,,,,,1638,,,,
16-09-2020 22:01:48.652,,,,0.28,,,,127,,,
16-09-2020 22:01:48.699,,46.5415982868362,,,0.347301083194444,14.20780165275,,,-2.86172153612669,44,
16-09-2020 22:01:48.743,,,,,,,1601,,,,
16-09-2020 22:01:48.790,,,,0.27,,,,126,,,
16-09-2020 22:01:48.840,,46.5230657074821,,,0.348989131805555,14.2094897013611,,,-2.6416421884897,43,
16-09-2020 22:01:48.910,,,,,,,1553,,,,
16-09-2020 22:01:48.956,,,,0.26,,,,125,,,
16-09-2020 22:01:49.003,,46.4899540162091,,,0.350844009388889,14.2113445789444,,,-2.74227974992352,41,
16-09-2020 22:01:49.049,,,,,,,1511,,,,
16-09-2020 22:01:49.095,,,,0.25,,,,124,,,
16-09-2020 22:01:49.142,,46.456966090788,,,0.352386156055556,14.2128867256111,,,-1.91975817804505,40,
16-09-2020 22:01:49.210,,,,,,,1465,,,,
16-09-2020 22:01:49.258,,,,0.24,,,,123,,,
16-09-2020 22:01:49.308,,46.4119565365681,,,0.354182568638889,14.2146831381944,,,-2.28140215925771,39,
16-09-2020 22:01:49.353,,,,,,,1441,,,,
16-09-2020 22:01:49.400,,,,0.23,,,,122,,,
16-09-2020 22:01:49.446,,46.3746900155203,,,0.355686435722222,14.2161870052778,,,-1.83258587653187,39,
16-09-2020 22:01:49.493,,,,,,,1417,,,,
16-09-2020 22:01:49.540,,,,0.22,,,,121,,,
16-09-2020 22:01:49.591,,46.3310916170418,,,0.357211506611111,14.2177120761667,,,-1.41755226827075,38,
16-09-2020 22:01:49.639,,,,,,,1382,,,,
16-09-2020 22:01:49.686,,,,0.21,,,,120,,,
16-09-2020 22:01:49.731,,46.2842745058995,,,0.3586500625,14.2191506320556,,,-1.41458362155475,37,
16-09-2020 22:01:49.780,,,,,,,1360,,,,
16-09-2020 22:01:49.826,,,,0.2,,,,119,,,
16-09-2020 22:01:49.874,,46.231732522492,,,0.3600825485,14.2205831180556,,,-1.4708804213637,36,
16-09-2020 22:01:49.921,,,,,,,1337,,,,
16-09-2020 22:01:50.033,,,,0.19,,,,118,,,
16-09-2020 22:01:50.077,,46.1508688649071,,,0.362059354333333,14.2225599238889,,,-1.76093060251737,35,
16-09-2020 22:01:50.125,,,,,,,1287,,,,
16-09-2020 22:01:50.171,,,,0.18,,,,117,,,
16-09-2020 22:01:50.217,,46.0909593141266,,,0.363380892777778,14.2238814623333,,,-1.77356180853148,34,
16-09-2020 22:01:50.263,,,,,,,1269,,,,
16-09-2020 22:01:50.310,,,,0.18,,,,117,,,
16-09-2020 22:01:50.357,,46.026918211581,,,0.364659890277778,14.2251604598333,,,-1.77494581622907,33,
16-09-2020 22:01:50.450,,,,,,,1239,,,,
16-09-2020 22:01:50.499,,,,0.17,,,,116,,,
16-09-2020 22:01:50.545,,45.9414259720609,,,0.366387133194444,14.22688770275,,,-1.24150635839964,33,
16-09-2020 22:01:50.593,,,,,,,1208,,,,
16-09-2020 22:01:50.639,,,,0.16,,,,115,,,
16-09-2020 22:01:50.682,,45.8751152546215,,,0.367606750083333,14.2281073196389,,,-1.37710955281066,32,
16-09-2020 22:01:50.731,,,,,,,1089,,,,
16-09-2020 22:01:50.781,,,,0.16,,,,115,,,
16-09-2020 22:01:50.826,,45.8013122809991,,,0.368845374888889,14.2293459444444,,,-1.36823088294128,31,
16-09-2020 22:01:50.872,,,,,,,949,,,,
16-09-2020 22:01:50.918,,,,0.15,,,,114,,,
16-09-2020 22:01:50.965,,45.7263020725098,,,0.369997704888889,14.2304982744444,,,-1.37108151074097,30,
16-09-2020 22:01:51.011,,,,,,,923,,,,
16-09-2020 22:01:51.055,,,,0.14,,,,113,,,
16-09-2020 22:01:51.102,,45.6525603740144,,,0.371141315722222,14.2316418852778,,,-1.49731522396452,30,
16-09-2020 22:01:51.149,,,,,,,911,,,,
16-09-2020 22:01:51.194,,,,0.13,,,,112,,,
16-09-2020 22:01:51.239,,45.5749685236479,,,0.372244945361111,14.2327455149167,,,-1.49783760181102,29,
16-09-2020 22:01:51.285,,,,,,,903,,,,
16-09-2020 22:01:51.331,,,,0.12,,,,111,,,
16-09-2020 22:01:51.402,,45.4780254726564,,,0.373513434805555,14.2340140043611,,,-1.44776666356265,28,
16-09-2020 22:01:51.452,,,,,,,899,,,,
16-09-2020 22:01:51.502,,,,0.11,,,,110,,,
16-09-2020 22:01:51.550,,45.3910228458515,,,0.374663866138889,14.2351644356944,,,-0.949273302808501,28,
16-09-2020 22:01:51.596,,,,,,,900,,,,
16-09-2020 22:01:51.646,,,,0.1,,,,109,,,
16-09-2020 22:01:51.868,,45.2069696672264,,,0.377135836805555,14.2376364063611,,,-0.725514418017437,28,
16-09-2020 22:01:52.071,,,,,,,1215,,,,
16-09-2020 22:01:52.339,,,,0.08,,,,107,,,
16-09-2020 22:01:52.540,,44.7862482856395,,,0.381993456527778,14.2424940260833,,,-0.640349284408394,26,
16-09-2020 22:01:52.596,,,,,,,1479,,,,
16-09-2020 22:01:52.643,,,,0.11,,,,110,,,
16-09-2020 22:01:52.690,,44.6904460827127,,,0.383030911388889,14.2435314809444,,,-0.647154140959439,25,
16-09-2020 22:01:52.739,,,,,,,1460,,,,
16-09-2020 22:01:52.790,,,,0.12,,,,111,,,
16-09-2020 22:01:52.839,,44.5956357083991,,,0.3840676475,14.2445682170556,,,-0.646439472152693,25,
16-09-2020 22:01:52.886,,,,,,,1441,,,,
16-09-2020 22:01:52.933,,,,0.13,,,,112,,,
16-09-2020 22:01:52.981,,44.5015756727427,,,0.3850159115,14.2455164810556,,,-0.997851565707937,24,
16-09-2020 22:01:53.046,,,,,,,1417,,,,
16-09-2020 22:01:53.093,,,,0.13,,,,112,,,
16-09-2020 22:01:53.140,,44.3974310489863,,,0.386076062166666,14.2465766317222,,,-0.925972533210098,24,
16-09-2020 22:01:53.188,,,,,,,1407,,,,
16-09-2020 22:01:53.262,,,,0.14,,,,113,,,
16-09-2020 22:01:53.311,,44.2869280292044,,,0.387212868166666,14.2477134377222,,,-0.447249881943921,24,
16-09-2020 22:01:53.358,,,,,,,1390,,,,
16-09-2020 22:01:53.408,,,,0.14,,,,113,,,
16-09-2020 22:01:53.453,,44.1958343665473,,,0.388159308166666,14.2486598777222,,,-0.45262043514639,24,
16-09-2020 22:01:53.598,,,,,,,1376,,,,
16-09-2020 22:01:53.643,,,,0.14,,,,113,,,
16-09-2020 22:01:53.692,,44.0365970121842,,,0.389688383944444,14.2501889535,,,-0.390712092167295,23,
16-09-2020 22:01:53.741,,,,,,,1354,,,,
16-09-2020 22:01:53.789,,,,0.14,,,,113,,,
16-09-2020 22:01:53.836,,43.9417414354619,,,0.390610298055555,14.2511108676111,,,-0.399014332451177,23,
16-09-2020 22:01:53.882,,,,,,,1337,,,,
16-09-2020 22:01:53.930,,,,0.14,,,,113,,,
16-09-2020 22:01:53.979,,43.8488139908796,,,0.391521576583333,14.2520221461389,,,-0.415665867956388,23,
16-09-2020 22:01:54.024,,,,,,,1328,,,,
16-09-2020 22:01:54.071,,,,0.14,,,,113,,,
16-09-2020 22:01:54.117,,43.7557004305616,,,0.392362293138889,14.2528628626944,,,-0.836853978018859,22,
16-09-2020 22:01:54.164,,,,,,,1317,,,,
16-09-2020 22:01:54.212,,,,0.14,,,,113,,,
16-09-2020 22:01:54.258,,43.6605410211507,,,0.393228950138889,14.2537295196944,,,-0.490507492982653,22,
16-09-2020 22:01:54.329,,,,,,,1306,,,,
16-09-2020 22:01:54.379,,,,0.13,,,,112,,,
16-09-2020 22:01:54.428,,43.5478359215267,,,0.394265312694444,14.25476588225,,,-0.469559332465437,22,
16-09-2020 22:01:54.474,,,,,,,1305,,,,
16-09-2020 22:01:54.522,,,,0.14,,,,113,,,
16-09-2020 22:01:54.567,,43.45659334661,,,0.395112323694444,14.25561289325,,,-0.472759404550831,22,
16-09-2020 22:01:54.614,,,,,,,1320,,,,
16-09-2020 22:01:54.663,,,,0.14,,,,113,,,
16-09-2020 22:01:54.709,,43.363386503961,,,0.395985001972222,14.2564855715278,,,0,22,
16-09-2020 22:01:54.759,,,,,,,1332,,,,
16-09-2020 22:01:54.808,,,,0.15,,,,114,,,
16-09-2020 22:01:54.855,,43.2690748049704,,,0.396875831472222,14.2573764010278,,,0,22,
16-09-2020 22:01:54.900,,,,,,,1309,,,,
16-09-2020 22:01:54.945,,,,0.15,,,,114,,,
16-09-2020 22:01:54.993,,43.1803603031929,,,0.397720990805555,14.2582215603611,,,0,22,
16-09-2020 22:01:55.043,,,,,,,1319,,,,
16-09-2020 22:01:55.090,,,,0.16,,,,115,,,
16-09-2020 22:01:55.135,,43.0903638739111,,,0.398585693472222,14.2590862630278,,,0,22,
16-09-2020 22:01:55.182,,,,,,,1324,,,,
16-09-2020 22:01:55.226,,,,0.16,,,,115,,,
16-09-2020 22:01:55.270,,43.0092993028098,,,0.399447596111111,14.2599481656667,,,0.495614102647747,23,
16-09-2020 22:01:55.317,,,,,,,1335,,,,
16-09-2020 22:01:55.364,,,,0.16,,,,115,,,
16-09-2020 22:01:55.408,,42.9272500189567,,,0.400327164666666,14.2608277342222,,,0.502861412179267,23,
16-09-2020 22:01:55.454,,,,,,,1323,,,,
16-09-2020 22:01:55.499,,,,0.17,,,,116,,,
16-09-2020 22:01:55.545,,42.8456958695751,,,0.40120858025,14.2617091498056,,,0.503124635423311,23,
16-09-2020 22:01:55.608,,,,,,,1265,,,,
16-09-2020 22:01:55.656,,,,0.16,,,,115,,,
16-09-2020 22:01:55.702,,42.7491253444922,,,0.402167378138889,14.2626679476944,,,0,22,
16-09-2020 22:01:55.749,,,,,,,1340,,,,
16-09-2020 22:01:55.962,,,,0.15,,,,114,,,
16-09-2020 22:01:56.167,,42.4683307885703,,,0.405006457361111,14.2655070269167,,,-0.309697873001202,22,
16-09-2020 22:01:56.436,,,,,,,1288,,,,
16-09-2020 22:01:56.621,,,,0.13,,,,112,,,
16-09-2020 22:01:56.670,,42.1585165950486,,,0.407939047861111,14.2684396174167,,,-0.44018106196516,21,
16-09-2020 22:01:56.721,,,,,,,1261,,,,
16-09-2020 22:01:56.769,,,,0.13,,,,112,,,
16-09-2020 22:01:56.816,,42.0702360067112,,,0.408790443861111,14.2692910134167,,,-0.437388114480111,21,
16-09-2020 22:01:57.599,,,99,,,,,,,,
16-09-2020 22:01:57.728,19,,,,,,,,,,
16-09-2020 22:01:57.777,,,,,,,1282,,,,
16-09-2020 22:01:57.827,,,,0.17,,,,116,,,
16-09-2020 22:01:57.870,,41.4831649839685,,,0.415231807972222,14.2757323775278,,,,22,
16-09-2020 22:01:57.915,,,,,,,1271,,,,
16-09-2020 22:01:58.020,,,,0.16,,,,115,,,
16-09-2020 22:01:58.066,,41.3776947441447,,,0.41643041625,14.2769309858056,,,,22,
16-09-2020 22:01:58.134,,,,,,,1331,,,,
16-09-2020 22:01:58.184,,,,0.15,,,,114,,,
16-09-2020 22:01:58.233,,41.2885787031507,,,0.417453408305555,14.2779539778611,,,0.177648120231338,22,
16-09-2020 22:01:58.278,,,,,,,1341,,,,
16-09-2020 22:01:58.325,,,,0.16,,,,115,,,
16-09-2020 22:01:58.370,,41.2163890222291,,,0.418288916972222,14.2787894865278,,,0.17871627555968,22,
16-09-2020 22:01:58.416,,,,,,,1326,,,,
16-09-2020 22:01:58.463,,,,0.18,,,,117,,,
16-09-2020 22:01:58.509,,41.1475598138071,,,0.419174307722222,14.2796748772778,,,0.43474776082731,23,
16-09-2020 22:01:58.553,,,,,,,1364,,,,
16-09-2020 22:01:58.603,,,,0.19,,,,118,,,
16-09-2020 22:01:58.651,,41.0774398875883,,,0.420083045388889,14.2805836149444,,,0.474903704250793,23,
16-09-2020 22:01:58.698,,,,,,,1417,,,,
16-09-2020 22:01:58.744,,,,0.21,,,,120,,,
16-09-2020 22:01:58.790,,41.0132901623307,,,0.421008488055555,14.2815090576111,,,0.998668614949294,24,
16-09-2020 22:01:58.836,,,,,,,1438,,,,
16-09-2020 22:01:58.884,,,,0.25,,,,124,,,
16-09-2020 22:01:58.930,,40.9488457777186,,,0.421945204722222,14.2824457742778,,,0.991820673109415,24,
16-09-2020 22:01:58.978,,,,,,,1481,,,,
16-09-2020 22:01:59.047,,,,0.3,,,,129,,,
16-09-2020 22:01:59.115,,40.8698223979889,,,0.423227928333333,14.2837284978889,,,0.916473267895309,25,
16-09-2020 22:01:59.162,,,,,,,1554,,,,
16-09-2020 22:01:59.209,,,,0.37,,,,136,,,
16-09-2020 22:01:59.253,,40.8185603722027,,,0.424265275083333,14.2847658446389,,,1.84439526917778,27,
16-09-2020 22:01:59.302,,,,,,,1625,,,,
16-09-2020 22:01:59.349,,,,0.44,,,,143,,,
16-09-2020 22:01:59.411,,40.7645284841905,,,0.425496995861111,14.2859975654167,,,1.7870650835343,28,
16-09-2020 22:01:59.462,,,,,,,1697,,,,
16-09-2020 22:01:59.509,,,,0.56,,,,155,,,
16-09-2020 22:01:59.555,,40.7158365487122,,,0.42661615275,14.2871167223056,,,1.77709736273953,28,
16-09-2020 22:01:59.624,,,,,,,1772,,,,
16-09-2020 22:01:59.671,,,,0.7,,,,169,,,
16-09-2020 22:01:59.713,,40.6713448715608,,,0.427926763583333,14.2884273331389,,,2.32325869855471,30,
16-09-2020 22:01:59.759,,,,,,,1870,,,,
16-09-2020 22:01:59.806,,,,0.84,,,,183,,,
16-09-2020 22:01:59.848,,40.6369443336143,,,0.429091047805555,14.2895916173611,,,1.86836257189973,31,
16-09-2020 22:02:00.126,,,,,,,2021,,,,
16-09-2020 22:02:00.327,,,,1.56,,,,255,,,
16-09-2020 22:02:00.529,,40.6609339949274,,,0.437038388138889,14.2975389576944,,,3.47986518684107,42,
16-09-2020 22:02:00.732,,,,,,,2826,,,,
16-09-2020 22:02:00.777,,,,1.56,,,,255,,,
16-09-2020 22:02:00.823,,40.7238543091054,,,0.441042091027777,14.3015426605833,,,4.60069890137151,49,
16-09-2020 22:02:00.874,,,,,,,3009,,,,
16-09-2020 22:02:00.917,,,,1.56,,,,255,,,
16-09-2020 22:02:00.963,,40.7640902532086,,,0.443058818583333,14.3035593881389,,,4.88787729380416,52,
16-09-2020 22:02:01.010,,,,,,,3141,,,,
16-09-2020 22:02:01.059,,,,1.56,,,,255,,,
16-09-2020 22:02:01.107,,40.8128221456403,,,0.445227914583333,14.3057284841389,,,5.07239695438819,54,
16-09-2020 22:02:01.156,,,,,,,3223,,,,
16-09-2020 22:02:01.200,,,,1.56,,,,255,,,
16-09-2020 22:02:01.244,,40.862113170796,,,0.447319805972222,14.3078203755278,,,5.04710125718168,55,
16-09-2020 22:02:01.291,,,,,,,3305,,,,
16-09-2020 22:02:01.339,,,,1.56,,,,255,,,
16-09-2020 22:02:01.385,,40.9267790187437,,,0.449630798277777,14.3101313678333,,,4.94165301337356,59,
16-09-2020 22:02:01.507,,,,,,,3432,,,,
16-09-2020 22:02:01.554,,,,1.56,,,,255,,,
16-09-2020 22:02:01.605,,41.0319361075534,,,0.453285169944444,14.3137857395,,,3.46255789851267,60,
16-09-2020 22:02:01.654,,,,,,,3562,,,,
16-09-2020 22:02:01.722,,,,1.56,,,,255,,,
16-09-2020 22:02:01.768,,41.1178779614716,,,0.456104127388889,14.3166046969444,,,3.36257139600733,62,
16-09-2020 22:02:01.813,,,,,,,3700,,,,
16-09-2020 22:02:01.861,,,,1.56,,,,255,,,
16-09-2020 22:02:01.912,,41.1999082646545,,,0.458658298055555,14.3191588676111,,,3.7446339395646,64,
16-09-2020 22:02:01.982,,,,,,,3816,,,,
16-09-2020 22:02:02.029,,,,1.53,,,,252,,,
16-09-2020 22:02:02.076,,41.3008254899467,,,0.461660407055555,14.3221609766111,,,2.81654265912174,66,
16-09-2020 22:02:02.124,,,,,,,3940,,,,
16-09-2020 22:02:02.174,,,,1.48,,,,247,,,
16-09-2020 22:02:02.220,,41.3960023758775,,,0.464379691166666,14.3248802607222,,,3.61309040719981,68,
16-09-2020 22:02:02.269,,,,,,,4048,,,,
16-09-2020 22:02:02.316,,,,1.42,,,,241,,,
16-09-2020 22:02:02.361,,41.49615198955,,,0.467138828666666,14.3276393982222,,,3.74964624431214,70,
16-09-2020 22:02:02.411,,,,,,,4146,,,,
16-09-2020 22:02:02.462,,,,1.36,,,,235,,,
16-09-2020 22:02:02.512,,41.6049789660185,,,0.470097875944444,14.3305984455,,,3.24258306835408,71,
16-09-2020 22:02:02.559,,,,,,,4242,,,,
16-09-2020 22:02:02.607,,,,1.29,,,,228,,,
16-09-2020 22:02:02.652,,41.712919746076,,,0.472943557888889,14.3334441274444,,,3.3742479211114,73,
16-09-2020 22:02:02.700,,,,,,,4329,,,,
16-09-2020 22:02:02.746,,,,1.22,,,,221,,,
16-09-2020 22:02:02.793,,41.8273795754572,,,0.475877639138889,14.3363782086944,,,3.39275718461409,75,
16-09-2020 22:02:02.840,,,,,,,4411,,,,
16-09-2020 22:02:02.909,,,,1.14,,,,213,,,
16-09-2020 22:02:02.953,,41.960689026404,,,0.479264053472222,14.3397646230278,,,2.81455177306066,76,
16-09-2020 22:02:03.001,,,,,,,4499,,,,
16-09-2020 22:02:03.049,,,,1.08,,,,207,,,
16-09-2020 22:02:03.097,,42.0859350955088,,,0.482370903972222,14.3428714735278,,,3.32386790721014,78,
16-09-2020 22:02:03.144,,,,,,,4576,,,,
16-09-2020 22:02:03.193,,,,1.03,,,,202,,,
16-09-2020 22:02:03.253,,42.2251698573127,,,0.485799185777777,14.3462997553333,,,2.77389432572177,79,
16-09-2020 22:02:03.300,,,,,,,4628,,,,
16-09-2020 22:02:03.349,,,,0.97,,,,196,,,
16-09-2020 22:02:03.396,,42.3555801228163,,,0.488987699111111,14.3494882686667,,,2.30127640571996,80,
16-09-2020 22:02:03.442,,,,,,,4527,,,,
16-09-2020 22:02:03.489,,,,0.68,,,,167,,,
16-09-2020 22:02:03.536,,42.4784120845504,,,0.492055203277777,14.3525557728333,,,,79,
16-09-2020 22:02:03.587,,,,,,,4311,,,,
16-09-2020 22:02:03.631,,,,0.46,,,,145,,,
16-09-2020 22:02:03.683,,42.6100817465329,,,0.495318541055555,14.3558191106111,,,,80,
16-09-2020 22:02:03.733,,,,,,,4118,,,,
16-09-2020 22:02:03.778,,,,0.38,,,,137,,,
16-09-2020 22:02:03.823,,42.7349593166071,,,0.4984349055,14.3589354750556,,,,80,
16-09-2020 22:02:03.870,,,,,,,4034,,,,
16-09-2020 22:02:03.916,,,,0.57,,,,156,,,
16-09-2020 22:02:04.067,,42.961955105276,,,0.503996364166666,14.3644969337222,,,,82,
16-09-2020 22:02:04.272,,,,,,,3119,,,,
16-09-2020 22:02:04.472,,,,1.56,,,,255,,,
16-09-2020 22:02:04.675,,43.5867982530479,,,0.51868603625,14.3791866058056,,,1.95105914465079,87,
16-09-2020 22:02:04.836,,,,,,,3358,,,,
16-09-2020 22:02:04.883,,,,1.56,,,,255,,,
16-09-2020 22:02:04.931,,43.86214227698,,,0.52507747125,14.3855780408056,,,2.22591706647921,90,
16-09-2020 22:02:04.982,,,,,,,3427,,,,
16-09-2020 22:02:05.026,,,,1.56,,,,255,,,
16-09-2020 22:02:05.097,,44.0467591710603,,,0.529317610694444,14.38981818025,,,2.61731252779259,92,
16-09-2020 22:02:05.166,,,,,,,3489,,,,
16-09-2020 22:02:05.214,,,,1.56,,,,255,,,
16-09-2020 22:02:05.261,,44.2351496473049,,,0.533593905694444,14.39409447525,,,2.79327954817698,94,
16-09-2020 22:02:05.333,,,,,,,3543,,,,
16-09-2020 22:02:05.382,,,,1.56,,,,255,,,
16-09-2020 22:02:05.428,,44.4304399879157,,,0.538019327638888,14.3985198971944,,,2.95031829213863,95,
16-09-2020 22:02:05.476,,,,,,,3601,,,,
16-09-2020 22:02:05.522,,,,1.56,,,,255,,,
16-09-2020 22:02:05.567,,44.5975478488277,,,0.541765066166666,14.4022656357222,,,3.05535215639772,97,
16-09-2020 22:02:05.615,,,,,,,3639,,,,
16-09-2020 22:02:05.659,,,,1.56,,,,255,,,
16-09-2020 22:02:05.702,,44.7619040363404,,,0.545440373777777,14.4059409433333,,,2.75240246201299,98,
16-09-2020 22:02:05.749,,,,,,,3689,,,,
16-09-2020 22:02:05.812,,,,1.56,,,,255,,,
16-09-2020 22:02:05.858,,44.9578328602979,,,0.549777898777777,14.4102784683333,,,2.78742179260991,100,
16-09-2020 22:02:05.905,,,,,,,3740,,,,
16-09-2020 22:02:05.952,,,,1.56,,,,255,,,
16-09-2020 22:02:06.001,,45.1358740315828,,,0.553746296,14.4142468655556,,,2.42372996840503,100,
16-09-2020 22:02:06.049,,,,,,,3778,,,,
16-09-2020 22:02:06.096,,,,1.56,,,,255,,,
16-09-2020 22:02:06.142,,45.3136371028942,,,0.557701817916666,14.4182023874722,,,1.93273420119284,101,
16-09-2020 22:02:06.192,,,,,,,3823,,,,
16-09-2020 22:02:06.241,,,,1.56,,,,255,,,
16-09-2020 22:02:06.288,,45.5026585148681,,,0.561869300916666,14.4223698704722,,,2.37140078511578,103,
16-09-2020 22:02:06.340,,,,,,,3879,,,,
16-09-2020 22:02:06.417,,,,1.56,,,,255,,,
16-09-2020 22:02:06.471,,45.7462126340844,,,0.56719863425,14.4276992038056,,,2.26857223830912,105,
16-09-2020 22:02:06.610,,,,,,,3934,,,,
16-09-2020 22:02:06.706,,,,1.54,,,,253,,,
16-09-2020 22:02:06.809,,46.2070005841503,,,0.577254318888888,14.4377548884444,,,2.40765275868853,107,
16-09-2020 22:02:06.922,,,,,,,4034,,,,
16-09-2020 22:02:07.007,,,,1.49,,,,248,,,
16-09-2020 22:02:07.035,,46.5203768213429,,,0.584084213472222,14.4445847830278,,,2.49013901836055,109,
16-09-2020 22:02:07.160,,,,,,,4099,,,,
16-09-2020 22:02:07.265,,,,1.46,,,,245,,,
16-09-2020 22:02:07.374,,47.000420131061,,,0.594537647722222,14.4550382172778,,,2.04693423699749,111,
16-09-2020 22:02:07.460,,,,,,,4180,,,,
16-09-2020 22:02:07.548,,,,1.42,,,,241,,,
16-09-2020 22:02:07.608,,47.3383855258599,,,0.601894920777777,14.4623954903333,,,1.9539099413404,113,
16-09-2020 22:02:07.658,,,,,,,4236,,,,
16-09-2020 22:02:07.704,,,,1.4,,,,239,,,
16-09-2020 22:02:07.757,,47.5520010780091,,,0.606584323472222,14.4670848930278,,,1.75713189966833,113,
16-09-2020 22:02:07.809,,,,,,,4269,,,,
16-09-2020 22:02:07.857,,,,1.38,,,,237,,,
16-09-2020 22:02:07.910,,47.7752427757582,,,0.611455902361111,14.4719564719167,,,1.90404206805777,115,
16-09-2020 22:02:07.955,,,,,,,4307,,,,
16-09-2020 22:02:07.999,,,,1.36,,,,235,,,
16-09-2020 22:02:08.091,,48.041955015414,,,0.61728259525,14.4777831648056,,,1.93666756218175,116,
16-09-2020 22:02:08.203,,,,,,,4345,,,,
16-09-2020 22:02:08.249,,,,1.33,,,,232,,,
16-09-2020 22:02:08.319,,48.3807389594496,,,0.6247046885,14.4852052580556,,,1.56245673947903,117,
16-09-2020 22:02:08.415,,,,,,,4412,,,,
16-09-2020 22:02:08.462,,,,1.3,,,,229,,,
16-09-2020 22:02:08.507,,48.6656293253659,,,0.630928583527777,14.4914291530833,,,2.22222933335609,119,
16-09-2020 22:02:08.553,,,,,,,4443,,,,
16-09-2020 22:02:08.702,,,,1.29,,,,228,,,
16-09-2020 22:02:08.904,,49.2662987553829,,,0.644139840194444,14.50464040975,,,1.39740326699469,120,
16-09-2020 22:02:09.109,,,,,,,4538,,,,
16-09-2020 22:02:09.315,,,,1.14,,,,213,,,
16-09-2020 22:02:09.445,,50.0925133364814,,,0.662467615527777,14.5229681850833,,,1.23103410385481,122,
16-09-2020 22:02:09.491,,,,,,,3888,,,,
16-09-2020 22:02:09.535,,,,0.59,,,,158,,,
16-09-2020 22:02:09.579,,50.2921352638934,,,0.666985419416666,14.5274859889722,,,,121,
16-09-2020 22:02:09.648,,,,,,,4058,,,,
16-09-2020 22:02:09.694,,,,0.7,,,,169,,,
16-09-2020 22:02:09.737,,50.5294247247252,,,0.672357503027777,14.5328580725833,,,,122,
16-09-2020 22:02:09.808,,,,,,,3077,,,,
16-09-2020 22:02:09.856,,,,1.19,,,,218,,,
16-09-2020 22:02:09.905,,50.7782667183428,,,0.678029127138888,14.5385296966944,,,,122,
16-09-2020 22:02:09.948,,,,,,,3184,,,,
16-09-2020 22:02:09.990,,,,1.54,,,,253,,,
16-09-2020 22:02:10.032,,50.968431960566,,,0.682365150472222,14.5428657200278,,,,123,
16-09-2020 22:02:10.078,,,,,,,3212,,,,
16-09-2020 22:02:10.125,,,,1.56,,,,255,,,
16-09-2020 22:02:10.176,,51.1886098664447,,,0.687357122694444,14.54785769225,,,1.86246386051844,125,
16-09-2020 22:02:10.220,,,,,,,3218,,,,
16-09-2020 22:02:10.266,,,,1.56,,,,255,,,
16-09-2020 22:02:10.311,,51.3940951729556,,,0.692042994222222,14.5525435637778,,,1.45400860284546,125,
16-09-2020 22:02:10.358,,,,,,,3249,,,,
16-09-2020 22:02:10.406,,,,1.56,,,,255,,,
16-09-2020 22:02:10.452,,51.6111150968051,,,0.696992816722222,14.5574933862778,,,2.03140986243394,126,
16-09-2020 22:02:10.500,,,,,,,3267,,,,
16-09-2020 22:02:10.545,,,,1.56,,,,255,,,
16-09-2020 22:02:10.593,,51.829701185628,,,0.701980043222222,14.5624806127778,,,1.97873316951401,127,
16-09-2020 22:02:10.640,,,,,,,3283,,,,
16-09-2020 22:02:10.686,,,,1.56,,,,255,,,
16-09-2020 22:02:10.733,,52.0468577067235,,,0.706936661888888,14.5674372314444,,,1.49573792469833,128,
16-09-2020 22:02:10.780,,,,,,,3309,,,,
16-09-2020 22:02:10.827,,,,1.56,,,,255,,,
16-09-2020 22:02:10.873,,52.2674000185659,,,0.711972721555555,14.5724732911111,,,1.97548072829653,129,
16-09-2020 22:02:10.967,,,,,,,3333,,,,
16-09-2020 22:02:11.038,,,,1.56,,,,255,,,
16-09-2020 22:02:11.082,,52.5962412667779,,,0.719495926277777,14.5799964958333,,,1.76461768260912,130,
16-09-2020 22:02:11.154,,,,,,,3359,,,,
16-09-2020 22:02:11.203,,,,1.56,,,,255,,,
16-09-2020 22:02:11.245,,52.852491166145,,,0.725402891555555,14.5859034611111,,,1.27834565300606,130,
16-09-2020 22:02:11.290,,,,,,,3377,,,,
16-09-2020 22:02:11.334,,,,1.56,,,,255,,,
16-09-2020 22:02:11.380,,53.0680171398806,,,0.730349800555555,14.5908503701111,,,1.7165165384137,132,
16-09-2020 22:02:11.430,,,,,,,3403,,,,
16-09-2020 22:02:11.518,,,,1.56,,,,255,,,
16-09-2020 22:02:11.562,,53.3602860423634,,,0.737067113333333,14.5975676828889,,,1.61290928722361,133,
16-09-2020 22:02:11.608,,,,,,,3427,,,,
16-09-2020 22:02:11.659,,,,1.56,,,,255,,,
16-09-2020 22:02:11.704,,53.5864440659602,,,0.742298997138888,14.6027995666944,,,1.33981266739284,133,
16-09-2020 22:02:11.773,,,,,,,3447,,,,
16-09-2020 22:02:11.817,,,,1.56,,,,255,,,
16-09-2020 22:02:11.864,,53.8436390179544,,,0.748255051472222,14.6087556210278,,,1.79700050785031,134,
16-09-2020 22:02:11.912,,,,,,,3473,,,,
16-09-2020 22:02:11.958,,,,1.56,,,,255,,,
16-09-2020 22:02:12.030,,54.1127289423479,,,0.754496217722222,14.6149967872778,,,1.28216845252217,135,
16-09-2020 22:02:12.078,,,,,,,3491,,,,
16-09-2020 22:02:12.323,,,,1.56,,,,255,,,
16-09-2020 22:02:12.524,,54.9214504574304,,,0.773317559333333,14.6338181288889,,,1.15423830186984,137,
16-09-2020 22:02:12.726,,,,,,,3571,,,,
16-09-2020 22:02:12.931,,,,1.56,,,,255,,,
16-09-2020 22:02:13.027,,55.7563515600586,,,0.792853886555555,14.6533544561111,,,1.46938605524086,140,
16-09-2020 22:02:13.074,,,,,,,3623,,,,
16-09-2020 22:02:13.119,,,,1.56,,,,255,,,
16-09-2020 22:02:13.165,,55.98522560208,,,0.798251750388888,14.6587523199444,,,1.49440567102188,141,
16-09-2020 22:02:13.213,,,,,,,3643,,,,
16-09-2020 22:02:13.284,,,,1.56,,,,255,,,
16-09-2020 22:02:13.330,,56.261465483097,,,0.804774977944444,14.6652755475,,,1.49561271411309,142,
16-09-2020 22:02:13.377,,,,,,,3666,,,,
16-09-2020 22:02:13.425,,,,1.56,,,,255,,,
16-09-2020 22:02:13.492,,56.5332102426792,,,0.811203531027777,14.6717041005833,,,1.72280637992415,143,
16-09-2020 22:02:13.539,,,,,,,3685,,,,
16-09-2020 22:02:13.582,,,,1.56,,,,255,,,
16-09-2020 22:02:13.627,,56.759575957415,,,0.816589518777777,14.6770900883333,,,1.38740829300554,143,
16-09-2020 22:02:13.675,,,,,,,3702,,,,
16-09-2020 22:02:13.724,,,,1.56,,,,255,,,
16-09-2020 22:02:13.773,,57.0033314060096,,,0.822394190777777,14.6828947603333,,,1.37071480967981,144,
16-09-2020 22:02:13.820,,,,,,,3718,,,,
16-09-2020 22:02:13.865,,,,1.56,,,,255,,,
16-09-2020 22:02:13.913,,57.2411218547242,,,0.828062518694444,14.68856308825,,,1.42953779612161,145,
16-09-2020 22:02:13.961,,,,,,,3739,,,,
16-09-2020 22:02:14.006,,,,1.56,,,,255,,,
16-09-2020 22:02:14.053,,57.4760571436621,,,0.833692961333333,14.6941935308889,,,0.990000401940163,145,
16-09-2020 22:02:14.099,,,,,,,3755,,,,
16-09-2020 22:02:14.142,,,,1.56,,,,255,,,
16-09-2020 22:02:14.187,,57.7020626265074,,,0.839113474944444,14.6996140445,,,1.48991213272995,146,
16-09-2020 22:02:14.235,,,,,,,3771,,,,
16-09-2020 22:02:14.281,,,,1.56,,,,255,,,
16-09-2020 22:02:14.326,,57.9391883128521,,,0.844805176111111,14.7053057456667,,,1.50540959906968,147,
16-09-2020 22:02:14.377,,,,,,,3784,,,,
16-09-2020 22:02:14.422,,,,1.56,,,,255,,,
16-09-2020 22:02:14.475,,58.1944847278998,,,0.850939829555555,14.7114403991111,,,1.4817391065208,148,
16-09-2020 22:02:14.523,,,,,,,3806,,,,
16-09-2020 22:02:14.569,,,,1.56,,,,255,,,
16-09-2020 22:02:14.617,,58.4350966919052,,,0.856753618999999,14.7172541885556,,,1.47814809329243,148,
16-09-2020 22:02:14.665,,,,,,,3823,,,,
16-09-2020 22:02:14.715,,,,1.56,,,,255,,,
16-09-2020 22:02:14.771,,58.6993625509431,,,0.863146803388888,14.7236473729444,,,1.42568388915616,149,
16-09-2020 22:02:14.823,,,,,,,3835,,,,
16-09-2020 22:02:14.867,,,,1.56,,,,255,,,
16-09-2020 22:02:14.909,,58.9341700135437,,,0.868858743222222,14.7293593127778,,,0.952605222867708,149,
16-09-2020 22:02:15.018,,,,,,,3853,,,,
16-09-2020 22:02:15.062,,,,1.56,,,,255,,,
16-09-2020 22:02:15.111,,59.2792827890506,,,0.877271318222222,14.7377718877778,,,0.873705014086484,150,
16-09-2020 22:02:15.161,,,,,,,3875,,,,
16-09-2020 22:02:15.209,,,,1.56,,,,255,,,
16-09-2020 22:02:15.252,,59.5204736632675,,,0.883163111722222,14.7436636812778,,,1.31260261270925,151,
16-09-2020 22:02:15.298,,,,,,,3893,,,,
16-09-2020 22:02:15.344,,,,1.55,,,,254,,,
16-09-2020 22:02:15.388,,59.7540938613069,,,0.888899727555555,14.7494002971111,,,0.900222327908324,151,
16-09-2020 22:02:15.433,,,,,,,3902,,,,
16-09-2020 22:02:15.480,,,,1.54,,,,253,,,
16-09-2020 22:02:15.525,,59.9896076554433,,,0.894687676444444,14.755188246,,,1.3544046186281,152,
16-09-2020 22:02:15.574,,,,,,,3922,,,,
16-09-2020 22:02:15.623,,,,1.54,,,,253,,,
16-09-2020 22:02:15.671,,60.2403656769211,,,0.900856134944444,14.7613567045,,,1.48971423824773,153,
16-09-2020 22:02:15.722,,,,,,,3937,,,,
16-09-2020 22:02:15.770,,,,1.53,,,,252,,,
16-09-2020 22:02:15.816,,60.489575728342,,,0.907019697444444,14.767520267,,,0.985088188148377,153,
16-09-2020 22:02:15.865,,,,,,,3952,,,,
16-09-2020 22:02:15.935,,,,1.51,,,,250,,,
16-09-2020 22:02:15.984,,60.7807979242539,,,0.914233703388888,14.7747342729444,,,1.39849773373442,154,
16-09-2020 22:02:16.055,,,,,,,3974,,,,
16-09-2020 22:02:16.101,,,,1.51,,,,250,,,
16-09-2020 22:02:16.148,,61.0610012448636,,,0.921217423722222,14.7817179932778,,,0.891871592894438,154,
16-09-2020 22:02:16.197,,,,,,,3985,,,,
16-09-2020 22:02:16.418,,,,1.5,,,,249,,,
16-09-2020 22:02:16.622,,61.8838237482574,,,0.941793940722222,14.8022945102778,,,0.875722782176884,156,
16-09-2020 22:02:16.823,,,,,,,4041,,,,
16-09-2020 22:02:17.029,,,,1.46,,,,245,,,
16-09-2020 22:02:17.130,,62.766361036901,,,0.964076843111111,14.8245774126667,,,1.05660355413034,158,
16-09-2020 22:02:17.179,,,,,,,4083,,,,
16-09-2020 22:02:17.223,,,,1.45,,,,244,,,
16-09-2020 22:02:17.273,,63.015000036545,,,0.970403196944444,14.8309037665,,,1.07743723262264,159,
16-09-2020 22:02:17.336,,,,,,,4094,,,,
16-09-2020 22:02:17.383,,,,1.44,,,,243,,,
16-09-2020 22:02:17.432,,63.2893332512382,,,0.977421205194444,14.83792177475,,,1.08100646475593,159,
16-09-2020 22:02:17.477,,,,,,,4105,,,,
16-09-2020 22:02:17.523,,,,1.44,,,,243,,,
16-09-2020 22:02:17.594,,63.5691424886055,,,0.984591387416666,14.8450919569722,,,1.14389844341503,160,
16-09-2020 22:02:17.643,,,,,,,4126,,,,
16-09-2020 22:02:17.687,,,,1.43,,,,242,,,
16-09-2020 22:02:17.741,,63.822811349095,,,0.991127578527777,14.8516281480833,,,0.909975123646055,160,
16-09-2020 22:02:17.788,,,,,,,4138,,,,
16-09-2020 22:02:17.833,,,,1.43,,,,242,,,
16-09-2020 22:02:17.877,,64.058632086778,,,0.997209617388888,14.8577101869444,,,0.92083157868876,161,
16-09-2020 22:02:17.923,,,,,,,4147,,,,
16-09-2020 22:02:17.970,,,,1.42,,,,241,,,
16-09-2020 22:02:18.014,,64.2979646663906,,,1.00338727588889,14.8638878454444,,,1.43274965404827,162,
16-09-2020 22:02:18.062,,,,,,,4163,,,,
16-09-2020 22:02:18.110,,,,1.41,,,,240,,,
16-09-2020 22:02:18.156,,64.5441694832301,,,1.00977397288889,14.8702745424444,,,0.9878826316403,162,
16-09-2020 22:02:18.225,,,,,,,4176,,,,
16-09-2020 22:02:18.274,,,,1.41,,,,240,,,
16-09-2020 22:02:18.317,,64.8213054619078,,,1.01700183688889,14.8775024064444,,,0.964771987621512,162,
16-09-2020 22:02:18.468,,,,,,,4184,,,,
16-09-2020 22:02:18.514,,,,1.4,,,,239,,,
16-09-2020 22:02:18.562,,65.2463368327558,,,1.02812118977778,14.8886217593333,,,0.810586493048118,163,
16-09-2020 22:02:18.615,,,,,,,4210,,,,
16-09-2020 22:02:18.686,,,,1.39,,,,238,,,
16-09-2020 22:02:18.740,,65.5515236602867,,,1.03616512658333,14.8966656961389,,,0.382773507939297,163,
16-09-2020 22:02:18.788,,,,,,,4210,,,,
16-09-2020 22:02:18.835,,,,1.38,,,,237,,,
16-09-2020 22:02:18.882,,65.7970201927687,,,1.04264564125,14.9031462108056,,,0.765165538896831,164,
16-09-2020 22:02:18.952,,,,,,,4090,,,,
16-09-2020 22:02:18.999,,,,1.18,,,,217,,,
16-09-2020 22:02:19.070,,66.1158720960526,,,1.05114639913889,14.9116469686944,,,,163,
16-09-2020 22:02:19.121,,,,,,,3716,,,,
16-09-2020 22:02:19.170,,,,0.81,,,,180,,,
16-09-2020 22:02:19.240,,66.4002841753395,,,1.05880881463889,14.9193093841944,,,,162,
16-09-2020 22:02:19.289,,,,,,,3811,,,,
16-09-2020 22:02:19.335,,,,0.8,,,,179,,,
16-09-2020 22:02:19.381,,66.636192487287,,,1.06517174602778,14.9256723155833,,,,163,
16-09-2020 22:02:19.428,,,,,,,3589,,,,
16-09-2020 22:02:19.471,,,,1.09,,,,208,,,
16-09-2020 22:02:19.518,,66.8686088187708,,,1.07144453647222,14.9319451060278,,,,164,
16-09-2020 22:02:19.562,,,,,,,3348,,,,
16-09-2020 22:02:19.605,,,,1.52,,,,251,,,
16-09-2020 22:02:19.652,,67.0937464166751,,,1.07754957769444,14.93805014725,,,,164,
16-09-2020 22:02:19.698,,,,,,,3337,,,,
16-09-2020 22:02:19.743,,,,1.56,,,,255,,,
16-09-2020 22:02:19.788,,67.3227915839857,,,1.08376355561111,14.9442641251667,,,1.5210215521453,165,
16-09-2020 22:02:19.833,,,,,,,3351,,,,
16-09-2020 22:02:19.895,,,,1.56,,,,255,,,
16-09-2020 22:02:19.941,,67.5804384204085,,,1.09078829311111,14.9512888626667,,,0.991221484812911,165,
16-09-2020 22:02:19.987,,,,,,,3357,,,,
16-09-2020 22:02:20.034,,,,1.56,,,,255,,,
16-09-2020 22:02:20.076,,67.8087155388195,,,1.09701741083333,14.9575179803889,,,0.995740619924212,166,
16-09-2020 22:02:20.126,,,,,,,3365,,,,
16-09-2020 22:02:20.174,,,,1.56,,,,255,,,
16-09-2020 22:02:20.218,,68.0472065115688,,,1.10355614622222,14.9640567157778,,,0.98206033075517,166,
16-09-2020 22:02:20.265,,,,,,,3376,,,,
16-09-2020 22:02:20.311,,,,1.56,,,,255,,,
16-09-2020 22:02:20.463,,68.4602097190212,,,1.11490758155556,14.9754081511111,,,0.823344598992813,167,
16-09-2020 22:02:20.665,,,,,,,3399,,,,
16-09-2020 22:02:20.865,,,,1.56,,,,255,,,
16-09-2020 22:02:21.070,,69.4909538609569,,,1.14341606480556,15.0039166343611,,,0.984231470139854,169,
16-09-2020 22:02:21.214,,,,,,,3433,,,,
16-09-2020 22:02:21.260,,,,1.56,,,,255,,,
16-09-2020 22:02:21.305,,69.8877923224844,,,1.15450388980556,15.0150044593611,,,0.904336401565877,170,
16-09-2020 22:02:21.350,,,,,,,3443,,,,
16-09-2020 22:02:21.392,,,,1.56,,,,255,,,
16-09-2020 22:02:21.435,,70.1068601409662,,,1.16066255536111,15.0211631249167,,,0.912767545060299,170,
16-09-2020 22:02:21.480,,,,,,,3461,,,,
16-09-2020 22:02:21.525,,,,1.56,,,,255,,,
16-09-2020 22:02:21.571,,70.3364133673609,,,1.16711843236111,15.0276190019167,,,1.00229983711425,171,
16-09-2020 22:02:21.617,,,,,,,3467,,,,
16-09-2020 22:02:21.662,,,,1.56,,,,255,,,
16-09-2020 22:02:21.821,,70.7552305550603,,,1.17897332561111,15.0394738951667,,,0.740019271285855,171,
16-09-2020 22:02:21.871,,,,,,,3474,,,,
16-09-2020 22:02:21.918,,,,1.56,,,,255,,,
16-09-2020 22:02:21.961,,70.9915096207538,,,1.18567736005556,15.0461779296111,,,0.846692575798163,172,
16-09-2020 22:02:22.005,,,,,,,3489,,,,
16-09-2020 22:02:22.051,,,,1.56,,,,255,,,
16-09-2020 22:02:22.096,,71.2185063351069,,,1.19214787583333,15.0526484453889,,,0.840273615272356,172,
16-09-2020 22:02:22.147,,,,,,,3490,,,,
16-09-2020 22:02:22.198,,,,1.56,,,,255,,,
16-09-2020 22:02:22.244,,71.4649916399596,,,1.19920673672222,15.0597073062778,,,0.412709095968154,172,
16-09-2020 22:02:22.292,,,,,,,3499,,,,
16-09-2020 22:02:22.338,,,,1.56,,,,255,,,
16-09-2020 22:02:22.384,,71.6994812926323,,,1.20592658533333,15.0664271548889,,,0.986118605612514,173,
16-09-2020 22:02:22.455,,,,,,,3508,,,,
16-09-2020 22:02:22.525,,,,1.56,,,,255,,,
16-09-2020 22:02:22.576,,72.0192066406826,,,1.21513941680556,15.0756399863611,,,0.451859715415859,173,
16-09-2020 22:02:22.624,,,,,,,3520,,,,
16-09-2020 22:02:22.675,,,,1.56,,,,255,,,
16-09-2020 22:02:22.725,,72.2699774800685,,,1.22237650697222,15.0828770765278,,,0.883247130179922,174,
16-09-2020 22:02:22.774,,,,,,,3528,,,,
16-09-2020 22:02:22.819,,,,1.56,,,,255,,,
16-09-2020 22:02:22.864,,72.5007863446171,,,1.22906892397222,15.0895694935278,,,0.896480283933236,174,
16-09-2020 22:02:22.912,,,,,,,3540,,,,
16-09-2020 22:02:22.958,,,,1.56,,,,255,,,
16-09-2020 22:02:23.004,,72.7349150198657,,,1.23586096563889,15.0963615351944,,,0.896666068231733,175,
16-09-2020 22:02:23.054,,,,,,,3543,,,,
16-09-2020 22:02:23.099,,,,1.56,,,,255,,,
16-09-2020 22:02:23.144,,72.9686622165026,,,1.24267304966667,15.1031736192222,,,0.977997788160202,175,
16-09-2020 22:02:23.195,,,,,,,3556,,,,
16-09-2020 22:02:23.243,,,,1.56,,,,255,,,
16-09-2020 22:02:23.290,,73.2110408862366,,,1.24976971286111,15.1102702824167,,,0.492210522378105,175,
16-09-2020 22:02:23.336,,,,,,,3529,,,,
16-09-2020 22:02:23.386,,,,1.56,,,,255,,,
16-09-2020 22:02:23.431,,73.446893779191,,,1.25667949241667,15.1171800619722,,,0.979543699158621,176,
16-09-2020 22:02:23.483,,,,,,,3554,,,,
16-09-2020 22:02:23.530,,,,1.52,,,,251,,,
16-09-2020 22:02:23.577,,73.6890969789532,,,1.26380839686111,15.1243089664167,,,0.484574078477237,176,
16-09-2020 22:02:23.628,,,,,,,3573,,,,
16-09-2020 22:02:23.677,,,,1.55,,,,254,,,
16-09-2020 22:02:23.732,,73.9448734577206,,,1.27137347819444,15.13187404775,,,0.472519030325931,176,
16-09-2020 22:02:23.781,,,,,,,3570,,,,
16-09-2020 22:02:23.830,,,,1.56,,,,255,,,
16-09-2020 22:02:23.879,,74.1897265563988,,,1.27862129877778,15.1391218683333,,,0.942689298374266,177,
16-09-2020 22:02:23.927,,,,,,,3592,,,,
16-09-2020 22:02:23.979,,,,1.56,,,,255,,,
16-09-2020 22:02:24.029,,74.4372138582463,,,1.28598239936111,15.1464829689167,,,0.464761434795142,177,
16-09-2020 22:02:24.079,,,,,,,3588,,,,
16-09-2020 22:02:24.129,,,,1.56,,,,255,,,
16-09-2020 22:02:24.174,,74.6766847205771,,,1.29313887319444,15.15363944275,,,0.46494058775297,177,
16-09-2020 22:02:24.224,,,,,,,3601,,,,
16-09-2020 22:02:24.276,,,,1.56,,,,255,,,
16-09-2020 22:02:24.322,,74.9214972299056,,,1.30045938030556,15.1609599498611,,,0.940419355560709,178,
16-09-2020 22:02:24.374,,,,,,,3609,,,,
16-09-2020 22:02:24.492,,,,1.56,,,,255,,,
16-09-2020 22:02:24.701,,75.5487917549481,,,1.31929951813889,15.1798000876944,,,0.67571341518304,179,
16-09-2020 22:02:24.909,,,,,,,3636,,,,
16-09-2020 22:02:25.111,,,,1.56,,,,255,,,
16-09-2020 22:02:25.320,,76.5675587733181,,,1.35026016813889,15.2107607376944,,,0.645185599250965,180,
16-09-2020 22:02:25.371,,,,,,,3658,,,,
16-09-2020 22:02:25.423,,,,1.56,,,,255,,,
16-09-2020 22:02:25.476,,76.822029305342,,,1.35805662247222,15.2185571920278,,,0.853873779421587,181,
16-09-2020 22:02:25.525,,,,,,,3666,,,,
16-09-2020 22:02:25.596,,,,1.56,,,,255,,,
16-09-2020 22:02:25.668,,77.1366445694131,,,1.367748906,15.2282494755556,,,0.619133692782543,181,
16-09-2020 22:02:25.720,,,,,,,3681,,,,
16-09-2020 22:02:25.769,,,,1.56,,,,255,,,
16-09-2020 22:02:25.814,,77.3744366539159,,,1.37508344533333,15.2355840148889,,,0.749252313623712,182,
16-09-2020 22:02:25.864,,,,,,,3685,,,,
16-09-2020 22:02:25.913,,,,1.56,,,,255,,,
16-09-2020 22:02:25.959,,77.612128596902,,,1.38244841405556,15.2429489836111,,,0.869719165246328,182,
16-09-2020 22:02:26.007,,,,,,,3696,,,,
16-09-2020 22:02:26.057,,,,1.56,,,,255,,,
16-09-2020 22:02:26.105,,77.8487516511858,,,1.3898137215,15.2503142910556,,,0.441470557498556,182,
16-09-2020 22:02:26.153,,,,,,,3696,,,,
16-09-2020 22:02:26.204,,,,1.56,,,,255,,,
16-09-2020 22:02:26.255,,78.0911858842959,,,1.397394613,15.2578951825556,,,0.473718666328848,182,
16-09-2020 22:02:26.325,,,,,,,3600,,,,
16-09-2020 22:02:26.374,,,,1.53,,,,252,,,
16-09-2020 22:02:26.425,,78.3653817336392,,,1.40601130188889,15.2665118714444,,,0,182,
16-09-2020 22:02:26.472,,,,,,,3703,,,,
16-09-2020 22:02:26.518,,,,1,,,,199,,,
16-09-2020 22:02:26.564,,78.5846256542736,,,1.41296339625,15.2734639658056,,,-0.459662585598367,181,
16-09-2020 22:02:26.610,,,,,,,3658,,,,
16-09-2020 22:02:26.657,,,,0.71,,,,170,,,
16-09-2020 22:02:26.707,,78.8088301247116,,,1.42013415125,15.2806347208056,,,-0.922695262247709,180,
16-09-2020 22:02:26.758,,,,,,,3647,,,,
16-09-2020 22:02:26.810,,,,0.66,,,,165,,,
16-09-2020 22:02:26.862,,79.0495330064609,,,1.42786816625,15.2883687358056,,,-0.915504282921292,180,
16-09-2020 22:02:26.916,,,,,,,3641,,,,
16-09-2020 22:02:26.967,,,,0.63,,,,162,,,
16-09-2020 22:02:27.037,,79.3210548438937,,,1.43663668125,15.2971372508056,,,-0.908267242813277,180,
16-09-2020 22:02:27.086,,,,,,,3593,,,,
16-09-2020 22:02:27.138,,,,0.6,,,,159,,,
16-09-2020 22:02:27.188,,79.5483203446885,,,1.44407837175,15.3045789413056,,,-1.33525674396788,178,
16-09-2020 22:02:27.235,,,,,,,3569,,,,
16-09-2020 22:02:27.280,,,,0.58,,,,157,,,
16-09-2020 22:02:27.327,,79.7543886908463,,,1.45091932552778,15.3114198950833,,,-1.79057335824164,176,
16-09-2020 22:02:27.374,,,,,,,3536,,,,
16-09-2020 22:02:27.423,,,,0.56,,,,155,,,
16-09-2020 22:02:27.473,,79.9609419566563,,,1.45790897725,15.3184095468056,,,-3.18097655325813,173,
16-09-2020 22:02:27.527,,,,,,,3479,,,,
16-09-2020 22:02:27.575,,,,0.54,,,,153,,,
16-09-2020 22:02:27.627,,80.1771746078937,,,1.46529144658333,15.3257920161389,,,-3.76310749137802,172,
16-09-2020 22:02:27.674,,,,,,,3422,,,,
16-09-2020 22:02:27.743,,,,0.53,,,,152,,,
16-09-2020 22:02:27.787,,80.3926104374349,,,1.47280087238889,15.3333014419444,,,-4.16775167135178,169,
16-09-2020 22:02:27.833,,,,,,,3410,,,,
16-09-2020 22:02:27.880,,,,0.51,,,,150,,,
16-09-2020 22:02:27.979,,80.6465383625163,,,1.48174764238889,15.3422482119444,,,-3.40991508169125,168,
16-09-2020 22:02:28.025,,,,,,,3318,,,,
16-09-2020 22:02:28.068,,,,0.5,,,,149,,,
16-09-2020 22:02:28.087,,80.7824027259186,,,1.48666711394444,15.3471676835,,,-4.06966948586238,164,
16-09-2020 22:02:28.131,,,,,,,3305,,,,
16-09-2020 22:02:28.172,,,,0.5,,,,149,,,
16-09-2020 22:02:28.215,,80.9400873161538,,,1.49243129652778,15.3529318660833,,,-4.25855202417495,163,
16-09-2020 22:02:28.262,,,,,,,3240,,,,
16-09-2020 22:02:28.305,,,,0.5,,,,149,,,
16-09-2020 22:02:28.349,,81.1015497152769,,,1.49843060375,15.3589311733056,,,-3.95997690937464,161,
16-09-2020 22:02:28.392,,,,,,,3236,,,,
16-09-2020 22:02:28.439,,,,0.49,,,,148,,,
16-09-2020 22:02:28.484,,81.2592263144708,,,1.50438891233333,15.3648894818889,,,-4.95674545644884,159,
16-09-2020 22:02:28.634,,,,,,,3200,,,,
16-09-2020 22:02:28.839,,,,0.49,,,,148,,,
16-09-2020 22:02:29.041,,81.85509482563,,,1.52811383183333,15.3886144013889,,,-3.20202850718241,153,
16-09-2020 22:02:29.245,,,,,,,3008,,,,
16-09-2020 22:02:29.412,,,,0.48,,,,147,,,
16-09-2020 22:02:29.462,,82.2477288032177,,,1.54505020641667,15.4055507759722,,,-4.00762314043281,145,
16-09-2020 22:02:29.513,,,,,,,2907,,,,
16-09-2020 22:02:29.564,,,,0.47,,,,146,,,
16-09-2020 22:02:29.614,,82.384143510677,,,1.55109578961111,15.4115963591667,,,-3.95035291267816,143,
16-09-2020 22:02:29.665,,,,,,,2860,,,,
16-09-2020 22:02:29.717,,,,0.47,,,,146,,,
16-09-2020 22:02:29.768,,82.5120080300906,,,1.55701953330556,15.4175201028611,,,-4.32589721119702,139,
16-09-2020 22:02:29.818,,,,,,,2786,,,,
16-09-2020 22:02:29.867,,,,0.47,,,,146,,,
16-09-2020 22:02:29.916,,82.6307818675813,,,1.56266725936111,15.4231678289167,,,-5.08095904880382,137,
16-09-2020 22:02:29.964,,,,,,,2761,,,,
16-09-2020 22:02:30.010,,,,0.47,,,,146,,,
16-09-2020 22:02:30.059,,82.7427693670355,,,1.56807551091667,15.4285760804722,,,-4.18621349286937,136,
16-09-2020 22:02:30.137,,,,,,,2724,,,,
16-09-2020 22:02:30.184,,,,0.47,,,,146,,,
16-09-2020 22:02:30.231,,82.8712295198716,,,1.57445596186111,15.4349565314167,,,-4.05562566380453,134,
16-09-2020 22:02:30.279,,,,,,,2695,,,,
16-09-2020 22:02:30.326,,,,0.47,,,,146,,,
16-09-2020 22:02:30.373,,82.9731964714493,,,1.57967185386111,15.4401724234167,,,-3.21313562157062,132,
16-09-2020 22:02:30.422,,,,,,,2650,,,,
16-09-2020 22:02:30.466,,,,0.47,,,,146,,,
16-09-2020 22:02:30.511,,83.0698253004026,,,1.58469991769444,15.44520048725,,,-2.80149570735217,131,
16-09-2020 22:02:30.560,,,,,,,2625,,,,
16-09-2020 22:02:30.602,,,,0.47,,,,146,,,
