Device time,"Ambient air temperature (â„ƒ)","Average speed (km/h)","Barometric pressure (kPa)","Calculated boost (bar)","Distance travelled (km)","Distance travelled (total) (km)","Engine RPM (rpm)","Fuel level input (L)","Instant engine power (based on acceleration) (kW)","Intake manifold absolute pressure (kPa)","Vehicle acceleration (m_sec2)","Vehicle speed (km/h)",
18-09-2020 18:17:51.051,,,,,,,,,,,,10,
18-09-2020 18:17:51.186,,,,,,,1177,,,,,,
18-09-2020 18:17:51.318,,,,-0.717647058823529,,,,,,28.2352941176471,,,
18-09-2020 18:17:51.449,,,,,,,,,,,,10,
18-09-2020 18:17:51.582,,,,,,,1131,,,,,,
18-09-2020 18:17:51.709,,,,-0.717647058823529,,,,,,28.2352941176471,,,
18-09-2020 18:17:51.841,,,100,,,,,,,,,,
18-09-2020 18:17:51.890,,,,,0.00110146025,13.8616020298056,,,,,,9,
18-09-2020 18:17:51.939,,,,,,,1069,,,,,,
18-09-2020 18:17:51.993,,,,-0.717647058823529,,,,,,28.2352941176471,,,
18-09-2020 18:17:52.037,,36.1494086752234,,,0.0014694825,13.8619700520556,,,0.307222230007158,,0,9,
18-09-2020 18:17:52.083,,,,,,,1094,,,,,,
18-09-2020 18:17:52.102,,,,-0.717647058823529,,,,,,28.2352941176471,,,
18-09-2020 18:17:52.120,,26.3219663725958,,,0.00167704925,13.8621776188056,,,-0.0333810189470526,,-0.259834977350809,9,
18-09-2020 18:17:52.138,,,,,,,1093,,,,,,
18-09-2020 18:17:52.181,,,,-0.717647058823529,,,,,,28.2352941176471,,,
18-09-2020 18:17:52.225,,20.8890098811692,,,0.00193908675,13.8624396563056,,,-0.16205682039803,,-0.357997499459066,9,
18-09-2020 18:17:52.272,,,,,,,1092,,,,,,
18-09-2020 18:17:52.341,,,,-0.694117647058824,,,,,,30.5882352941176,,,
18-09-2020 18:17:52.385,,17.0431131915621,,,0.00233857125,13.8628391408056,,,0.307222230007158,,0,9,
18-09-2020 18:17:52.430,,,,,,,1061,,,,,,
18-09-2020 18:17:52.476,,,,-0.658823529411765,,,,,,34.1176470588235,,,
18-09-2020 18:17:52.495,,15.5807136535843,,,0.002612977,13.8631135465556,,,0.307222230007158,,0,9,
18-09-2020 18:17:52.541,,,,,,,1058,,,,,,
18-09-2020 18:17:52.588,,,,-0.623529411764706,,,,,,37.6470588235294,,,
18-09-2020 18:17:52.631,,14.367206940433,,,0.002954225,13.8634547945556,,,0.307222230007158,,0,9,
18-09-2020 18:17:52.676,,,,,,,1094,,,,,,
18-09-2020 18:17:52.723,,,,-0.576470588235294,,,,,,42.3529411764706,,,
18-09-2020 18:17:52.769,,13.524714729301,,,0.00329878875,13.8637993583056,,,0.307222230007158,,0,9,
18-09-2020 18:17:52.814,,,,,,,1110,,,,,,
18-09-2020 18:17:52.858,,,,-0.505882352941176,,,,,,49.4117647058824,,,
18-09-2020 18:17:52.904,,12.9198085228806,,,0.00363754625,13.8641381158056,,,0.307222230007158,,0,9,
18-09-2020 18:17:52.950,,,,,,,1112,,,,,,
18-09-2020 18:17:53.155,,,,-0.388235294117647,,,,,,61.1764705882353,,,
18-09-2020 18:17:53.360,,12.0142348965181,,,0.00490314041666667,13.8654037099722,,,0.889010746002459,,0.321031953877005,10,
18-09-2020 18:17:53.561,,,,,,,1295,,,,,,
18-09-2020 18:17:53.764,,,,-0.105882352941176,,,,,,89.4117647058824,,,
18-09-2020 18:17:53.859,,12.2641374115405,,,0.00670426838888889,13.8672048379444,,,2.63950141978645,,0.905029252989036,13,
18-09-2020 18:17:53.908,,,,,,,1564,,,,,,
18-09-2020 18:17:53.955,,,,-0.0235294117647058,,,,,,97.6470588235294,,,
18-09-2020 18:17:53.999,,12.3795709123724,,,0.00724946572222222,13.8677500352778,,,3.45864854657899,,1.12905458857901,14,
18-09-2020 18:17:54.045,,,,,,,1645,,,,,,
18-09-2020 18:17:54.090,,,,-0.0235294117647058,,,,,,97.6470588235294,,,
18-09-2020 18:17:54.136,,12.5398987792464,,,0.00782192697222222,13.8683224965278,,,4.37803903330197,,1.3528899528737,15,
18-09-2020 18:17:54.183,,,,,,,1756,,,,,,
18-09-2020 18:17:54.231,,,,0,,,,,,100,,,
18-09-2020 18:17:54.398,,12.9004543040365,,,0.00898294252777778,13.8694835120833,,,5.46899722090624,,1.6060921000666,16,
18-09-2020 18:17:54.445,,,,,,,1876,,,,,,
18-09-2020 18:17:54.490,,,,-0.364705882352941,,,,,,63.5294117647059,,,
18-09-2020 18:17:54.558,,13.1464261676494,,,0.00973851791666667,13.8702390874722,,,6.00730927925614,,1.58996864613629,17,
18-09-2020 18:17:54.577,,,,,,,1876,,,,,,
18-09-2020 18:17:54.597,,,,-0.505882352941176,,,,,,49.4117647058824,,,
18-09-2020 18:17:54.641,,13.2631618429251,,,0.0101319338055556,13.8706325033611,,,5.28471054333277,,1.29813214362119,17,
18-09-2020 18:17:54.685,,,,,,,1859,,,,,,
18-09-2020 18:17:54.732,,,,-0.6,,,,,,40,,,
18-09-2020 18:17:54.777,,13.4393011465158,,,0.0107743784444444,13.871274948,,,4.21791401115975,,0.867284214657145,17,
18-09-2020 18:17:54.823,,,,,,,1751,,,,,,
18-09-2020 18:17:54.869,,,,-0.658823529411765,,,,,,34.1176470588235,,,
18-09-2020 18:17:54.890,,13.5731178564318,,,0.0113065681666667,13.8718071377222,,,3.46809399154052,,0.564453831537444,17,
18-09-2020 18:17:54.936,,,,,,,1673,,,,,,
18-09-2020 18:17:54.978,,,,-0.694117647058824,,,,,,30.5882352941176,,,
18-09-2020 18:17:55.023,,13.7192964265182,,,0.0119375420555556,13.8724381116111,,,2.07048395427335,,0,17,
18-09-2020 18:17:55.068,,,,,,,1578,,,,,,
18-09-2020 18:17:55.116,,,,-0.694117647058824,,,,,,30.5882352941176,,,
18-09-2020 18:17:55.162,,13.8588382862285,,,0.0125947143611111,13.8730952839167,,,2.07048395427335,,0,17,
18-09-2020 18:17:55.208,,,,,,,1437,,,,,,
18-09-2020 18:17:55.253,,,,-0.529411764705882,,,,,,47.0588235294118,,,
18-09-2020 18:17:55.298,,14.0233186247555,,,0.0132713033611111,13.8737718729167,,,3.85579997992622,,0.533252483724761,18,
18-09-2020 18:17:55.342,,,,,,,1366,,,,,,
18-09-2020 18:17:55.388,,,,-0.435294117647059,,,,,,56.4705882352941,,,
18-09-2020 18:17:55.432,,14.1742217877105,,,0.0139432768611111,13.8744438464167,,,3.8002021438573,,0.51204560663231,18,
18-09-2020 18:17:55.477,,,,,,,1176,,,,,,
18-09-2020 18:17:55.524,,,,-0.352941176470588,,,,,,64.7058823529412,,,
18-09-2020 18:17:55.569,,14.316967897221,,,0.0146295323611111,13.8751301019167,,,3.79126692830501,,0.508637416108905,18,
18-09-2020 18:17:55.614,,,,,,,1160,,,,,,
18-09-2020 18:17:55.657,,,,-0.352941176470588,,,,,,64.7058823529412,,,
18-09-2020 18:17:55.710,,14.4528763914415,,,0.0153342858611111,13.8758348554167,,,3.78689423120743,,0.506969522959322,18,
18-09-2020 18:17:55.756,,,,,,,1206,,,,,,
18-09-2020 18:17:55.777,,,,-0.4,,,,,,60,,,
18-09-2020 18:17:55.798,,14.5549558824963,,,0.0157972161111111,13.8762977856667,,,4.42699731676451,,0.555194568047411,19,
18-09-2020 18:17:55.870,,,,,,,1157,,,,,,
18-09-2020 18:17:55.914,,,,-0.458823529411765,,,,,,54.1176470588235,,,
18-09-2020 18:17:55.958,,14.730210005114,,,0.0166436798333333,13.8771442493889,,,4.35113046934728,,0.527779471949883,19,
18-09-2020 18:17:56.004,,,,,,,1206,,,,,,
18-09-2020 18:17:56.048,,,,-0.564705882352941,,,,,,43.5294117647059,,,
18-09-2020 18:17:56.094,,14.8677542380392,,,0.0173582455555556,13.8778588151111,,,4.35636317845014,,0.529670353511316,19,
18-09-2020 18:17:56.114,,,,,,,1205,,,,,,
18-09-2020 18:17:56.159,,,,-0.6,,,,,,40,,,
18-09-2020 18:17:56.207,,14.9757048591463,,,0.0179532938888889,13.8784538634444,,,4.43956312248207,,0.559735323107327,19,
18-09-2020 18:17:56.252,,,,,,,1190,,,,,,
18-09-2020 18:17:56.270,,,,-0.658823529411765,,,,,,34.1176470588235,,,
18-09-2020 18:17:56.329,,15.0861842455887,,,0.0185961631111111,13.8790967326667,,,2.89058608438793,,0,19,
18-09-2020 18:17:56.371,,,,,,,1176,,,,,,
18-09-2020 18:17:56.416,,,,-0.682352941176471,,,,,,31.7647058823529,,,
18-09-2020 18:17:56.463,,15.1717338136617,,,0.0192675646111111,13.8797681341667,,,1.01345123312115,,-0.550914541276931,18,
18-09-2020 18:17:56.515,,,,,,,1177,,,,,,
18-09-2020 18:17:56.562,,,,-0.694117647058824,,,,,,30.5882352941176,,,
18-09-2020 18:17:56.607,,15.2582860634531,,,0.0199891986111111,13.8804897681667,,,1.03866313404625,,-0.541297877716089,18,
18-09-2020 18:17:56.652,,,,,,,1195,,,,,,
18-09-2020 18:17:56.673,,,,-0.717647058823529,,,,,,28.2352941176471,,,
18-09-2020 18:17:56.720,,15.3226136051399,,,0.0205557671111111,13.8810563366667,,,1.04017943450029,,-0.540719509929903,18,
18-09-2020 18:17:56.791,,,,,,,1162,,,,,,
18-09-2020 18:17:56.836,,,,-0.717647058823529,,,,,,28.2352941176471,,,
18-09-2020 18:17:56.882,,15.4093394289303,,,0.0213641391111111,13.8818647086667,,,1.14214172586699,,-0.501827676470814,18,
18-09-2020 18:17:56.928,,,,,,,1167,,,,,,
18-09-2020 18:17:56.975,,,,-0.717647058823529,,,,,,28.2352941176471,,,
18-09-2020 18:17:57.021,,15.4795882283206,,,0.0220597006111111,13.8825602701667,,,2.45777781738775,,0,18,
18-09-2020 18:17:57.240,,,,,,,1153,,,,,,
18-09-2020 18:17:57.442,,,,-0.717647058823529,,,,,,28.2352941176471,,,
18-09-2020 18:17:57.647,,15.6449869129044,,,0.0250176434722222,13.8855182130278,,,1.40926544962269,,-0.267046821703797,17,
18-09-2020 18:17:57.848,,,,,,,1098,,,,,,
18-09-2020 18:17:57.940,,,,-0.717647058823529,,,,,,28.2352941176471,,,
18-09-2020 18:17:57.987,,15.720378678796,,,0.0266186656944444,13.88711923525,,,1.52729633801754,,-0.219377596800036,17,
18-09-2020 18:17:58.032,,,,,,,1078,,,,,,
18-09-2020 18:17:58.076,,,,-0.717647058823529,,,,,,28.2352941176471,,,
18-09-2020 18:17:58.095,,15.7426438433342,,,0.0271283242777778,13.8876288938333,,,1.50322551352891,,-0.229099099042134,17,
18-09-2020 18:17:58.141,,,,,,,1083,,,,,,
18-09-2020 18:17:58.187,,,,-0.717647058823529,,,,,,28.2352941176471,,,
18-09-2020 18:17:58.232,,15.7481986146938,,,0.0277386189444444,13.8882391885,,,0.656787286748225,,-0.458888226713178,16,
18-09-2020 18:17:58.281,,,,,,,1062,,,,,,
18-09-2020 18:17:58.327,,,,-0.717647058823529,,,,,,28.2352941176471,,,
18-09-2020 18:17:58.396,,15.7545511128566,,,0.0284668638333333,13.8889674333889,,,0.86127867174237,,-0.371138379390122,16,
18-09-2020 18:17:58.446,,,,,,,1065,,,,,,
18-09-2020 18:17:58.515,,,,-0.717647058823529,,,,,,28.2352941176471,,,
18-09-2020 18:17:58.560,,15.7605938201221,,,0.0291968362777778,13.8896974058333,,,0.597140563578727,,-0.484483392258141,16,
18-09-2020 18:17:58.630,,,,,,,1033,,,,,,
18-09-2020 18:17:58.675,,,,-0.717647058823529,,,,,,28.2352941176471,,,
18-09-2020 18:17:58.722,,15.7662566099607,,,0.0299152185,13.8904157880556,,,0.693825940874209,,-0.442994470383543,16,
18-09-2020 18:17:58.790,,,,,,,1022,,,,,,
18-09-2020 18:17:58.835,,,,-0.705882352941177,,,,,,29.4117647058824,,,
18-09-2020 18:17:58.883,,15.7716346579147,,,0.0306305100555556,13.8911310796111,,,1.72617591705105,,0,16,
18-09-2020 18:17:58.903,,,,,,,1028,,,,,,
18-09-2020 18:17:58.949,,,,-0.705882352941177,,,,,,29.4117647058824,,,
18-09-2020 18:17:58.995,,15.775238850356,,,0.0311288336111111,13.8916294031667,,,1.72617591705105,,0,16,
18-09-2020 18:17:59.014,,,,,,,1013,,,,,,
18-09-2020 18:17:59.059,,,,-0.717647058823529,,,,,,28.2352941176471,,,
18-09-2020 18:17:59.104,,15.7634518334104,,,0.0315858944444444,13.892086464,,,0.307612623983337,,-0.510226427467619,15,
18-09-2020 18:17:59.150,,,,,,,1000,,,,,,
18-09-2020 18:17:59.196,,,,-0.705882352941177,,,,,,29.4117647058824,,,
18-09-2020 18:17:59.213,,15.7520885580801,,,0.0320399415277778,13.8925405110833,,,0.188246059878978,,-0.564862914774884,15,
18-09-2020 18:17:59.260,,,,,,,994,,,,,,
18-09-2020 18:17:59.311,,,,-0.705882352941177,,,,,,29.4117647058824,,,
18-09-2020 18:17:59.355,,15.7377564942571,,,0.0326325869444445,13.8931331565,,,0.139220736524894,,-0.587302795467338,15,
18-09-2020 18:17:59.402,,,,,,,997,,,,,,
18-09-2020 18:17:59.420,,,,-0.576470588235294,,,,,,42.3529411764706,,,
18-09-2020 18:17:59.464,,15.7271971855818,,,0.0330841723611111,13.8935847419167,,,0.129217560934413,,-0.591881450975122,15,
18-09-2020 18:17:59.510,,,,,,,1038,,,,,,
18-09-2020 18:17:59.555,,,,-0.0352941176470588,,,,,,96.4705882352941,,,
18-09-2020 18:17:59.601,,15.714284787839,,,0.0336545386111111,13.8941551081667,,,1.42232512772721,,0,15,
18-09-2020 18:17:59.646,,,,,,,1126,,,,,,
18-09-2020 18:17:59.717,,,,-0.0235294117647058,,,,,,97.6470588235294,,,
18-09-2020 18:17:59.762,,15.7201133455155,,,0.0343698746111111,13.8948704441667,,,2.90661696035036,,0.506542225856359,16,
18-09-2020 18:17:59.807,,,,,,,1010,,,,,,
18-09-2020 18:17:59.853,,,,0,,,,,,100,,,
18-09-2020 18:17:59.899,,15.7420198846091,,,0.0350165560277778,13.8955171255833,,,4.60232259053993,,1.02253560075286,17,
18-09-2020 18:17:59.943,,,,,,,1130,,,,,,
18-09-2020 18:17:59.991,,,,0,,,,,,100,,,
18-09-2020 18:18:00.013,,15.7597690689253,,,0.0355581750833333,13.8960587446389,,,4.57390182986346,,1.01105728646541,17,
18-09-2020 18:18:00.058,,,,,,,1115,,,,,,
18-09-2020 18:18:00.102,,,,0.011764705882353,,,,,,101.176470588235,,,
18-09-2020 18:18:00.148,,15.7964140498186,,,0.0362336565833333,13.8967342261389,,,6.44710600314682,,1.52166340452466,18,
18-09-2020 18:18:00.197,,,,,,,1184,,,,,,
18-09-2020 18:18:00.242,,,,0.0235294117647059,,,,,,102.352941176471,,,
18-09-2020 18:18:00.287,,15.8491102870955,,,0.0369625113611111,13.8974630809167,,,7.28421520335657,,1.58767325405001,19,
18-09-2020 18:18:00.332,,,,,,,1209,,,,,,
18-09-2020 18:18:00.351,,,,0.0352941176470588,,,,,,103.529411764706,,,
18-09-2020 18:18:00.397,,15.8900480465337,,,0.0375457717777778,13.8980463413333,,,5.97567119348266,,1.11482034135085,19,
18-09-2020 18:18:00.444,,,,,,,1259,,,,,,
18-09-2020 18:18:00.489,,,,0.0352941176470588,,,,,,103.529411764706,,,
18-09-2020 18:18:00.534,,15.9550189544155,,,0.0383048706666667,13.8988054402222,,,8.0367998079187,,1.60157297528824,20,
18-09-2020 18:18:00.680,,,,,,,1294,,,,,,
18-09-2020 18:18:00.727,,,,0.0705882352941177,,,,,,107.058823529412,,,
18-09-2020 18:18:00.774,,16.0915926635057,,,0.0397077115,13.9002082810556,,,7.97613292085943,,1.33172801511479,21,
18-09-2020 18:18:00.820,,,,,,,1389,,,,,,
18-09-2020 18:18:00.840,,,,0.0705882352941177,,,,,,107.058823529412,,,
18-09-2020 18:18:00.885,,16.1644871862222,,,0.0403857252222222,13.9008862947778,,,8.94761661445166,,1.39195838912999,22,
18-09-2020 18:18:00.955,,,,,,,1416,,,,,,
18-09-2020 18:18:01.002,,,,0.105882352941177,,,,,,110.588235294118,,,
18-09-2020 18:18:01.047,,16.2850330182078,,,0.0414174164166667,13.9019179859722,,,10.8581651401129,,1.71066865692701,23,
18-09-2020 18:18:01.092,,,,,,,1487,,,,,,
18-09-2020 18:18:01.137,,,,0.117647058823529,,,,,,111.764705882353,,,
18-09-2020 18:18:01.345,,16.5289321356929,,,0.0434102384166667,13.9039108079722,,,10.6107454320586,,1.36884135176642,24,
18-09-2020 18:18:01.550,,,,,,,1637,,,,,,
18-09-2020 18:18:01.750,,,,0.258823529411765,,,,,,125.882352941176,,,
18-09-2020 18:18:01.953,,17.2219283291238,,,0.0481384164166667,13.9086389859722,,,15.9763627288934,,1.64905275724024,28,
18-09-2020 18:18:02.026,,,,,,,1915,,,,,,
18-09-2020 18:18:02.070,,,,0.4,,,,,,140,,,
18-09-2020 18:18:02.114,,17.4378225190207,,,0.0495177355833333,13.9100183051389,,,21.7437208672917,,2.03513688249266,31,
18-09-2020 18:18:02.160,,,,,,,2004,,,,,,
18-09-2020 18:18:02.205,,,,0.458823529411765,,,,,,145.882352941176,,,
18-09-2020 18:18:02.268,,17.6537975428395,,,0.0508857258055556,13.9113862953611,,,23.3533324231774,,2.04770966949802,32,
18-09-2020 18:18:02.315,,,,,,,2079,,,,,,
18-09-2020 18:18:02.361,,,,0.541176470588235,,,,,,154.117647058824,,,
18-09-2020 18:18:02.407,,17.8566079250769,,,0.0521596532222222,13.9126602227778,,,26.4690420076641,,2.35603650951872,33,
18-09-2020 18:18:02.453,,,,,,,2181,,,,,,
18-09-2020 18:18:02.497,,,,0.6,,,,,,160,,,
18-09-2020 18:18:02.543,,18.0756412144741,,,0.0534827640555556,13.9139833336111,,,34.8890657542645,,3.2995614731965,35,
18-09-2020 18:18:02.592,,,,,,,2279,,,,,,
18-09-2020 18:18:02.639,,,,0.705882352941177,,,,,,170.588235294118,,,
18-09-2020 18:18:02.690,,18.3335691643356,,,0.0549954926111111,13.9154960621667,,,36.9351506455577,,2.89263214773019,37,
18-09-2020 18:18:02.736,,,,,,,2360,,,,,,
18-09-2020 18:18:02.786,,,,0.741176470588235,,,,,,174.117647058824,,,
18-09-2020 18:18:02.831,,18.5878715151181,,,0.0564887986666667,13.9169893682222,,,39.4858688822169,,2.9561221022687,38,
18-09-2020 18:18:02.877,,,,,,,2469,,,,,,
18-09-2020 18:18:02.920,,,,0.788235294117647,,,,,,178.823529411765,,,
18-09-2020 18:18:02.967,,18.8503248683029,,,0.0579972731111111,13.9184978426667,,,47.1811465444852,,3.46888651617051,40,
18-09-2020 18:18:03.013,,,,,,,2563,,,,,,
18-09-2020 18:18:03.058,,,,0.788235294117647,,,,,,178.823529411765,,,
18-09-2020 18:18:03.109,,19.1312063061054,,,0.0596175509722222,13.9201181205278,,,46.6113425491449,,2.94157600582338,41,
18-09-2020 18:18:03.158,,,,,,,2659,,,,,,
18-09-2020 18:18:03.176,,,,0.811764705882353,,,,,,181.176470588235,,,
18-09-2020 18:18:03.220,,19.3546285033161,,,0.0609087954722222,13.9214093650278,,,47.2490563236767,,2.61982289200824,42,
18-09-2020 18:18:03.268,,,,,,,2733,,,,,,
18-09-2020 18:18:03.315,,,,0.858823529411765,,,,,,185.882352941176,,,
18-09-2020 18:18:03.361,,19.6585470547446,,,0.0626376899166667,13.9231382594722,,,56.0453785512975,,3.14365049245914,44,
18-09-2020 18:18:03.410,,,,,,,2838,,,,,,
18-09-2020 18:18:03.456,,,,0.91764705882353,,,,,,191.764705882353,,,
18-09-2020 18:18:03.515,,20.0071170613222,,,0.0646032405277778,13.9251038100833,,,61.3906421201356,,3.04041101492264,46,
18-09-2020 18:18:03.559,,,,,,,2955,,,,,,
18-09-2020 18:18:03.603,,,,0.988235294117647,,,,,,198.823529411765,,,
18-09-2020 18:18:03.650,,20.315542657,,,0.0663573431944444,13.92685791275,,,64.8660505052882,,3.08405416931433,47,
18-09-2020 18:18:03.695,,,,,,,3075,,,,,,
18-09-2020 18:18:03.738,,,,1.05882352941176,,,,,,205.882352941176,,,
18-09-2020 18:18:03.786,,20.6451546803361,,,0.0682178459722222,13.9287184155278,,,74.0830405999542,,3.4332184087994,49,
18-09-2020 18:18:03.834,,,,,,,3189,,,,,,
18-09-2020 18:18:03.880,,,,1.14117647058824,,,,,,214.117647058824,,,
18-09-2020 18:18:03.924,,20.993421982816,,,0.0701737214722222,13.9306742910278,,,81.5664530066547,,3.45489714692225,51,
18-09-2020 18:18:04.016,,,,,,,3292,,,,,,
18-09-2020 18:18:04.063,,,,1.17647058823529,,,,,,217.647058823529,,,
18-09-2020 18:18:04.109,,21.4920782259448,,,0.0729425654722222,13.9334431350278,,,95.7944911274069,,3.74243352450994,54,
18-09-2020 18:18:04.154,,,,,,,3481,,,,,,
18-09-2020 18:18:04.202,,,,1.2,,,,,,220,,,
18-09-2020 18:18:04.248,,21.8697461503386,,,0.0750704818611111,13.9355710514167,,,99.8516515052903,,3.71206389026189,55,
18-09-2020 18:18:04.293,,,,,,,3575,,,,,,
18-09-2020 18:18:04.339,,,,1.21176470588235,,,,,,221.176470588235,,,
18-09-2020 18:18:04.383,,22.2483229509004,,,0.0772019667777778,13.9377025363333,,,108.971329301888,,3.72506009406634,57,
18-09-2020 18:18:04.428,,,,,,,3699,,,,,,
18-09-2020 18:18:04.454,,,,1.23529411764706,,,,,,223.529411764706,,,
18-09-2020 18:18:04.498,,22.5743134430342,,,0.0790539808888889,13.9395545504444,,,110.861961633814,,3.38980989055098,58,
18-09-2020 18:18:04.542,,,,,,,3799,,,,,,
18-09-2020 18:18:04.587,,,,1.24705882352941,,,,,,224.705882352941,,,
18-09-2020 18:18:04.633,,22.9708810808257,,,0.0813042958888889,13.9418048654444,,,118.833990870281,,3.18174847260165,60,
18-09-2020 18:18:04.679,,,,,,,3892,,,,,,
18-09-2020 18:18:04.723,,,,1.27058823529412,,,,,,227.058823529412,,,
18-09-2020 18:18:04.789,,23.4446596512394,,,0.0840009221666666,13.9445014917222,,,132.88666983425,,3.5932711869895,62,
18-09-2020 18:18:04.835,,,,,,,4046,,,,,,
18-09-2020 18:18:04.879,,,,1.30588235294118,,,,,,230.588235294118,,,
18-09-2020 18:18:04.924,,23.8728085379904,,,0.086425368,13.9469259375556,,,154.63360569728,,4.10875884667139,65,
18-09-2020 18:18:04.970,,,,,,,4181,,,,,,
18-09-2020 18:18:05.014,,,,1.29411764705882,,,,,,229.411764705882,,,
18-09-2020 18:18:05.059,,24.3174862469629,,,0.0889525075,13.9494530770556,,,170.196019078881,,4.45207034627313,67,
18-09-2020 18:18:05.107,,,,,,,4275,,,,,,
18-09-2020 18:18:05.152,,,,1.29411764705882,,,,,,229.411764705882,,,
18-09-2020 18:18:05.201,,24.7821006210868,,,0.0916265432777777,13.9521271128333,,,171.245472120626,,3.9109329602929,68,
18-09-2020 18:18:05.354,,,,,,,4412,,,,,,
18-09-2020 18:18:05.559,,,,1.27058823529412,,,,,,227.058823529412,,,
18-09-2020 18:18:05.761,,26.7706649929769,,,0.103146415166667,13.9636469847222,,,207.737003853629,,3.42952322905251,74,
18-09-2020 18:18:05.962,,,,,,,4879,,,,,,
18-09-2020 18:18:06.126,,,,1.28235294117647,,,,,,228.235294117647,,,
18-09-2020 18:18:06.194,,28.4097555953967,,,0.112873277666667,13.9733738472222,,,265.249987303461,,3.49943910989947,81,
18-09-2020 18:18:06.241,,,,,,,5168,,,,,,
18-09-2020 18:18:06.287,,,,1.24705882352941,,,,,,224.705882352941,,,
18-09-2020 18:18:06.334,,28.9293340998595,,,0.116062836222222,13.9765634057778,,,271.41265848504,,3.26961481818731,82,
18-09-2020 18:18:06.382,,,,,,,5265,,,,,,
18-09-2020 18:18:06.427,,,,1.23529411764706,,,,,,223.529411764706,,,
18-09-2020 18:18:06.473,,29.4553656353666,,,0.119312912888889,13.9798134824444,,,292.528507410403,,3.49383211979442,84,
18-09-2020 18:18:06.518,,,,,,,5361,,,,,,
18-09-2020 18:18:06.563,,,,1.21176470588235,,,,,,221.176470588235,,,
18-09-2020 18:18:06.611,,29.9751419692549,,,0.122565322194444,13.98306589175,,,303.340525791265,,3.59687562565199,85,
18-09-2020 18:18:06.658,,,,,,,5451,,,,,,
18-09-2020 18:18:06.707,,,,1.17647058823529,,,,,,217.647058823529,,,
18-09-2020 18:18:06.755,,30.5300569550479,,,0.126061045027778,13.9865616145833,,,315.114474573079,,2.96742966998799,87,
18-09-2020 18:18:06.801,,,,,,,5564,,,,,,
18-09-2020 18:18:06.847,,,,1.14117647058824,,,,,,214.117647058824,,,
18-09-2020 18:18:06.893,,31.0579417674742,,,0.129429619027778,13.9899301885833,,,325.369238164083,,2.97856641479313,88,
18-09-2020 18:18:06.952,,,,,,,5645,,,,,,
18-09-2020 18:18:06.997,,,,1.12941176470588,,,,,,212.941176470588,,,
18-09-2020 18:18:07.043,,31.639461163616,,,0.133166831527778,13.9936674010833,,,345.573902484963,,2.92572280274414,90,
18-09-2020 18:18:07.088,,,,,,,5722,,,,,,
18-09-2020 18:18:07.133,,,,1.09411764705882,,,,,,209.411764705882,,,
18-09-2020 18:18:07.180,,32.1731370365775,,,0.136641482,13.9971420515556,,,356.371828831752,,2.92699397952462,91,
18-09-2020 18:18:07.226,,,,,,,5812,,,,,,
18-09-2020 18:18:07.272,,,,1.03529411764706,,,,,,203.529411764706,,,
18-09-2020 18:18:07.378,,32.9501699785452,,,0.141752346083333,14.0022529156389,,,375.233638487212,,2.67646251948799,93,
18-09-2020 18:18:07.427,,,,,,,5939,,,,,,
18-09-2020 18:18:07.477,,,,1,,,,,,200,,,
18-09-2020 18:18:07.523,,33.5250314648792,,,0.145574174972222,14.0060747445278,,,404.054316780001,,3.0882423062443,95,
18-09-2020 18:18:07.569,,,,,,,6021,,,,,,
18-09-2020 18:18:07.615,,,,0.964705882352941,,,,,,196.470588235294,,,
18-09-2020 18:18:07.657,,34.0581931311883,,,0.149162238972222,14.0096628085278,,,410.777019129962,,2.71220833318416,96,
18-09-2020 18:18:07.708,,,,,,,6104,,,,,,
18-09-2020 18:18:07.755,,,,0.976470588235294,,,,,,197.647058823529,,,
18-09-2020 18:18:07.801,,34.6267945158559,,,0.153034961277778,14.0135355308333,,,422.545204946392,,2.68387265217504,97,
18-09-2020 18:18:07.846,,,,,,,6176,,,,,,
18-09-2020 18:18:07.891,,,,0.976470588235294,,,,,,197.647058823529,,,
18-09-2020 18:18:07.937,,35.1699682001964,,,0.156758321027778,14.0172588905833,,,451.944804716429,,2.98433718378485,99,
18-09-2020 18:18:07.982,,,,,,,6248,,,,,,
18-09-2020 18:18:08.030,,,,0.952941176470588,,,,,,195.294117647059,,,
18-09-2020 18:18:08.076,,35.7288868107381,,,0.160634390472222,14.0211349600278,,,457.995584397356,,2.51054393304263,100,
18-09-2020 18:18:08.120,,,,,,,6368,,,,,,
18-09-2020 18:18:08.164,,,,0.505882352941177,,,,,,150.588235294118,,,
18-09-2020 18:18:08.211,,36.2507352145235,,,0.164335967472222,14.0248365370278,,,,,,99,
18-09-2020 18:18:08.257,,,,,,,6264,,,,,,
18-09-2020 18:18:08.301,,,,-0.552941176470588,,,,,,44.7058823529412,,,
18-09-2020 18:18:08.344,,36.7598493162723,,,0.168007101972222,14.0285076715278,,,,,,99,
18-09-2020 18:18:08.391,,,,,,,6065,,,,,,
18-09-2020 18:18:08.439,,,,-0.670588235294118,,,,,,32.9411764705882,,,
18-09-2020 18:18:08.486,,37.2922066604577,,,0.171910608722222,14.0324111782778,,,408.912783152235,,0,99,
18-09-2020 18:18:08.557,,,,,,,5854,,,,,,
18-09-2020 18:18:08.601,,,,-0.682352941176471,,,,,,31.7647058823529,,,
18-09-2020 18:18:08.670,,37.9680183679967,,,0.176964088472222,14.0374646580278,,,402.167353011188,,-0.467806002572259,99,
18-09-2020 18:18:08.715,,,,,,,5669,,,,,,
18-09-2020 18:18:08.760,,,,-0.694117647058824,,,,,,30.5882352941176,,,
18-09-2020 18:18:08.809,,38.4680683293428,,,0.180775888222222,14.0412764577778,,,408.912783152235,,0,99,
18-09-2020 18:18:08.856,,,,,,,5501,,,,,,
18-09-2020 18:18:08.926,,,,-0.694117647058824,,,,,,30.5882352941176,,,
18-09-2020 18:18:08.974,,39.0525673978571,,,0.185314339722222,14.0458149092778,,,408.912783152235,,0,99,
18-09-2020 18:18:09.019,,,,,,,5318,,,,,,
18-09-2020 18:18:09.064,,,,-0.694117647058824,,,,,,30.5882352941176,,,
18-09-2020 18:18:09.109,,39.5166306790898,,,0.189002079722222,14.0495026492778,,,390.280591881566,,-0.445971593892844,98,
18-09-2020 18:18:09.157,,,,,,,5170,,,,,,
18-09-2020 18:18:09.176,,,,-0.705882352941177,,,,,,29.4117647058824,,,
18-09-2020 18:18:09.223,,39.9078822106855,,,0.192137142972222,14.0526377125278,,,,,,99,
18-09-2020 18:18:09.269,,,,,,,5050,,,,,,
18-09-2020 18:18:09.317,,,,-0.705882352941177,,,,,,29.4117647058824,,,
18-09-2020 18:18:09.534,,40.9304497322827,,,0.20059155125,14.0610921208056,,,,,,98,
18-09-2020 18:18:09.803,,,,,,,4657,,,,,,
18-09-2020 18:18:10.006,,,,-0.729411764705882,,,,,,27.0588235294118,,,
18-09-2020 18:18:10.209,,42.9239822891069,,,0.218414129166667,14.0789146987222,,,,,,95,
18-09-2020 18:18:10.246,,,,,,,4056,,,,,,
18-09-2020 18:18:10.295,,,,-0.741176470588235,,,,,,25.8823529411765,,,
18-09-2020 18:18:10.339,,43.2833448842665,,,0.221803150333333,14.0823037198889,,,337.662901642075,,-0.903498458970441,94,
18-09-2020 18:18:10.383,,,,,,,3954,,,,,,
18-09-2020 18:18:10.429,,,,-0.729411764705882,,,,,,27.0588235294118,,,
18-09-2020 18:18:10.497,,43.7064233252422,,,0.225893561583333,14.0863941311389,,,321.260495869443,,-1.30814998106976,93,
18-09-2020 18:18:10.544,,,,,,,3810,,,,,,
18-09-2020 18:18:10.590,,,,-0.729411764705882,,,,,,27.0588235294118,,,
18-09-2020 18:18:10.632,,44.0535136405768,,,0.229335744138889,14.0898363136944,,,307.82935209035,,-1.51740748624516,92,
18-09-2020 18:18:10.679,,,,,,,3688,,,,,,
18-09-2020 18:18:10.725,,,,-0.729411764705882,,,,,,27.0588235294118,,,
18-09-2020 18:18:10.768,,44.4002765959726,,,0.232824821138889,14.0933253906944,,,308.202850086582,,-1.48953396831571,92,
18-09-2020 18:18:10.892,,,,,,,3576,,,,,,
18-09-2020 18:18:10.937,,,,-0.741176470588235,,,,,,25.8823529411765,,,
18-09-2020 18:18:10.983,,44.9234826346741,,,0.238243267,14.0987438365556,,,300.42474814374,,-1.2941228600902,91,
18-09-2020 18:18:11.033,,,,,,,3384,,,,,,
18-09-2020 18:18:11.081,,,,-0.741176470588235,,,,,,25.8823529411765,,,
18-09-2020 18:18:11.127,,45.2603538240478,,,0.2418371995,14.1023377690556,,,289.865339687603,,-1.32409959241566,90,
18-09-2020 18:18:11.197,,,,,,,3266,,,,,,
18-09-2020 18:18:11.245,,,,-0.741176470588235,,,,,,25.8823529411765,,,
18-09-2020 18:18:11.290,,45.6298397479741,,,0.245888575916667,14.1063891454722,,,280.688465176032,,-1.26565174559448,89,
18-09-2020 18:18:11.337,,,,,,,3138,,,,,,
18-09-2020 18:18:11.383,,,,-0.752941176470588,,,,,,24.7058823529412,,,
18-09-2020 18:18:11.429,,45.9299576456596,,,0.249276272805556,14.1097768423611,,,265.6339452706,,-1.68201030103477,88,
18-09-2020 18:18:11.477,,,,,,,3030,,,,,,
18-09-2020 18:18:11.520,,,,-0.752941176470588,,,,,,24.7058823529412,,,
18-09-2020 18:18:11.570,,46.2238588223634,,,0.252674722388889,14.1131752919444,,,253.519685935579,,-1.89346323097006,87,
18-09-2020 18:18:11.617,,,,,,,2916,,,,,,
18-09-2020 18:18:11.662,,,,-0.752941176470588,,,,,,24.7058823529412,,,
18-09-2020 18:18:11.707,,46.4988404208687,,,0.255947275611111,14.1164478451667,,,244.060863049289,,-1.91539970637689,86,
18-09-2020 18:18:11.755,,,,,,,2813,,,,,,
18-09-2020 18:18:11.802,,,,-0.741176470588235,,,,,,25.8823529411765,,,
18-09-2020 18:18:11.850,,46.7752951239881,,,0.259331146861111,14.1198317164167,,,234.230122135954,,-1.98545865961368,85,
18-09-2020 18:18:11.896,,,,,,,2693,,,,,,
18-09-2020 18:18:11.943,,,,-0.741176470588235,,,,,,25.8823529411765,,,
18-09-2020 18:18:12.014,,47.078704278683,,,0.263158291861111,14.1236588614167,,,226.542973019357,,-1.89954499438931,84,
18-09-2020 18:18:12.062,,,,,,,2565,,,,,,
18-09-2020 18:18:12.108,,,,-0.741176470588235,,,,,,25.8823529411765,,,
18-09-2020 18:18:12.154,,47.3340998316363,,,0.266428869194444,14.12692943875,,,232.340384087501,,-1.42568925517317,84,
18-09-2020 18:18:12.203,,,,,,,2466,,,,,,
18-09-2020 18:18:12.248,,,,-0.741176470588235,,,,,,25.8823529411765,,,
18-09-2020 18:18:12.294,,47.5793717937139,,,0.269663897944444,14.1301644675,,,223.830249962571,,-1.41764390531636,83,
18-09-2020 18:18:12.341,,,,,,,2362,,,,,,
18-09-2020 18:18:12.389,,,,-0.741176470588235,,,,,,25.8823529411765,,,
18-09-2020 18:18:12.434,,47.8131213734964,,,0.272841584722222,14.1333421542778,,,215.321241219065,,-1.42688053437018,82,
18-09-2020 18:18:12.475,,,,,,,2253,,,,,,
18-09-2020 18:18:12.521,,,,-0.729411764705882,,,,,,27.0588235294118,,,
18-09-2020 18:18:12.567,,48.0260437326938,,,0.275826290722222,14.1363268602778,,,206.176220179691,,-1.50783058642788,81,
18-09-2020 18:18:12.614,,,,,,,2148,,,,,,
18-09-2020 18:18:12.660,,,,-0.729411764705882,,,,,,27.0588235294118,,,
18-09-2020 18:18:12.709,,48.2443530362479,,,0.2789850285,14.1394855980556,,,192.427817110935,,-2.00345604181036,80,
18-09-2020 18:18:12.758,,,,,,,2038,,,,,,
18-09-2020 18:18:12.801,,,,-0.729411764705882,,,,,,27.0588235294118,,,
18-09-2020 18:18:12.851,,48.4598943307755,,,0.282146446277778,14.1426470158333,,,198.32637328656,,-1.49722698589942,80,
18-09-2020 18:18:12.897,,,,,,,1935,,,,,,
18-09-2020 18:18:12.946,,,,-0.729411764705882,,,,,,27.0588235294118,,,
18-09-2020 18:18:12.992,,48.6634701974836,,,0.285233143055556,14.1457337126111,,,190.588596111367,,-1.49419555828256,79,
18-09-2020 18:18:13.039,,,,,,,1828,,,,,,
18-09-2020 18:18:13.083,,,,-0.729411764705882,,,,,,27.0588235294118,,,
18-09-2020 18:18:13.128,,48.8513863728228,,,0.288180516055556,14.1486810856111,,,183.117505294368,,-1.48519512939168,78,
18-09-2020 18:18:13.145,,,,,,,1730,,,,,,
18-09-2020 18:18:13.189,,,,-0.729411764705882,,,,,,27.0588235294118,,,
18-09-2020 18:18:13.235,,48.9931784503389,,,0.290480386277778,14.1509809558333,,,174.646476855113,,-1.58270781555047,77,
18-09-2020 18:18:13.284,,,,,,,1655,,,,,,
18-09-2020 18:18:13.328,,,,-0.717647058823529,,,,,,28.2352941176471,,,
18-09-2020 18:18:13.373,,49.1724581706968,,,0.293421240861111,14.1539218104167,,,174.484784986624,,-1.59712527671793,77,
18-09-2020 18:18:13.419,,,,,,,1563,,,,,,
18-09-2020 18:18:13.628,,,,-0.705882352941177,,,,,,29.4117647058824,,,
18-09-2020 18:18:13.831,,49.7123534926875,,,0.302977147111111,14.1634777166667,,,163.331577604224,,-1.32364099859395,75,
18-09-2020 18:18:14.034,,,,,,,1324,,,,,,
18-09-2020 18:18:14.304,,,,-0.729411764705882,,,,,,27.0588235294118,,,
18-09-2020 18:18:14.352,,50.2289581403429,,,0.313389255111111,14.1738898246667,,,143.021607572851,,-1.36135258329449,72,
18-09-2020 18:18:14.400,,,,,,,1111,,,,,,
18-09-2020 18:18:14.445,,,,-0.705882352941177,,,,,,29.4117647058824,,,
18-09-2020 18:18:14.490,,50.3556344038505,,,0.316107227805556,14.1766077973611,,,137.096936661236,,-1.32842422132887,71,
18-09-2020 18:18:14.537,,,,,,,1056,,,,,,
18-09-2020 18:18:14.585,,,,-0.694117647058824,,,,,,30.5882352941176,,,
18-09-2020 18:18:14.630,,50.4767581871242,,,0.31883358975,14.1793341593056,,,128.77946961564,,-1.54685616025875,70,
18-09-2020 18:18:14.677,,,,,,,1027,,,,,,
18-09-2020 18:18:14.719,,,,-0.670588235294118,,,,,,32.9411764705882,,,
18-09-2020 18:18:14.764,,50.5909522984201,,,0.321435550027778,14.1819361195833,,,129.368732339911,,-1.48905956370483,70,
18-09-2020 18:18:14.810,,,,,,,1004,,,,,,
18-09-2020 18:18:14.853,,,,-0.635294117647059,,,,,,36.4705882352941,,,
18-09-2020 18:18:14.899,,50.6994738360597,,,0.324034804944444,14.1845353745,,,123.14507999723,,-1.52225379782533,69,
18-09-2020 18:18:14.946,,,,,,,983,,,,,,
18-09-2020 18:18:14.992,,,,-0.623529411764706,,,,,,37.6470588235294,,,
18-09-2020 18:18:15.036,,50.8073665825032,,,0.326650115777778,14.1871506853333,,,128.219257696605,,-1.01735083713934,69,
18-09-2020 18:18:15.165,,,,,,,,15.75,,,,,
18-09-2020 18:18:15.296,,,100,,,,,,,,,,
18-09-2020 18:18:15.423,14,,,,,,,,,,,,
18-09-2020 18:18:15.470,,,,,,,962,,,,,,
18-09-2020 18:18:15.522,,,,-0.6,,,,,,40,,,
18-09-2020 18:18:15.569,,51.1718319549252,,,0.336568706444444,14.197069276,,,118.091078422407,,-0.88736631027906,67,
18-09-2020 18:18:15.614,,,,,,,958,,,,,,
18-09-2020 18:18:15.659,,,,-0.6,,,,,,40,,,
18-09-2020 18:18:15.707,,51.2577538156529,,,0.339098933777778,14.1995995033333,,,109.833249206906,,-1.17822317441506,66,
18-09-2020 18:18:15.752,,,,,,,958,,,,,,
18-09-2020 18:18:15.798,,,,-0.588235294117647,,,,,,41.1764705882353,,,
18-09-2020 18:18:15.845,,51.3427816028888,,,0.341632109111111,14.2021326786667,,,112.688135362038,,-0.881237025547273,66,
18-09-2020 18:18:15.893,,,,,,,956,,,,,,
18-09-2020 18:18:15.938,,,,-0.611764705882353,,,,,,38.8235294117647,,,
18-09-2020 18:18:15.986,,51.4226138714198,,,0.344175275638889,14.2046758451944,,,104.661836927771,,-1.16964604756132,65,
18-09-2020 18:18:16.033,,,,,,,951,,,,,,
18-09-2020 18:18:16.084,,,,-0.6,,,,,,40,,,
18-09-2020 18:18:16.131,,51.5039560765355,,,0.346797480361111,14.2072980499167,,,106.379283807638,,-0.988236018669043,65,
18-09-2020 18:18:16.177,,,,,,,945,,,,,,
18-09-2020 18:18:16.223,,,,-0.611764705882353,,,,,,38.8235294117647,,,
18-09-2020 18:18:16.268,,51.5743291254786,,,0.349238205694444,14.20973877525,,,101.253651738889,,-0.989277087153551,64,
18-09-2020 18:18:16.314,,,,,,,944,,,,,,
18-09-2020 18:18:16.361,,,,-0.6,,,,,,40,,,
18-09-2020 18:18:16.409,,51.6457455852886,,,0.351742980805556,14.2122435503611,,,101.29869323879,,-0.984445117411127,64,
18-09-2020 18:18:16.458,,,,,,,951,,,,,,
18-09-2020 18:18:16.505,,,,-0.611764705882353,,,,,,38.8235294117647,,,
18-09-2020 18:18:16.556,,51.7132139348706,,,0.354307770305556,14.2148083398611,,,96.4345116354202,,-0.97458568997899,63,
18-09-2020 18:18:16.602,,,,,,,955,,,,,,
18-09-2020 18:18:16.645,,,,-0.611764705882353,,,,,,38.8235294117647,,,
18-09-2020 18:18:16.692,,51.7749919233443,,,0.356683633305556,14.2171842028611,,,96.2834628476787,,-0.991047137829108,63,
18-09-2020 18:18:16.739,,,,,,,959,,,,,,
18-09-2020 18:18:16.783,,,,-0.623529411764706,,,,,,37.6470588235294,,,
18-09-2020 18:18:16.828,,51.8308453563083,,,0.359029773583333,14.2195303431389,,,91.4708627776082,,-0.993063826535901,62,
18-09-2020 18:18:16.873,,,,,,,961,,,,,,
18-09-2020 18:18:16.918,,,,-0.611764705882353,,,,,,38.8235294117647,,,
18-09-2020 18:18:16.964,,51.8861387973416,,,0.361380109194444,14.22188067875,,,91.3986537660502,,-1.00106016275476,62,
18-09-2020 18:18:17.011,,,,,,,965,,,,,,
18-09-2020 18:18:17.057,,,,-0.623529411764706,,,,,,37.6470588235294,,,
18-09-2020 18:18:17.104,,51.9423082251444,,,0.36378922425,14.2242897938056,,,95.8638548822064,,-0.506589339248838,62,
18-09-2020 18:18:17.150,,,,,,,967,,,,,,
18-09-2020 18:18:17.198,,,,-0.623529411764706,,,,,,37.6470588235294,,,
18-09-2020 18:18:17.245,,51.9924574821103,,,0.36616807175,14.2266686413056,,,86.7301879352174,,-1.00469647376052,61,
18-09-2020 18:18:17.347,,,,,,,959,,,,,,
18-09-2020 18:18:17.395,,,,-0.623529411764706,,,,,,37.6470588235294,,,
18-09-2020 18:18:17.442,,52.0618910049926,,,0.36950525975,14.2300058293056,,,91.6353007489425,,-0.452605685328468,61,
18-09-2020 18:18:17.492,,,,,,,959,,,,,,
18-09-2020 18:18:17.644,,,,-0.635294117647059,,,,,,36.4705882352941,,,
18-09-2020 18:18:17.846,,52.1855782524666,,,0.376246863083333,14.2367474326389,,,85.5217732809901,,-0.630170231665701,60,
18-09-2020 18:18:18.051,,,,,,,945,,,,,,
18-09-2020 18:18:18.253,,,,-0.635294117647059,,,,,,36.4705882352941,,,
18-09-2020 18:18:18.416,,52.310605625864,,,0.385436948583333,14.2459375181389,,,75.071966556069,,-0.846863459103566,58,
18-09-2020 18:18:18.470,,,,,,,925,,,,,,
18-09-2020 18:18:18.517,,,,-0.647058823529412,,,,,,35.2941176470588,,,
18-09-2020 18:18:18.561,,52.330613352902,,,0.387684525694445,14.24818509525,,,65.4040062136736,,-1.05510054977407,56,
18-09-2020 18:18:18.631,,,,,,,919,,,,,,
18-09-2020 18:18:18.677,,,,-0.635294117647059,,,,,,36.4705882352941,,,
18-09-2020 18:18:18.723,,52.3527478548399,,,0.390200702138889,14.2507012716944,,,65.1681191223796,,-1.08402116210503,56,
18-09-2020 18:18:18.772,,,,,,,918,,,,,,
18-09-2020 18:18:18.817,,,,-0.647058823529412,,,,,,35.2941176470588,,,
18-09-2020 18:18:18.875,,52.3676370344761,,,0.39252036075,14.2530209303056,,,59.2998298572807,,-1.35013278717978,55,
18-09-2020 18:18:18.921,,,,,,,921,,,,,,
18-09-2020 18:18:18.964,,,,-0.635294117647059,,,,,,36.4705882352941,,,
18-09-2020 18:18:19.009,,52.3757002126877,,,0.39453076725,14.2550313368056,,,51.6051050977814,,-1.87600383792865,54,
18-09-2020 18:18:19.077,,,,,,,916,,,,,,
18-09-2020 18:18:19.122,,,,-0.647058823529412,,,,,,35.2941176470588,,,
18-09-2020 18:18:19.169,,52.3793726569454,,,0.396895391694445,14.25739596125,,,52.1653526746463,,-1.37002974444178,53,
18-09-2020 18:18:19.216,,,,,,,927,,,,,,
18-09-2020 18:18:19.261,,,,-0.647058823529412,,,,,,35.2941176470588,,,
18-09-2020 18:18:19.309,,52.3825375038914,,,0.398954060388889,14.2594546299444,,,51.7679106570729,,-1.42151575542674,53,
18-09-2020 18:18:19.355,,,,,,,930,,,,,,
18-09-2020 18:18:19.400,,,,-0.658823529411765,,,,,,34.1176470588235,,,
18-09-2020 18:18:19.447,,52.3806243035907,,,0.400940575944445,14.2614411455,,,48.2214620476338,,-1.45699209925636,52,
18-09-2020 18:18:19.493,,,,,,,934,,,,,,
18-09-2020 18:18:19.539,,,,-0.658823529411765,,,,,,34.1176470588235,,,
18-09-2020 18:18:19.586,,52.3736687957601,,,0.402916670111111,14.2634172396667,,,45.1845607209535,,-1.44296371356062,51,
18-09-2020 18:18:19.633,,,,,,,938,,,,,,
18-09-2020 18:18:19.678,,,,-0.658823529411765,,,,,,34.1176470588235,,,
18-09-2020 18:18:19.719,,52.3623621563046,,,0.404758093722222,14.2652586632778,,,41.6337673383223,,-1.51664775710243,50,
18-09-2020 18:18:19.763,,,,,,,939,,,,,,
18-09-2020 18:18:19.810,,,,-0.658823529411765,,,,,,34.1176470588235,,,
18-09-2020 18:18:19.827,,52.3531861252036,,,0.406266686777778,14.2667672563333,,,40.9704104818436,,-1.60773730652811,50,
18-09-2020 18:18:19.870,,,,,,,937,,,,,,
18-09-2020 18:18:19.913,,,,-0.658823529411765,,,,,,34.1176470588235,,,
18-09-2020 18:18:19.958,,52.3375498893368,,,0.408046728833333,14.2685472983889,,,37.9531150020906,,-1.62924996370031,49,
18-09-2020 18:18:20.006,,,,,,,933,,,,,,
18-09-2020 18:18:20.052,,,,-0.658823529411765,,,,,,34.1176470588235,,,
18-09-2020 18:18:20.096,,52.3162885062195,,,0.409889656833333,14.2703902263889,,,35.1873769203012,,-1.63339922465806,48,
18-09-2020 18:18:20.190,,,,,,,924,,,,,,
18-09-2020 18:18:20.232,,,,-0.658823529411765,,,,,,34.1176470588235,,,
18-09-2020 18:18:20.275,,52.2890802485035,,,0.412275394166667,14.2727759637222,,,39.6276632618326,,-0.998271492910026,48,
18-09-2020 18:18:20.321,,,,,,,924,,,,,,
18-09-2020 18:18:20.339,,,,-0.658823529411765,,,,,,34.1176470588235,,,
18-09-2020 18:18:20.383,,52.2690210842268,,,0.413686193166667,14.2741867627222,,,33.4919955072019,,-1.49909646457887,47,
18-09-2020 18:18:20.427,,,,,,,914,,,,,,
18-09-2020 18:18:20.474,,,,-0.658823529411765,,,,,,34.1176470588235,,,
18-09-2020 18:18:20.518,,52.2442399787248,,,0.415443913527778,14.2759444830833,,,36.9609450326378,,-0.992349146853622,47,
18-09-2020 18:18:20.565,,,,,,,909,,,,,,
18-09-2020 18:18:20.609,,,,-0.647058823529412,,,,,,35.2941176470588,,,
18-09-2020 18:18:20.626,,52.2244556069601,,,0.416859058722222,14.2773596282778,,,40.1667232858937,,-0.524046129139556,47,
18-09-2020 18:18:20.646,,,,,,,907,,,,,,
18-09-2020 18:18:20.665,,,,-0.658823529411765,,,,,,34.1176470588235,,,
18-09-2020 18:18:20.780,,52.1965943313309,,,0.418870483777778,14.2793710533333,,,39.990028815708,,-0.549857818864914,47,
18-09-2020 18:18:20.832,,,,,,,911,,,,,,
18-09-2020 18:18:20.875,,,,-0.647058823529412,,,,,,35.2941176470588,,,
18-09-2020 18:18:20.921,,52.1713563927205,,,0.420710467194445,14.28121103675,,,43.7540921922463,,0,47,
18-09-2020 18:18:20.940,,,,,,,907,,,,,,
18-09-2020 18:18:20.960,,,,-0.658823529411765,,,,,,34.1176470588235,,,
18-09-2020 18:18:21.006,,52.156299702824,,,0.42181747125,14.2823180408056,,,43.7540921922463,,0,47,
18-09-2020 18:18:21.053,,,,,,,908,,,,,,
18-09-2020 18:18:21.100,,,,-0.647058823529412,,,,,,35.2941176470588,,,
18-09-2020 18:18:21.147,,52.1266956793762,,,0.423615034972222,14.2841156045278,,,37.4445398126079,,-0.533702467577629,46,
18-09-2020 18:18:21.194,,,,,,,904,,,,,,
18-09-2020 18:18:21.239,,,,-0.635294117647059,,,,,,36.4705882352941,,,
18-09-2020 18:18:21.260,,52.1030039686726,,,0.425065965694445,14.28556653525,,,37.1421921979838,,-0.578829840373085,46,
18-09-2020 18:18:21.306,,,,,,,912,,,,,,
18-09-2020 18:18:21.349,,,,-0.647058823529412,,,,,,35.2941176470588,,,
18-09-2020 18:18:21.398,,52.0699942617932,,,0.426780201944445,14.2872807715,,,30.7564925008838,,-1.16661981521489,45,
18-09-2020 18:18:21.437,,,,,,,924,,,,,,
18-09-2020 18:18:21.484,,,,-0.647058823529412,,,,,,35.2941176470588,,,
18-09-2020 18:18:21.533,,52.0377535798401,,,0.428469668194445,14.28897023775,,,31.4875923986853,,-1.05507341865543,45,
18-09-2020 18:18:21.581,,,,,,,925,,,,,,
18-09-2020 18:18:21.802,,,,-0.647058823529412,,,,,,35.2941176470588,,,
18-09-2020 18:18:22.004,,51.8804041122461,,,0.433976150527778,14.2944767200833,,,23.2976093045388,,-1.29555605874953,42,
18-09-2020 18:18:22.208,,,,,,,931,,,,,,
18-09-2020 18:18:22.410,,,,-0.658823529411765,,,,,,34.1176470588235,,,
18-09-2020 18:18:22.493,,51.6588804900242,,,0.439131743527778,14.2996323130833,,,13.1473201977434,,-1.8027012035374,38,
18-09-2020 18:18:22.541,,,,,,,923,,,,,,
18-09-2020 18:18:22.608,,,,-0.670588235294118,,,,,,32.9411764705882,,,
18-09-2020 18:18:22.655,,51.5817469558429,,,0.440795508138889,14.3012960776944,,,11.822622572291,,-1.76730487049959,37,
18-09-2020 18:18:22.676,,,,,,,924,,,,,,
18-09-2020 18:18:22.713,,,,-0.658823529411765,,,,,,34.1176470588235,,,
18-09-2020 18:18:22.759,,51.5290760429382,,,0.441838938138889,14.3023395076944,,,8.97490493450434,,-2.03825046037963,36,
18-09-2020 18:18:22.778,,,,,,,929,,,,,,
18-09-2020 18:18:22.823,,,,-0.658823529411765,,,,,,34.1176470588235,,,
18-09-2020 18:18:22.867,,51.4751354271241,,,0.442914880138889,14.3034154496944,,,9.52808665000462,,-1.93274944199591,36,
18-09-2020 18:18:22.915,,,,,,,924,,,,,,
18-09-2020 18:18:22.933,,,,-0.658823529411765,,,,,,34.1176470588235,,,
18-09-2020 18:18:22.980,,51.415187383768,,,0.444014668611111,14.3045152381667,,,9.34520212759128,,-1.71127094381726,35,
18-09-2020 18:18:23.031,,,,,,,924,,,,,,
18-09-2020 18:18:23.077,,,,-0.670588235294118,,,,,,32.9411764705882,,,
18-09-2020 18:18:23.127,,51.332995336007,,,0.445406975222223,14.3059075447778,,,7.82830428718226,,-1.7640201143452,34,
18-09-2020 18:18:23.174,,,,,,,928,,,,,,
18-09-2020 18:18:23.220,,,,-0.670588235294118,,,,,,32.9411764705882,,,
18-09-2020 18:18:23.264,,51.2528471938629,,,0.446660136472223,14.3071607060278,,,7.21224950320346,,-1.65042843141565,33,
18-09-2020 18:18:23.327,,,,,,,930,,,,,,
18-09-2020 18:18:23.374,,,,-0.658823529411765,,,,,,34.1176470588235,,,
18-09-2020 18:18:23.418,,51.1590082552073,,,0.448029799583334,14.3085303691389,,,4.4180589773184,,-2.01497334754454,32,
18-09-2020 18:18:23.465,,,,,,,925,,,,,,
18-09-2020 18:18:23.511,,,,-0.670588235294118,,,,,,32.9411764705882,,,
18-09-2020 18:18:23.554,,51.0726250243976,,,0.449198207666667,14.3096987772222,,,3.81383995742929,,-1.93592858498837,31,
18-09-2020 18:18:23.600,,,,,,,916,,,,,,
18-09-2020 18:18:23.644,,,,-0.670588235294118,,,,,,32.9411764705882,,,
18-09-2020 18:18:23.690,,50.982734102632,,,0.450328507666667,14.3108290772222,,,2.7430632920654,,-1.97633000932413,30,
18-09-2020 18:18:23.735,,,,,,,914,,,,,,
18-09-2020 18:18:23.779,,,,-0.670588235294118,,,,,,32.9411764705882,,,
18-09-2020 18:18:23.822,,50.8916622944709,,,0.451394102194445,14.31189467175,,,1.86268445211353,,-1.9924000696304,29,
18-09-2020 18:18:23.869,,,,,,,907,,,,,,
18-09-2020 18:18:23.915,,,,-0.670588235294118,,,,,,32.9411764705882,,,
18-09-2020 18:18:24.017,,50.7524185353079,,,0.452914100861111,14.3134146704167,,,1.68750896034283,,-1.85467776253604,28,
18-09-2020 18:18:24.066,,,,,,,907,,,,,,
18-09-2020 18:18:24.114,,,,-0.670588235294118,,,,,,32.9411764705882,,,
18-09-2020 18:18:24.161,,50.6467705748752,,,0.453990504611111,14.3144910741667,,,1.09452018300342,,-1.83100283292758,27,
18-09-2020 18:18:24.209,,,,,,,901,,,,,,
18-09-2020 18:18:24.258,,,,-0.658823529411765,,,,,,34.1176470588235,,,
18-09-2020 18:18:24.306,,50.5361193196785,,,0.455041549555556,14.3155421191111,,,0.584944320346671,,-1.80150839937978,26,
18-09-2020 18:18:24.352,,,,,,,890,,,,,,
18-09-2020 18:18:24.423,,,,-0.670588235294118,,,,,,32.9411764705882,,,
18-09-2020 18:18:24.471,,50.4121837386648,,,0.456230072388889,14.3167306419444,,,2.54507520012165,,-1.28389792230908,26,
18-09-2020 18:18:24.518,,,,,,,899,,,,,,
18-09-2020 18:18:24.567,,,,-0.658823529411765,,,,,,34.1176470588235,,,
18-09-2020 18:18:24.614,,50.3009337691434,,,0.457224991833334,14.3177255613889,,,1.50107493127323,,-1.39616476888782,25,
18-09-2020 18:18:24.684,,,,,,,909,,,,,,
18-09-2020 18:18:24.734,,,,-0.658823529411765,,,,,,34.1176470588235,,,
18-09-2020 18:18:24.780,,50.1680434376267,,,0.458332753166667,14.3188333227222,,,1.12387024142303,,-1.34511763995344,24,
18-09-2020 18:18:24.827,,,,,,,909,,,,,,
18-09-2020 18:18:24.867,,,,-0.670588235294118,,,,,,32.9411764705882,,,
18-09-2020 18:18:24.914,,50.0619502467935,,,0.459225315833334,14.3197258853889,,,2.63109404170172,,-0.913938405157742,24,
18-09-2020 18:18:24.935,,,,,,,907,,,,,,
18-09-2020 18:18:24.981,,,,-0.658823529411765,,,,,,34.1176470588235,,,
18-09-2020 18:18:25.029,,49.9683534613381,,,0.459957554055556,14.3204581236111,,,0.124125310979451,,-1.49358362449253,23,
18-09-2020 18:18:25.075,,,,,,,913,,,,,,
18-09-2020 18:18:25.121,,,,-0.658823529411765,,,,,,34.1176470588235,,,
18-09-2020 18:18:25.170,,49.8499268453849,,,0.460818678055556,14.3213192476111,,,-0.319916837563751,,-1.5002715491504,22,
18-09-2020 18:18:25.215,,,,,,,923,,,,,,
18-09-2020 18:18:25.276,,,,-0.658823529411765,,,,,,34.1176470588235,,,
18-09-2020 18:18:25.297,,49.7396401723239,,,0.461563625055556,14.3220641946111,,,-1.02591686349093,,-1.61142913202175,21,
18-09-2020 18:18:25.347,,,,,,,923,,,,,,
18-09-2020 18:18:25.392,,,,-0.658823529411765,,,,,,34.1176470588235,,,
18-09-2020 18:18:25.443,,49.615122152223,,,0.462411597472223,14.3229121670278,,,-0.918988308589779,,-1.57646958968091,21,
18-09-2020 18:18:25.491,,,,,,,920,,,,,,
18-09-2020 18:18:25.537,,,,-0.658823529411765,,,,,,34.1176470588235,,,
18-09-2020 18:18:25.584,,49.4913743941805,,,0.463193739138889,14.3236943086944,,,-1.00481130082872,,-1.50232304212003,20,
18-09-2020 18:18:25.629,,,,,,,920,,,,,,
18-09-2020 18:18:25.676,,,,-0.658823529411765,,,,,,34.1176470588235,,,
18-09-2020 18:18:25.697,,49.3892241713329,,,0.463791459083334,14.3242920286389,,,-1.48346602651742,,-1.58059894457718,19,
18-09-2020 18:18:25.914,,,,,,,918,,,,,,
18-09-2020 18:18:26.117,,,,-0.658823529411765,,,,,,34.1176470588235,,,
18-09-2020 18:18:26.321,,48.7839173568322,,,0.466565495083334,14.3270660646389,,,-1.43656608359715,,-1.35717271261595,16,
18-09-2020 18:18:26.523,,,,,,,902,,,,,,
18-09-2020 18:18:26.615,,,,-0.647058823529412,,,,,,35.2941176470588,,,
18-09-2020 18:18:26.661,,48.4336105713928,,,0.467794717305556,14.3282952868611,,,-2.52695862377486,,-1.82357818389958,13,
18-09-2020 18:18:26.710,,,,,,,900,,,,,,
18-09-2020 18:18:26.756,,,,-0.647058823529412,,,,,,35.2941176470588,,,
18-09-2020 18:18:26.802,,48.2908759111303,,,0.468302538472223,14.3288031080278,,,-2.0962057858007,,-1.59608094454283,13,
18-09-2020 18:18:26.848,,,,,,,894,,,,,,
18-09-2020 18:18:26.895,,,,-0.635294117647059,,,,,,36.4705882352941,,,
18-09-2020 18:18:26.940,,48.15214290036,,,0.468800084944445,14.3293006545,,,-1.61306564707249,,-1.34091594481809,13,
18-09-2020 18:18:26.960,,,,,,,870,,,,,,
18-09-2020 18:18:27.007,,,,-0.623529411764706,,,,,,37.6470588235294,,,
18-09-2020 18:18:27.054,,48.0342869112071,,,0.469182190611111,14.3296827601667,,,-1.91889424896981,,-1.51455306016279,12,
18-09-2020 18:18:27.101,,,,,,,798,,,,,,
18-09-2020 18:18:27.147,,,,-0.564705882352941,,,,,,43.5294117647059,,,
18-09-2020 18:18:27.164,,47.9220017957524,,,0.469548569944445,14.3300491395,,,-0.237034098092355,,-0.552276359443723,12,
18-09-2020 18:18:27.210,,,,,,,820,,,,,,
18-09-2020 18:18:27.255,,,,-0.494117647058823,,,,,,50.5882352941177,,,
18-09-2020 18:18:27.373,,47.7171193949157,,,0.470300290611111,14.3308008601667,,,,,,13,
18-09-2020 18:18:27.422,,,,,,,809,,,,,,
18-09-2020 18:18:27.439,,,,-0.458823529411765,,,,,,54.1176470588235,,,
18-09-2020 18:18:27.485,,47.607533198528,,,0.470705999666667,14.3312065692222,,,,,,13,
18-09-2020 18:18:27.531,,,,,,,852,,,,,,
18-09-2020 18:18:27.576,,,,-0.435294117647059,,,,,,56.4705882352941,,,
18-09-2020 18:18:27.624,,47.4729096856161,,,0.471207944111111,14.3317085136667,,,1.84950758787983,,0.48780294587321,13,
18-09-2020 18:18:27.672,,,,,,,826,,,,,,
18-09-2020 18:18:27.719,,,,-0.411764705882353,,,,,,58.8235294117647,,,
18-09-2020 18:18:27.788,,47.3148309799866,,,0.471802361888889,14.3323029314444,,,1.76864633973153,,0.445096992242832,13,
18-09-2020 18:18:27.832,,,,,,,854,,,,,,
18-09-2020 18:18:27.882,,,,-0.423529411764706,,,,,,57.6470588235294,,,
18-09-2020 18:18:27.929,,47.1808935701957,,,0.472310319194445,14.33281088875,,,0.925880980800283,,0,13,
18-09-2020 18:18:27.976,,,,,,,850,,,,,,
18-09-2020 18:18:28.022,,,,-0.423529411764706,,,,,,57.6470588235294,,,
18-09-2020 18:18:28.066,,47.0516904840426,,,0.472804099277778,14.3333046688333,,,0.925880980800283,,0,13,
18-09-2020 18:18:28.114,,,,,,,855,,,,,,
18-09-2020 18:18:28.160,,,,-0.423529411764706,,,,,,57.6470588235294,,,
18-09-2020 18:18:28.208,,46.918484897123,,,0.473317115027778,14.3338176845833,,,0.925880980800283,,0,13,
18-09-2020 18:18:28.253,,,,,,,864,,,,,,
18-09-2020 18:18:28.300,,,,-0.435294117647059,,,,,,56.4705882352941,,,
18-09-2020 18:18:28.343,,46.7925675589633,,,0.473805777805556,14.3343063473611,,,0.925880980800283,,0,13,
18-09-2020 18:18:28.390,,,,,,,862,,,,,,
18-09-2020 18:18:28.408,,,,-0.435294117647059,,,,,,56.4705882352941,,,
18-09-2020 18:18:28.454,,46.6907345802914,,,0.474203657611111,14.3347042271667,,,0.925880980800283,,0,13,
18-09-2020 18:18:28.500,,,,,,,865,,,,,,
18-09-2020 18:18:28.549,,,,-0.447058823529412,,,,,,55.2941176470588,,,
18-09-2020 18:18:28.599,,46.5575356933997,,,0.474727753694445,14.33522832325,,,0.925880980800283,,0,13,
18-09-2020 18:18:28.643,,,,,,,855,,,,,,
18-09-2020 18:18:28.688,,,,-0.447058823529412,,,,,,55.2941176470588,,,
18-09-2020 18:18:28.733,,46.4350821509025,,,0.475213190666667,14.3357137602222,,,0.925880980800283,,0,13,
18-09-2020 18:18:28.754,,,,,,,862,,,,,,
18-09-2020 18:18:28.799,,,,-0.447058823529412,,,,,,55.2941176470588,,,
18-09-2020 18:18:28.849,,46.3298769405065,,,0.4756331275,14.3361336970556,,,0.925880980800283,,0,13,
18-09-2020 18:18:28.899,,,,,,,867,,,,,,
18-09-2020 18:18:28.949,,,,-0.435294117647059,,,,,,56.4705882352941,,,
18-09-2020 18:18:29.000,,46.194407618201,,,0.476177787055556,14.3366783566111,,,0.925880980800283,,0,13,
18-09-2020 18:18:29.047,,,,,,,858,,,,,,
18-09-2020 18:18:29.081,,,,-0.447058823529412,,,,,,55.2941176470588,,,
18-09-2020 18:18:29.146,,46.0645315902969,,,0.47670414225,14.3372047118056,,,0.925880980800283,,0,13,
18-09-2020 18:18:29.193,,,,,,,864,,,,,,
18-09-2020 18:18:29.243,,,,-0.458823529411765,,,,,,54.1176470588235,,,
18-09-2020 18:18:29.289,,45.9375272668481,,,0.477222848027778,14.3377234175833,,,0.925880980800283,,0,13,
18-09-2020 18:18:29.311,,,,,,,863,,,,,,
18-09-2020 18:18:29.356,,,,-0.447058823529412,,,,,,55.2941176470588,,,
18-09-2020 18:18:29.403,,45.8376842942079,,,0.47763346675,14.3381340363056,,,0.925880980800283,,0,13,
18-09-2020 18:18:29.449,,,,,,,870,,,,,,
18-09-2020 18:18:29.497,,,,-0.458823529411765,,,,,,54.1176470588235,,,
18-09-2020 18:18:29.542,,45.7164459092155,,,0.478135488111111,14.3386360576667,,,0.925880980800283,,0,13,
18-09-2020 18:18:29.589,,,,,,,866,,,,,,
18-09-2020 18:18:29.634,,,,-0.458823529411765,,,,,,54.1176470588235,,,
18-09-2020 18:18:29.681,,45.5966640797039,,,0.478635095805556,14.3391356653611,,,0.925880980800283,,0,13,
18-09-2020 18:18:29.724,,,,,,,865,,,,,,
18-09-2020 18:18:29.768,,,,-0.458823529411765,,,,,,54.1176470588235,,,
18-09-2020 18:18:29.987,,45.3340175832265,,,0.4797435325,14.3402441020556,,,0.925880980800283,,0,13,
18-09-2020 18:18:30.189,,,,,,,869,,,,,,
18-09-2020 18:18:30.392,,,,-0.458823529411765,,,,,,54.1176470588235,,,
18-09-2020 18:18:30.598,,44.8238561975449,,,0.481948873444445,14.342449443,,,0.925880980800283,,0,13,
18-09-2020 18:18:30.741,,,,,,,857,,,,,,
18-09-2020 18:18:30.788,,,,-0.435294117647059,,,,,,56.4705882352941,,,
18-09-2020 18:18:30.861,,44.6092792018958,,,0.4828978005,14.3433983700556,,,0.925880980800283,,0,13,
18-09-2020 18:18:30.912,,,,,,,842,,,,,,
18-09-2020 18:18:30.934,,,,-0.435294117647059,,,,,,56.4705882352941,,,
18-09-2020 18:18:30.982,,44.5116378991206,,,0.483333859861111,14.3438344294167,,,0.925880980800283,,0,13,
18-09-2020 18:18:31.028,,,,,,,853,,,,,,
18-09-2020 18:18:31.074,,,,-0.423529411764706,,,,,,57.6470588235294,,,
18-09-2020 18:18:31.118,,44.4024727434361,,,0.483824581694445,14.34432515125,,,0.925880980800283,,0,13,
18-09-2020 18:18:31.164,,,,,,,843,,,,,,
18-09-2020 18:18:31.212,,,,-0.423529411764706,,,,,,57.6470588235294,,,
18-09-2020 18:18:31.257,,44.2910963317157,,,0.484328768277778,14.3448293378333,,,0.925880980800283,,0,13,
18-09-2020 18:18:31.303,,,,,,,851,,,,,,
18-09-2020 18:18:31.347,,,,-0.423529411764706,,,,,,57.6470588235294,,,
18-09-2020 18:18:31.393,,44.1836435726098,,,0.484818611888889,14.3453191814444,,,0.925880980800283,,0,13,
18-09-2020 18:18:31.438,,,,,,,842,,,,,,
18-09-2020 18:18:31.486,,,,-0.411764705882353,,,,,,58.8235294117647,,,
18-09-2020 18:18:31.533,,44.0738913213628,,,0.485322433388889,14.3458230029444,,,0.925880980800283,,0,13,
18-09-2020 18:18:31.580,,,,,,,846,,,,,,
18-09-2020 18:18:31.628,,,,-0.4,,,,,,60,,,
18-09-2020 18:18:31.646,,43.985432180675,,,0.485731090916667,14.3462316604722,,,0.925880980800283,,0,13,
18-09-2020 18:18:31.718,,,,,,,845,,,,,,
18-09-2020 18:18:31.766,,,,-0.388235294117647,,,,,,61.1764705882353,,,
18-09-2020 18:18:31.814,,43.8549980802726,,,0.486337970638889,14.3468385401944,,,0.925880980800283,,0,13,
18-09-2020 18:18:31.835,,,,,,,851,,,,,,
18-09-2020 18:18:31.885,,,,-0.364705882352941,,,,,,63.5294117647059,,,
18-09-2020 18:18:31.911,,43.7800096220611,,,0.486689181888889,14.3471897514444,,,0.925880980800283,,0,13,
18-09-2020 18:18:31.934,,,,,,,850,,,,,,
18-09-2020 18:18:31.985,,,,-0.352941176470588,,,,,,64.7058823529412,,,
18-09-2020 18:18:32.032,,43.6876096744505,,,0.487124323305556,14.3476248928611,,,0.925880980800283,,0,13,
18-09-2020 18:18:32.080,,,,,,,849,,,,,,
18-09-2020 18:18:32.126,,,,-0.341176470588235,,,,,,65.8823529411765,,,
18-09-2020 18:18:32.174,,43.579371500236,,,0.48763740225,14.3481379718056,,,0.925880980800283,,0,13,
18-09-2020 18:18:32.219,,,,,,,848,,,,,,
18-09-2020 18:18:32.267,,,,-0.329411764705882,,,,,,67.0588235294118,,,
18-09-2020 18:18:32.314,,43.4729352517422,,,0.488145471861111,14.3486460414167,,,0.925880980800283,,0,13,
18-09-2020 18:18:32.364,,,,,,,850,,,,,,
18-09-2020 18:18:32.411,,,,-0.317647058823529,,,,,,68.2352941176471,,,
18-09-2020 18:18:32.457,,43.365843885714,,,0.488660265,14.3491608345556,,,0.925880980800283,,0,13,
18-09-2020 18:18:32.501,,,,,,,855,,,,,,
18-09-2020 18:18:32.548,,,,-0.329411764705882,,,,,,67.0588235294118,,,
18-09-2020 18:18:32.592,,43.2649886968032,,,0.489148436305556,14.3496490058611,,,0.925880980800283,,0,13,
18-09-2020 18:18:32.638,,,,,,,858,,,,,,
18-09-2020 18:18:32.685,,,,-0.341176470588235,,,,,,65.8823529411765,,,
18-09-2020 18:18:32.733,,43.1604820788941,,,0.489657703722223,14.3501582732778,,,0.925880980800283,,0,13,
18-09-2020 18:18:32.776,,,,,,,864,,,,,,
18-09-2020 18:18:32.821,,,,-0.329411764705882,,,,,,67.0588235294118,,,
18-09-2020 18:18:32.867,,43.0620306217908,,,0.490140703555556,14.3506412731111,,,0.925880980800283,,0,13,
18-09-2020 18:18:32.913,,,,,,,876,,,,,,
18-09-2020 18:18:32.957,,,,-0.317647058823529,,,,,,68.2352941176471,,,
18-09-2020 18:18:33.002,,42.9628971997939,,,0.490630264055556,14.3511308336111,,,0.925880980800283,,0,13,
18-09-2020 18:18:33.048,,,,,,,891,,,,,,
18-09-2020 18:18:33.093,,,,-0.341176470588235,,,,,,65.8823529411765,,,
18-09-2020 18:18:33.138,,42.8675606452547,,,0.491158253055556,14.3516588226111,,,2.19359918977683,,0.508656044056613,14,
18-09-2020 18:18:33.184,,,,,,,889,,,,,,
18-09-2020 18:18:33.229,,,,-0.352941176470588,,,,,,64.7058823529412,,,
18-09-2020 18:18:33.332,,42.7328099108341,,,0.491910550833334,14.3524111203889,,,2.10264070038622,,0.464048682196408,14,
18-09-2020 18:18:33.382,,,,,,,908,,,,,,
18-09-2020 18:18:33.430,,,,-0.341176470588235,,,,,,65.8823529411765,,,
18-09-2020 18:18:33.479,,42.6312192247864,,,0.492482351666667,14.3529829212222,,,2.08218460189163,,0.454016714934092,14,
18-09-2020 18:18:33.527,,,,,,,923,,,,,,
18-09-2020 18:18:33.576,,,,-0.294117647058823,,,,,,70.5882352941177,,,
18-09-2020 18:18:33.622,,42.5330491415451,,,0.493038767277778,14.3535393368333,,,2.07105313564333,,0.448557682508432,14,
18-09-2020 18:18:33.671,,,,,,,941,,,,,,
18-09-2020 18:18:33.719,,,,-0.270588235294118,,,,,,72.9411764705882,,,
18-09-2020 18:18:33.764,,42.4358994443934,,,0.493593218611112,14.3540937881667,,,1.15640300830817,,0,14,
18-09-2020 18:18:33.809,,,,,,,950,,,,,,
18-09-2020 18:18:33.855,,,,-0.235294117647059,,,,,,76.4705882352941,,,
18-09-2020 18:18:33.968,,42.3031875564695,,,0.494441219027778,14.3549417885833,,,2.37684376538175,,0.436902459428801,15,
18-09-2020 18:18:34.175,,,,,,,968,,,,,,
18-09-2020 18:18:34.377,,,,-0.270588235294118,,,,,,72.9411764705882,,,
18-09-2020 18:18:34.582,,41.924739416803,,,0.497171090583334,14.3576716601389,,,2.89974627655812,,0.503593928284841,16,
18-09-2020 18:18:34.784,,,,,,,1032,,,,,,
18-09-2020 18:18:34.847,,,,-0.270588235294118,,,,,,72.9411764705882,,,
18-09-2020 18:18:34.895,,41.7362801228342,,,0.498560604361112,14.3590611739167,,,2.74317614777301,,0.436407699893667,16,
18-09-2020 18:18:34.945,,,,,,,1051,,,,,,
18-09-2020 18:18:34.992,,,,-0.294117647058823,,,,,,70.5882352941177,,,
18-09-2020 18:18:35.041,,41.649092404889,,,0.499210279027778,14.3597108485833,,,2.74036037529847,,0.435199416206095,16,
18-09-2020 18:18:35.087,,,,,,,1033,,,,,,
18-09-2020 18:18:35.133,,,,-0.423529411764706,,,,,,57.6470588235294,,,
18-09-2020 18:18:35.182,,41.565847901668,,,0.499834771916667,14.3603353414722,,,2.2594008258019,,0.228813572430337,16,
18-09-2020 18:18:35.228,,,,,,,1067,,,,,,
18-09-2020 18:18:35.297,,,,-0.494117647058823,,,,,,50.5882352941177,,,
18-09-2020 18:18:35.345,,41.469783832141,,,0.500560391027778,14.3610609605833,,,1.72617591705105,,0,16,
18-09-2020 18:18:35.394,,,,,,,1037,,,,,,
18-09-2020 18:18:35.440,,,,-0.564705882352941,,,,,,43.5294117647059,,,
18-09-2020 18:18:35.486,,41.3870883195218,,,0.501189481694445,14.36169005125,,,1.72617591705105,,0,16,
18-09-2020 18:18:35.549,,,,,,,1046,,,,,,
18-09-2020 18:18:35.620,,,,-0.635294117647059,,,,,,36.4705882352941,,,
18-09-2020 18:18:35.671,,41.2800428701863,,,0.502009916361112,14.3625104859167,,,1.72617591705105,,0,16,
18-09-2020 18:18:35.717,,,,,,,1031,,,,,,
18-09-2020 18:18:35.766,,,,-0.647058823529412,,,,,,35.2941176470588,,,
18-09-2020 18:18:35.813,,41.198407171318,,,0.502640284361112,14.3631408539167,,,1.72617591705105,,0,16,
18-09-2020 18:18:35.860,,,,,,,1010,,,,,,
18-09-2020 18:18:35.905,,,,-0.658823529411765,,,,,,34.1176470588235,,,
18-09-2020 18:18:35.953,,41.1181106395344,,,0.503264300805556,14.3637648703611,,,1.72617591705105,,0,16,
18-09-2020 18:18:35.999,,,,,,,1001,,,,,,
18-09-2020 18:18:36.046,,,,-0.670588235294118,,,,,,32.9411764705882,,,
18-09-2020 18:18:36.117,,41.0215227119633,,,0.503945774972223,14.3644463445278,,,0.459652704355873,,-0.440634611838185,15,
18-09-2020 18:18:36.163,,,,,,,1009,,,,,,
18-09-2020 18:18:36.208,,,,-0.682352941176471,,,,,,31.7647058823529,,,
18-09-2020 18:18:36.252,,40.9422149054758,,,0.504509109138889,14.3650096786944,,,0.378182596032473,,-0.477925125917499,15,
18-09-2020 18:18:36.298,,,,,,,973,,,,,,
18-09-2020 18:18:36.343,,,,-0.682352941176471,,,,,,31.7647058823529,,,
18-09-2020 18:18:36.390,,40.8614859261915,,,0.505086084138889,14.3655866536944,,,0.371657865530041,,-0.480911626852282,15,
18-09-2020 18:18:36.437,,,,,,,983,,,,,,
18-09-2020 18:18:36.483,,,,-0.670588235294118,,,,,,32.9411764705882,,,
18-09-2020 18:18:36.527,,40.7822747886028,,,0.505655739972223,14.3661563095278,,,0.365031736806475,,-0.483944539800877,15,
18-09-2020 18:18:36.572,,,,,,,999,,,,,,
18-09-2020 18:18:36.617,,,,-0.552941176470588,,,,,,44.7058823529412,,,
18-09-2020 18:18:36.665,,40.7030237437821,,,0.506229170805556,14.3667297403611,,,1.42232512772721,,0,15,
18-09-2020 18:18:36.763,,,,,,,1022,,,,,,
18-09-2020 18:18:36.830,,,,-0.0117647058823529,,,,,,98.8235294117647,,,
18-09-2020 18:18:36.875,,40.5875037666674,,,0.507164111694445,14.36766468125,,,2.76493991768842,,0.445746809642987,16,
18-09-2020 18:18:36.945,,,,,,,980,,,,,,
18-09-2020 18:18:37.018,,,,0,,,,,,100,,,
18-09-2020 18:18:37.070,,40.4816382520025,,,0.508028653027778,14.3685292225833,,,2.67919391511712,,0.408952112231116,16,
18-09-2020 18:18:37.117,,,,,,,1105,,,,,,
18-09-2020 18:18:37.163,,,,0.011764705882353,,,,,,101.176470588235,,,
18-09-2020 18:18:37.210,,40.4088113510166,,,0.508692395361112,14.3691929649167,,,4.08433718565676,,0.813336440278535,17,
18-09-2020 18:18:37.257,,,,,,,1101,,,,,,
18-09-2020 18:18:37.303,,,,0.0235294117647059,,,,,,102.352941176471,,,
18-09-2020 18:18:37.355,,40.3376218239078,,,0.509414548361112,14.3699151179167,,,5.6244474850171,,1.20787388830307,18,
18-09-2020 18:18:37.404,,,,,,,1174,,,,,,
18-09-2020 18:18:37.452,,,,0.0235294117647059,,,,,,102.352941176471,,,
18-09-2020 18:18:37.502,,40.2654216888452,,,0.510151617361112,14.3706521869167,,,4.78094724354858,,0.886134640644224,18,
18-09-2020 18:18:37.552,,,,,,,1201,,,,,,
18-09-2020 18:18:37.600,,,,0.0352941176470588,,,,,,103.529411764706,,,
18-09-2020 18:18:37.648,,40.1976661554252,,,0.510921080944445,14.3714216505,,,6.87892623861762,,1.44121882377059,19,
18-09-2020 18:18:37.700,,,,,,,1244,,,,,,
18-09-2020 18:18:37.746,,,,0.0588235294117648,,,,,,105.882352941176,,,
18-09-2020 18:18:37.791,,40.1346265239545,,,0.511716980944445,14.3722175505,,,7.55022189568447,,1.43453557169083,20,
18-09-2020 18:18:37.839,,,,,,,1301,,,,,,
18-09-2020 18:18:37.885,,,,0.0705882352941177,,,,,,107.058823529412,,,
18-09-2020 18:18:37.933,,40.0723832237214,,,0.512507673166667,14.3730082427222,,,6.16773744746758,,0.959942280590553,20,
18-09-2020 18:18:37.983,,,,,,,1343,,,,,,
18-09-2020 18:18:38.133,,,,0.0705882352941177,,,,,,107.058823529412,,,
18-09-2020 18:18:38.333,,39.9166086453147,,,0.514953887388889,14.3754544569444,,,8.7691305179716,,1.33625609957481,22,
18-09-2020 18:18:38.536,,,,,,,1505,,,,,,
18-09-2020 18:18:38.740,,,,0.188235294117647,,,,,,118.823529411765,,,
18-09-2020 18:18:38.888,,39.7524622132473,,,0.518957638944445,14.3794582085,,,13.3443748631483,,1.56786606359908,26,
18-09-2020 18:18:38.938,,,,,,,1712,,,,,,
18-09-2020 18:18:39.009,,,,0.247058823529412,,,,,,124.705882352941,,,
18-09-2020 18:18:39.066,,39.7044225521792,,,0.520290430194445,14.38079099975,,,14.2937365062858,,1.52541266901769,27,
18-09-2020 18:18:39.132,,,,,,,1814,,,,,,
18-09-2020 18:18:39.170,,,,0.305882352941177,,,,,,130.588235294118,,,
18-09-2020 18:18:39.231,,39.6670395763318,,,0.521622253583334,14.3821228231389,,,18.4149243119818,,1.92637294718956,29,
18-09-2020 18:18:39.299,,,,,,,1880,,,,,,
18-09-2020 18:18:39.424,,,,0.388235294117647,,,,,,138.823529411765,,,
18-09-2020 18:18:39.522,,39.6140409708447,,,0.524130345611112,14.3846309151667,,,22.0494651182497,,2.10285235940876,31,
18-09-2020 18:18:39.662,,,,,,,2083,,,,,,
18-09-2020 18:18:39.723,,,,0.576470588235294,,,,,,157.647058823529,,,
18-09-2020 18:18:39.809,,39.5804777749957,,,0.5268357955,14.3873363650556,,,28.5143211020604,,2.41321857851556,34,
18-09-2020 18:18:39.873,,,,,,,2218,,,,,,
18-09-2020 18:18:39.987,,,,0.729411764705882,,,,,,172.941176470588,,,
18-09-2020 18:18:40.104,,39.5646515018835,,,0.529874650722223,14.3903752202778,,,35.7581268726695,,2.6742209772333,37,
18-09-2020 18:18:40.164,,,,,,,2422,,,,,,
18-09-2020 18:18:40.210,,,,0.823529411764706,,,,,,182.352941176471,,,
18-09-2020 18:18:40.258,,39.5628594189706,,,0.531539768722223,14.3920403382778,,,40.3608493683895,,2.70443327686585,39,
18-09-2020 18:18:40.306,,,,,,,2523,,,,,,
18-09-2020 18:18:40.350,,,,0.823529411764706,,,,,,182.352941176471,,,
18-09-2020 18:18:40.408,,39.5672997791371,,,0.533247324194445,14.39374789375,,,47.771699009336,,3.1358876844446,41,
18-09-2020 18:18:40.453,,,,,,,2623,,,,,,
18-09-2020 18:18:40.589,,,,0.847058823529412,,,,,,184.705882352941,,,
18-09-2020 18:18:40.634,,39.5878139132652,,,0.536004569527778,14.3965051390833,,,57.4808510003473,,3.36764301507666,44,
18-09-2020 18:18:40.709,,,,,,,2803,,,,,,
18-09-2020 18:18:40.752,,,,0.91764705882353,,,,,,191.764705882353,,,
18-09-2020 18:18:40.801,,39.6063320139521,,,0.538096544527778,14.3985971140833,,,59.3114678831644,,3.19010984281914,45,
18-09-2020 18:18:40.858,,,,,,,2929,,,,,,
18-09-2020 18:18:40.901,,,,1.02352941176471,,,,,,202.352941176471,,,
18-09-2020 18:18:40.950,,39.6287046613059,,,0.540034589527778,14.4005351590833,,,65.7588845235045,,3.21448017885625,47,
18-09-2020 18:18:41.009,,,,,,,3039,,,,,,
18-09-2020 18:18:41.055,,,,1.10588235294118,,,,,,210.588235294118,,,
18-09-2020 18:18:41.267,,39.6890537157314,,,0.544363280833334,14.4048638503889,,,68.0406597721528,,2.58656950683897,49,
18-09-2020 18:18:41.470,,,,,,,3333,,,,,,
18-09-2020 18:18:41.673,,,,1.2,,,,,,220,,,
18-09-2020 18:18:41.877,,39.9003016903089,,,0.554021869083334,14.4145224386389,,,102.151511874668,,2.90359478346058,57,
18-09-2020 18:18:41.960,,,,,,,3832,,,,,,
18-09-2020 18:18:42.007,,,,1.27058823529412,,,,,,227.058823529412,,,
18-09-2020 18:18:42.053,,39.9742098065588,,,0.556998960527778,14.4174995300833,,,127.191727699935,,3.54941761865597,61,
18-09-2020 18:18:42.271,,,,,,,3954,,,,,,
18-09-2020 18:18:42.475,,,,1.34117647058824,,,,,,234.117647058824,,,
18-09-2020 18:18:42.679,,40.3196427430874,,,0.568823316194445,14.42932388575,,,165.915288388631,,3.37275661816276,68,
18-09-2020 18:18:42.883,,,,,,,4506,,,,,,
18-09-2020 18:18:42.969,,,,1.30588235294118,,,,,,230.588235294118,,,
18-09-2020 18:18:43.017,,40.5421305876186,,,0.575765377472223,14.4362659470278,,,213.551752678613,,3.96902214413981,74,
18-09-2020 18:18:43.063,,,,,,,4742,,,,,,
18-09-2020 18:18:43.114,,,,1.31764705882353,,,,,,231.764705882353,,,
18-09-2020 18:18:43.163,,40.6429752302355,,,0.578843793361112,14.4393443629167,,,230.445404244382,,4.10574071581817,76,
18-09-2020 18:18:43.230,,,,,,,4848,,,,,,
18-09-2020 18:18:43.277,,,,1.31764705882353,,,,,,231.764705882353,,,
18-09-2020 18:18:43.321,,40.7549824012927,,,0.582232766555556,14.4427333361111,,,231.706535847223,,3.50512493956507,77,
18-09-2020 18:18:43.368,,,,,,,4954,,,,,,
18-09-2020 18:18:43.412,,,,1.28235294117647,,,,,,228.235294117647,,,
18-09-2020 18:18:43.460,,40.857708613838,,,0.585272320083334,14.4457728896389,,,252.815862225323,,3.91390758242312,79,
18-09-2020 18:18:43.506,,,,,,,5057,,,,,,
18-09-2020 18:18:43.559,,,,1.29411764705882,,,,,,229.411764705882,,,
18-09-2020 18:18:43.608,,40.969877628803,,,0.588565764527778,14.4490663340833,,,248.630821482,,2.82002838302167,80,
18-09-2020 18:18:43.653,,,,,,,5167,,,,,,
18-09-2020 18:18:43.701,,,,1.25882352941176,,,,,,225.882352941176,,,
18-09-2020 18:18:43.749,,41.0813497163899,,,0.591774978027778,14.4522755475833,,,266.328273302267,,2.84390278334472,82,
18-09-2020 18:18:43.798,,,,,,,5254,,,,,,
18-09-2020 18:18:43.848,,,,1.23529411764706,,,,,,223.529411764706,,,
18-09-2020 18:18:43.895,,41.2016187864769,,,0.595175239694445,14.45567580925,,,291.272261170684,,3.3911518917473,84,
18-09-2020 18:18:43.941,,,,,,,5339,,,,,,
18-09-2020 18:18:43.987,,,,1.23529411764706,,,,,,223.529411764706,,,
18-09-2020 18:18:44.034,,41.3185518385847,,,0.598462218027778,14.4589627875833,,,294.7569406468,,2.90354381006271,85,
18-09-2020 18:18:44.080,,,,,,,5446,,,,,,
18-09-2020 18:18:44.124,,,,1.18823529411765,,,,,,218.823529411765,,,
18-09-2020 18:18:44.172,,41.4366803777605,,,0.601764168916667,14.4622647384722,,,305.064928168163,,2.95485484127849,86,
18-09-2020 18:18:44.216,,,,,,,5512,,,,,,
18-09-2020 18:18:44.262,,,,1.17647058823529,,,,,,217.647058823529,,,
18-09-2020 18:18:44.308,,41.5572081511404,,,0.605080749583334,14.4655813191389,,,325.416400371862,,2.98224603326982,88,
18-09-2020 18:18:44.353,,,,,,,5598,,,,,,
18-09-2020 18:18:44.397,,,,1.14117647058824,,,,,,214.117647058824,,,
18-09-2020 18:18:44.493,,41.7247256872822,,,0.609672427694445,14.47017299725,,,327.155560658949,,2.31899906212257,89,
18-09-2020 18:18:44.538,,,,,,,5715,,,,,,
18-09-2020 18:18:44.583,,,,1.10588235294118,,,,,,210.588235294118,,,
18-09-2020 18:18:44.627,,41.8497131867703,,,0.613053927027778,14.4735544965833,,,354.803719301551,,2.80868264919441,91,
18-09-2020 18:18:44.674,,,,,,,5806,,,,,,
18-09-2020 18:18:44.719,,,,1.07058823529412,,,,,,207.058823529412,,,
18-09-2020 18:18:44.767,,41.9821991555097,,,0.616623670138889,14.4771242396944,,,365.70277211857,,2.80158706545353,92,
18-09-2020 18:18:44.814,,,,,,,5869,,,,,,
18-09-2020 18:18:44.867,,,,1.03529411764706,,,,,,203.529411764706,,,
18-09-2020 18:18:44.999,,,96,,,,,,,,,,
18-09-2020 18:18:45.049,,42.2635861133527,,,0.624069012777778,14.4845695823333,,,397.621521978353,,2.62333386819363,95,
18-09-2020 18:18:45.098,,,,,,,6038,,,,,,
18-09-2020 18:18:45.153,,,,1.04,,,,,,200,,,
18-09-2020 18:18:45.202,,42.4177744572859,,,0.628148052777778,14.4886486223333,,,411.231228840867,,2.74469285796884,96,
18-09-2020 18:18:45.248,,,,,,,6110,,,,,,
18-09-2020 18:18:45.295,,,,1.01647058823529,,,,,,197.647058823529,,,
18-09-2020 18:18:45.341,,42.5618776943318,,,0.631920304166667,14.4924208737222,,,435.551947333047,,2.72570398197472,98,
18-09-2020 18:18:45.389,,,,,,,6185,,,,,,
18-09-2020 18:18:45.437,,,,0.934117647058823,,,,,,189.411764705882,,,
18-09-2020 18:18:45.487,,42.7102489152893,,,0.635856221972223,14.4963567915278,,,,,,97,
18-09-2020 18:18:45.536,,,,,,,6134,,,,,,
18-09-2020 18:18:45.582,,,,-0.348235294117647,,,,,,61.1764705882353,,,
18-09-2020 18:18:45.631,,42.8583089379642,,,0.639773793750001,14.5002743633056,,,,,,98,
18-09-2020 18:18:45.684,,,,,,,5948,,,,,,
18-09-2020 18:18:45.749,,,,-0.595294117647059,,,,,,36.4705882352941,,,
18-09-2020 18:18:45.794,,43.026000119881,,,0.644236223750001,14.5047367933056,,,,,,98,
18-09-2020 18:18:45.841,,,,,,,5764,,,,,,
18-09-2020 18:18:45.911,,,,-0.642352941176471,,,,,,31.7647058823529,,,
18-09-2020 18:18:45.960,,43.1911426405515,,,0.648693794083334,14.5091943636389,,,,,,97,
18-09-2020 18:18:46.008,,,,,,,5557,,,,,,
18-09-2020 18:18:46.056,,,,-0.654117647058823,,,,,,30.5882352941176,,,
18-09-2020 18:18:46.103,,43.3331509129397,,,0.652548595638889,14.5130491651944,,,384.627477241015,,0,97,
18-09-2020 18:18:46.150,,,,,,,5391,,,,,,
18-09-2020 18:18:46.316,,,,-0.654117647058823,,,,,,30.5882352941176,,,
18-09-2020 18:18:46.518,,43.7329878198434,,,0.663607939638889,14.5241085091944,,,364.097338702594,,-0.62626550252928,96,
18-09-2020 18:18:46.722,,,,,,,4885,,,,,,
18-09-2020 18:18:46.932,,,,-0.689411764705882,,,,,,27.0588235294118,,,
18-09-2020 18:18:47.068,,44.24433313327,,,0.678130803388889,14.5386313729444,,,352.269735404754,,-0.654312770455276,95,
18-09-2020 18:18:47.117,,,,,,,4388,,,,,,
18-09-2020 18:18:47.165,,,,-0.701176470588235,,,,,,25.8823529411765,,,
18-09-2020 18:18:47.209,,44.3735181689581,,,0.681846292972223,14.5423468625278,,,355.168684271185,,-0.444801068148844,95,
18-09-2020 18:18:47.255,,,,,,,4252,,,,,,
18-09-2020 18:18:47.299,,,,-0.701176470588235,,,,,,25.8823529411765,,,
18-09-2020 18:18:47.343,,44.4964418266414,,,0.685399329916667,14.5458998994722,,,355.126054970138,,-0.4478819563749,95,
18-09-2020 18:18:47.390,,,,,,,4130,,,,,,
18-09-2020 18:18:47.435,,,,-0.701176470588235,,,,,,25.8823529411765,,,
18-09-2020 18:18:47.480,,44.6178285619673,,,0.688958509361112,14.5494590789167,,,342.127664472916,,-0.577390141132627,94,
18-09-2020 18:18:47.527,,,,,,,4000,,,,,,
18-09-2020 18:18:47.574,,,,-0.689411764705882,,,,,,27.0588235294118,,,
18-09-2020 18:18:47.620,,44.7418752376993,,,0.692613822083334,14.5531143916389,,,343.139822290006,,-0.503461671553568,94,
18-09-2020 18:18:47.667,,,,,,,3875,,,,,,
18-09-2020 18:18:47.713,,,,-0.689411764705882,,,,,,27.0588235294118,,,
18-09-2020 18:18:47.756,,44.8618949870202,,,0.696168011694445,14.55666858125,,,343.080873237816,,-0.507767337268896,94,
18-09-2020 18:18:47.801,,,,,,,3758,,,,,,
18-09-2020 18:18:47.958,,,,-0.701176470588235,,,,,,25.8823529411765,,,
18-09-2020 18:18:48.004,,45.0747711216707,,,0.702578380277778,14.5630789498333,,,327.588370060755,,-0.840989364108431,93,
18-09-2020 18:18:48.053,,,,,,,3533,,,,,,
18-09-2020 18:18:48.098,,,,-0.701176470588235,,,,,,25.8823529411765,,,
18-09-2020 18:18:48.140,,45.1909253181795,,,0.706100223111112,14.5666007926667,,,333.284050459521,,-0.420500983862972,93,
18-09-2020 18:18:48.187,,,,,,,3417,,,,,,
18-09-2020 18:18:48.230,,,,-0.701176470588235,,,,,,25.8823529411765,,,
18-09-2020 18:18:48.275,,45.3023940757796,,,0.709531649333334,14.5700322188889,,,316.793853378065,,-0.8484020567845,92,
18-09-2020 18:18:48.310,,,,,,,3320,,,,,,
18-09-2020 18:18:48.354,,,,-0.701176470588235,,,,,,25.8823529411765,,,
18-09-2020 18:18:48.399,,45.4053615554975,,,0.712715840888889,14.5732164104444,,,316.590589051654,,-0.863571326509635,92,
18-09-2020 18:18:48.443,,,,,,,3213,,,,,,
18-09-2020 18:18:48.488,,,,-0.712941176470588,,,,,,24.7058823529412,,,
18-09-2020 18:18:48.531,,45.5115093700007,,,0.716049047027778,14.5765496165833,,,303.604537108808,,-1.05421292052211,91,
18-09-2020 18:18:48.578,,,,,,,3100,,,,,,
18-09-2020 18:18:48.620,,,,-0.701176470588235,,,,,,25.8823529411765,,,
18-09-2020 18:18:48.666,,45.6194784408488,,,0.719455422222223,14.5799559917778,,,303.564310886149,,-1.05724792402498,91,
18-09-2020 18:18:48.712,,,,,,,2995,,,,,,
18-09-2020 18:18:48.756,,,,-0.712941176470588,,,,,,24.7058823529412,,,
18-09-2020 18:18:48.800,,45.7243421944852,,,0.722817159722223,14.5833177292778,,,293.370338328906,,-1.05671481397508,90,
18-09-2020 18:18:48.846,,,,,,,2897,,,,,,
18-09-2020 18:18:48.892,,,,-0.712941176470588,,,,,,24.7058823529412,,,
18-09-2020 18:18:48.937,,45.8306199247008,,,0.726240494722223,14.5867410642778,,,293.68631454483,,-1.0326100313108,90,
18-09-2020 18:18:48.985,,,,,,,2791,,,,,,
18-09-2020 18:18:49.005,,,,-0.712941176470588,,,,,,24.7058823529412,,,
18-09-2020 18:18:49.050,,45.9154624325278,,,0.729017697694445,14.58951826725,,,283.207629081686,,-1.0713137342485,89,
18-09-2020 18:18:49.095,,,,,,,2698,,,,,,
18-09-2020 18:18:49.141,,,,-0.701176470588235,,,,,,25.8823529411765,,,
18-09-2020 18:18:49.184,,46.0163880191183,,,0.732335709166667,14.5928362787222,,,283.190141415177,,-1.07266280023215,89,
18-09-2020 18:18:49.233,,,,,,,2602,,,,,,
18-09-2020 18:18:49.280,,,,-0.701176470588235,,,,,,25.8823529411765,,,
18-09-2020 18:18:49.322,,46.115101738918,,,0.735678631,14.5961792005556,,,257.275863881749,,-1.59703590136706,87,
18-09-2020 18:18:49.368,,,,,,,2489,,,,,,
18-09-2020 18:18:49.411,,,,-0.712941176470588,,,,,,24.7058823529412,,,
18-09-2020 18:18:49.457,,46.2088120582746,,,0.738909694,14.5994102635556,,,241.296715933201,,-2.13607516523823,86,
18-09-2020 18:18:49.503,,,,,,,2389,,,,,,
18-09-2020 18:18:49.549,,,,-0.712941176470588,,,,,,24.7058823529412,,,
18-09-2020 18:18:49.591,,46.300799476751,,,0.742096213777778,14.6025967833333,,,248.765160421291,,-1.53983251057003,86,
18-09-2020 18:18:49.638,,,,,,,2284,,,,,,
18-09-2020 18:18:49.683,,,,-0.701176470588235,,,,,,25.8823529411765,,,
18-09-2020 18:18:49.729,,46.3933871421469,,,0.745363509888889,14.6058640794444,,,233.58780544415,,-2.03734124604076,85,
18-09-2020 18:18:49.778,,,,,,,2181,,,,,,
18-09-2020 18:18:49.824,,,,-0.701176470588235,,,,,,25.8823529411765,,,
18-09-2020 18:18:49.870,,46.4846443152512,,,0.748646346555556,14.6091469161111,,,231.168219730674,,-1.52149698749682,84,
18-09-2020 18:18:49.915,,,,,,,2075,,,,,,
18-09-2020 18:18:49.960,,,,-0.689411764705882,,,,,,27.0588235294118,,,
18-09-2020 18:18:49.978,,46.5542668015805,,,0.751161712555556,14.6116622821111,,,236.71852711883,,-1.0678384527858,84,
18-09-2020 18:18:50.022,,,,,,,2000,,,,,,
18-09-2020 18:18:50.067,,,,-0.689411764705882,,,,,,27.0588235294118,,,
18-09-2020 18:18:50.110,,46.6373320226079,,,0.754221004944445,14.6147215745,,,221.577809374089,,-1.60396695674088,83,
18-09-2020 18:18:50.156,,,,,,,1892,,,,,,
18-09-2020 18:18:50.202,,,,-0.689411764705882,,,,,,27.0588235294118,,,
18-09-2020 18:18:50.247,,46.7222418594786,,,0.757362725555556,14.6178632951111,,,227.988825809164,,-1.07364435865597,83,
18-09-2020 18:18:50.401,,,,,,,1797,,,,,,
18-09-2020 18:18:50.603,,,,-0.677647058823529,,,,,,28.2352941176471,,,
18-09-2020 18:18:50.806,,47.0383526934369,,,0.769799307777778,14.6302998773333,,,201.94629025091,,-1.18655652811661,80,
18-09-2020 18:18:51.010,,,,,,,1424,,,,,,
18-09-2020 18:18:51.175,,,,-0.689411764705882,,,,,,27.0588235294118,,,
18-09-2020 18:18:51.222,,47.2483001405523,,,0.778691468833334,14.6391920383889,,,174.872242302001,,-1.56257715224689,77,
18-09-2020 18:18:51.265,,,,,,,1238,,,,,,
18-09-2020 18:18:51.311,,,,-0.689411764705882,,,,,,27.0588235294118,,,
18-09-2020 18:18:51.361,,47.3153499776799,,,0.781619328722223,14.6421198982778,,,167.78385221497,,-1.55507335840858,76,
18-09-2020 18:18:51.406,,,,,,,1187,,,,,,
18-09-2020 18:18:51.449,,,,-0.689411764705882,,,,,,27.0588235294118,,,
18-09-2020 18:18:51.495,,47.3797510670129,,,0.784444413388889,14.6449449829444,,,167.749908424016,,-1.55813982394195,76,
18-09-2020 18:18:51.540,,,,,,,1136,,,,,,
18-09-2020 18:18:51.584,,,,-0.665882352941176,,,,,,29.4117647058824,,,
18-09-2020 18:18:51.628,,47.4414458163416,,,0.787224402972223,14.6477249725278,,,159.326334981103,,-1.69029708756268,75,
18-09-2020 18:18:51.673,,,,,,,1086,,,,,,
18-09-2020 18:18:51.721,,,,-0.654117647058823,,,,,,30.5882352941176,,,
18-09-2020 18:18:51.767,,47.5033018701332,,,0.790090963583334,14.6505915331389,,,154.303251129778,,-1.52812025499559,74,
18-09-2020 18:18:51.812,,,,,,,1037,,,,,,
18-09-2020 18:18:51.856,,,,-0.654117647058823,,,,,,30.5882352941176,,,
18-09-2020 18:18:51.901,,47.5622908943291,,,0.79283696175,14.6533375313056,,,159.692383459999,,-1.028110515465,74,
18-09-2020 18:18:51.945,,,,,,,1024,,,,,,
18-09-2020 18:18:51.986,,,,-0.618823529411765,,,,,,34.1176470588235,,,
18-09-2020 18:18:52.003,,47.6054424566321,,,0.794904678638889,14.6554052481944,,,146.520595365455,,-1.63864227868809,73,
18-09-2020 18:18:52.047,,,,,,,1005,,,,,,
18-09-2020 18:18:52.090,,,,-0.618823529411765,,,,,,34.1176470588235,,,
18-09-2020 18:18:52.152,,47.6658947602944,,,0.797891646638889,14.6583922161944,,,140.632877234494,,-1.58913802547312,72,
18-09-2020 18:18:52.200,,,,,,,986,,,,,,
18-09-2020 18:18:52.245,,,,-0.595294117647059,,,,,,36.4705882352941,,,
18-09-2020 18:18:52.290,,47.7191845202845,,,0.800612335083334,14.6611129046389,,,134.35293126895,,-1.59377352210497,71,
18-09-2020 18:18:52.359,,,,,,,976,,,,,,
18-09-2020 18:18:52.402,,,,-0.583529411764706,,,,,,37.6470588235294,,,
18-09-2020 18:18:52.447,,47.7796357563059,,,0.8037134435,14.6642140130556,,,135.060742899409,,-1.52532711097493,71,
18-09-2020 18:18:52.466,,,,,,,969,,,,,,
18-09-2020 18:18:52.509,,,,-0.583529411764706,,,,,,37.6470588235294,,,
18-09-2020 18:18:52.555,,47.8206326578473,,,0.805825762527778,14.6663263320833,,,140.416587069766,,-1.00740921268472,71,
18-09-2020 18:18:52.601,,,,,,,963,,,,,,
18-09-2020 18:18:52.647,,,,-0.571764705882353,,,,,,38.8235294117647,,,
18-09-2020 18:18:52.667,,47.8616167901129,,,0.80800957975,14.6685101493056,,,133.543274595851,,-1.07960835522725,70,
18-09-2020 18:18:52.714,,,,,,,960,,,,,,
18-09-2020 18:18:52.758,,,,-0.571764705882353,,,,,,38.8235294117647,,,
18-09-2020 18:18:52.803,,47.9109009103478,,,0.81064625225,14.6711468218056,,,139.021956259446,,-0.542243372316511,70,
18-09-2020 18:18:52.850,,,,,,,955,,,,,,
18-09-2020 18:18:52.899,,,,-0.571764705882353,,,,,,38.8235294117647,,,
18-09-2020 18:18:52.941,,47.9588679611909,,,0.813307726,14.6738082955556,,,127.14062557613,,-1.12467946916299,69,
18-09-2020 18:18:52.990,,,,,,,955,,,,,,
18-09-2020 18:18:53.036,,,,-0.56,,,,,,40,,,
18-09-2020 18:18:53.080,,48.0066412561897,,,0.815970581666667,14.6764711512222,,,127.824418771909,,-1.05663904379746,69,
18-09-2020 18:18:53.128,,,,,,,960,,,,,,
18-09-2020 18:18:53.172,,,,-0.571764705882353,,,,,,38.8235294117647,,,
18-09-2020 18:18:53.219,,48.0519455939826,,,0.818595651777778,14.6790962213333,,,122.54792146833,,-1.00594626911026,68,
18-09-2020 18:18:53.263,,,,,,,967,,,,,,
18-09-2020 18:18:53.310,,,,-0.571764705882353,,,,,,38.8235294117647,,,
18-09-2020 18:18:53.359,,48.097455568514,,,0.821244450111111,14.6817450196667,,,122.631771098351,,-0.997480165605647,68,
18-09-2020 18:18:53.429,,,,,,,956,,,,,,
18-09-2020 18:18:53.474,,,,-0.571764705882353,,,,,,38.8235294117647,,,
18-09-2020 18:18:53.519,,48.1489838220767,,,0.824258380111111,14.6847589496667,,,127.748715315116,,-0.48083412488247,68,
18-09-2020 18:18:53.642,,,,,,,951,,,,,,
18-09-2020 18:18:53.688,,,,-0.583529411764706,,,,,,37.6470588235294,,,
18-09-2020 18:18:53.736,,48.2152394012121,,,0.828303901527778,14.6888044710833,,,118.487803277153,,-0.846712061271065,67,
18-09-2020 18:18:53.782,,,,,,,944,,,,,,
18-09-2020 18:18:53.828,,,,-0.583529411764706,,,,,,37.6470588235294,,,
18-09-2020 18:18:53.873,,48.254444332301,,,0.830808834361111,14.6913094039167,,,112.99229399138,,-0.84959621920167,66,
18-09-2020 18:18:53.921,,,,,,,949,,,,,,
18-09-2020 18:18:53.966,,,,-0.583529411764706,,,,,,37.6470588235294,,,
18-09-2020 18:18:54.009,,48.2932685043216,,,0.833300510361111,14.6938010799167,,,112.937092577947,,-0.855338674170655,66,
18-09-2020 18:18:54.029,,,,,,,963,,,,,,
18-09-2020 18:18:54.048,,,,-0.583529411764706,,,,,,37.6470588235294,,,
18-09-2020 18:18:54.067,,48.3089170818778,,,0.834351981055556,14.6948525506111,,,101.343384382754,,-1.52016668323648,65,
18-09-2020 18:18:54.114,,,,,,,968,,,,,,
18-09-2020 18:18:54.160,,,,-0.583529411764706,,,,,,37.6470588235294,,,
18-09-2020 18:18:54.207,,48.3462664403464,,,0.836869687444445,14.697370257,,,104.550339378998,,-1.18142328142018,65,
18-09-2020 18:18:54.253,,,,,,,964,,,,,,
18-09-2020 18:18:54.299,,,,-0.595294117647059,,,,,,36.4705882352941,,,
18-09-2020 18:18:54.344,,48.3807407529099,,,0.839315017222223,14.6998155867778,,,99.4833086919858,,-1.17919625181623,64,
18-09-2020 18:18:54.559,,,,,,,960,,,,,,
