Device time,"Ambient air temperature (â„ƒ)","Average speed (km/h)","Barometric pressure (kPa)","Calculated boost (bar)","Distance travelled (km)","Distance travelled (total) (km)","Engine RPM (rpm)","Instant engine power (based on acceleration) (kW)","Intake manifold absolute pressure (kPa)","Vehicle acceleration (m_sec2)","Vehicle speed (km/h)",
18-09-2020 18:29:49.427,,,,,,,,0,,0.00588572365356658,0,
18-09-2020 18:29:49.557,,,,,,,768,,,,,
18-09-2020 18:29:49.685,,,,0.05,,,,,105,,,
18-09-2020 18:29:49.815,,,,,0,16.3745286021389,,0,,0.00588901558218636,0,
18-09-2020 18:29:49.945,,,,,,,770,,,,,
18-09-2020 18:29:50.152,,,,0.05,,,,,105,,,
18-09-2020 18:29:50.355,,0,,,0,16.3745286021389,,0,,0.00589458755153683,0,
18-09-2020 18:29:50.558,,,,,,,767,,,,,
18-09-2020 18:29:50.760,,,,0.05,,,,,105,,,
18-09-2020 18:29:50.840,,0,,,0,16.3745286021389,,0,,0.00589950282086285,0,
18-09-2020 18:29:50.891,,,,,,,769,,,,,
18-09-2020 18:29:50.939,,,,0.05,,,,,105,,,
18-09-2020 18:29:50.988,,0,,,0,16.3745286021389,,0,,0,0,
18-09-2020 18:29:51.059,,,,,,,768,,,,,
18-09-2020 18:29:51.108,,,,0.05,,,,,105,,,
18-09-2020 18:29:51.157,,0,,,0,16.3745286021389,,0,,0,0,
18-09-2020 18:29:51.206,,,,,,,766,,,,,
18-09-2020 18:29:51.261,,,,0.05,,,,,105,,,
18-09-2020 18:29:51.306,,0,,,0,16.3745286021389,,0,,0,0,
18-09-2020 18:29:51.355,,,,,,,770,,,,,
18-09-2020 18:29:51.407,,,,0.05,,,,,105,,,
18-09-2020 18:29:51.562,,0,,,0,16.3745286021389,,0,,0,0,
18-09-2020 18:29:51.613,,,,,,,769,,,,,
18-09-2020 18:29:51.662,,,,0.04,,,,,104,,,
18-09-2020 18:29:51.725,,0,,,0,16.3745286021389,,0,,0,0,
18-09-2020 18:29:51.773,,,,,,,767,,,,,
18-09-2020 18:29:51.820,,,,0.04,,,,,104,,,
18-09-2020 18:29:51.866,,0,,,0,16.3745286021389,,0,,0,0,
18-09-2020 18:29:51.915,,,,,,,770,,,,,
18-09-2020 18:29:51.984,,,,0.04,,,,,104,,,
18-09-2020 18:29:52.034,,0,,,0,16.3745286021389,,0,,0,0,
18-09-2020 18:29:52.084,,,,,,,770,,,,,
18-09-2020 18:29:52.131,,,,0.04,,,,,104,,,
18-09-2020 18:29:52.182,,0,,,0,16.3745286021389,,0,,0,0,
18-09-2020 18:29:52.234,,,,,,,770,,,,,
18-09-2020 18:29:52.283,,,,0.04,,,,,104,,,
18-09-2020 18:29:52.333,,0,,,0,16.3745286021389,,0,,0,0,
18-09-2020 18:29:52.380,,,,,,,770,,,,,
18-09-2020 18:29:52.429,,,,0.04,,,,,104,,,
18-09-2020 18:29:52.478,,0,,,0,16.3745286021389,,0,,0,0,
18-09-2020 18:29:52.528,,,,,,,769,,,,,
18-09-2020 18:29:52.579,,,,0.04,,,,,104,,,
18-09-2020 18:29:52.624,,0,,,0,16.3745286021389,,0,,0,0,
18-09-2020 18:29:52.673,,,,,,,770,,,,,
18-09-2020 18:29:52.721,,,,0.04,,,,,104,,,
18-09-2020 18:29:52.770,,0,,,0,16.3745286021389,,0,,0,0,
18-09-2020 18:29:52.816,,,,,,,853,,,,,
18-09-2020 18:29:52.864,,,,0.04,,,,,104,,,
18-09-2020 18:29:52.909,,0,,,0,16.3745286021389,,0,,0,0,
18-09-2020 18:29:52.955,,,,,,,1090,,,,,
18-09-2020 18:29:53.008,,,,0.04,,,,,104,,,
18-09-2020 18:29:53.058,,0,,,0,16.3745286021389,,0,,0,0,
18-09-2020 18:29:53.106,,,,,,,1202,,,,,
18-09-2020 18:29:53.157,,,,0.05,,,,,105,,,
18-09-2020 18:29:53.208,,0,,,0,16.3745286021389,,0,,0,0,
18-09-2020 18:29:53.259,,,,,,,1314,,,,,
18-09-2020 18:29:53.322,,,,0.06,,,,,106,,,
18-09-2020 18:29:53.369,,0,,,0,16.3745286021389,,0,,0,0,
18-09-2020 18:29:53.416,,,,,,,1369,,,,,
18-09-2020 18:29:53.464,,,,0.07,,,,,107,,,
18-09-2020 18:29:53.509,,0,,,0,16.3745286021389,,0,,0,0,
18-09-2020 18:29:53.558,,,,,,,1361,,,,,
18-09-2020 18:29:53.607,,,,0.09,,,,,109,,,
18-09-2020 18:29:53.656,,0,,,0,16.3745286021389,,0,,0,0,
18-09-2020 18:29:53.703,,,,,,,1328,,,,,
18-09-2020 18:29:53.751,,,,0.11,,,,,111,,,
18-09-2020 18:29:53.800,,0,,,0,16.3745286021389,,0,,0,0,
18-09-2020 18:29:53.845,,,,,,,1280,,,,,
18-09-2020 18:29:53.893,,,,0.13,,,,,113,,,
18-09-2020 18:29:53.943,,0.0350283479804176,,,4.01758055555556E-05,16.3745687779444,,0.0688676604446161,,0.484411661788351,1,
18-09-2020 18:29:53.992,,,,,,,1231,,,,,
18-09-2020 18:29:54.039,,,,0.14,,,,,114,,,
18-09-2020 18:29:54.254,,0.102426014088757,,,0.000126299,16.3746549011389,,0.0530698191792757,,0.372606256312416,1,
18-09-2020 18:29:54.461,,,,,,,1198,,,,,
18-09-2020 18:29:54.669,,,,0.18,,,,,118,,,
18-09-2020 18:29:54.875,,0.825813347082756,,,0.0011606585,16.3756892606389,,1.25001596096531,,1.36707526632472,6,
18-09-2020 18:29:54.986,,,,,,,1180,,,,,
18-09-2020 18:29:55.034,,,,0.19,,,,,119,,,
18-09-2020 18:29:55.084,,1.10961505691609,,,0.00162376138888889,16.3761523635278,,2.17207473360319,,1.73065751183456,8,
18-09-2020 18:29:55.129,,,,,,,1185,,,,,
18-09-2020 18:29:55.174,,,,0.2,,,,,120,,,
18-09-2020 18:29:55.219,,1.3325991083445,,,0.00200023555555556,16.3765288376944,,3.188988544191,,1.95867294110568,10,
18-09-2020 18:29:55.264,,,,,,,1194,,,,,
18-09-2020 18:29:55.309,,,,0.2,,,,,120,,,
18-09-2020 18:29:55.357,,1.54842058189576,,,0.00238353722222222,16.3769121393611,,3.62462943869973,,2.26698726098247,10,
18-09-2020 18:29:55.401,,,,,,,1279,,,,,
18-09-2020 18:29:55.450,,,,0.21,,,,,121,,,
18-09-2020 18:29:55.493,,1.77458663596232,,,0.00279865094444444,16.3773272530833,,4.05263859295654,,2.24652494940287,11,
18-09-2020 18:29:55.562,,,,,,,1376,,,,,
18-09-2020 18:29:55.608,,,,0.21,,,,,121,,,
18-09-2020 18:29:55.651,,2.05152121419525,,,0.00332546061111111,16.37785406275,,4.04941183341014,,1.95873823880521,12,
18-09-2020 18:29:55.695,,,,,,,1447,,,,,
18-09-2020 18:29:55.739,,,,0.22,,,,,122,,,
18-09-2020 18:29:55.785,,2.27488666484977,,,0.00377222294444444,16.3783008250833,,2.39287463304927,,0.981759748191977,12,
18-09-2020 18:29:55.830,,,,,,,1523,,,,,
18-09-2020 18:29:55.879,,,,0.23,,,,,123,,,
18-09-2020 18:29:55.930,,2.52860473338882,,,0.0042945355,16.3788231376389,,3.5988148857028,,1.45515723439568,13,
18-09-2020 18:29:55.978,,,,,,,1578,,,,,
18-09-2020 18:29:56.022,,,,0.25,,,,,125,,,
18-09-2020 18:29:56.068,,2.78183393978473,,,0.00483126594444444,16.3793598680833,,4.02413779521985,,1.44969287386651,14,
18-09-2020 18:29:56.115,,,,,,,1677,,,,,
18-09-2020 18:29:56.159,,,,0.28,,,,,128,,,
18-09-2020 18:29:56.205,,3.04436473255136,,,0.00540331011111111,16.37993191225,,4.6123256151153,,1.50509719225323,15,
18-09-2020 18:29:56.249,,,,,,,1747,,,,,
18-09-2020 18:29:56.295,,,,0.31,,,,,131,,,
18-09-2020 18:29:56.341,,3.29282206679196,,,0.00596831719444444,16.3804969193333,,4.60148999534901,,1.49998476015484,15,
18-09-2020 18:29:56.387,,,,,,,1830,,,,,
18-09-2020 18:29:56.436,,,,0.36,,,,,136,,,
18-09-2020 18:29:56.482,,3.56161522692994,,,0.00659501808333333,16.3811236202222,,5.13997592939361,,1.51002156008783,16,
18-09-2020 18:29:56.528,,,,,,,1923,,,,,
18-09-2020 18:29:56.575,,,,0.41,,,,,141,,,
18-09-2020 18:29:56.623,,3.8408996495551,,,0.00726311477777778,16.3817917169167,,5.67489408501327,,1.50054953124933,17,
18-09-2020 18:29:56.669,,,,,,,2014,,,,,
18-09-2020 18:29:56.715,,,,0.46,,,,,146,,,
18-09-2020 18:29:56.761,,4.12226222487919,,,0.00795321127777778,16.3824818134167,,6.26731124311551,,1.49783625570174,18,
18-09-2020 18:29:56.807,,,,,,,2079,,,,,
18-09-2020 18:29:56.848,,,,0.51,,,,,151,,,
18-09-2020 18:29:56.895,,4.4030257448127,,,0.00865829230555556,16.3831868944444,,8.27541539657843,,2.00578045870394,19,
18-09-2020 18:29:56.941,,,,,,,2117,,,,,
18-09-2020 18:29:56.985,,,,0.53,,,,,153,,,
18-09-2020 18:29:57.031,,4.67901676613147,,,0.00937833266666667,16.3839069348055,,6.96127953735026,,1.51628155844389,19,
18-09-2020 18:29:57.078,,,,,,,2124,,,,,
18-09-2020 18:29:57.123,,,,0.51,,,,,151,,,
18-09-2020 18:29:57.170,,4.94904177242812,,,0.0101101862777778,16.3846387884167,,5.6191842340432,,1.01636812072762,19,
18-09-2020 18:29:57.217,,,,,,,2061,,,,,
18-09-2020 18:29:57.265,,,,0.44,,,,,144,,,
18-09-2020 18:29:57.309,,5.20897833071448,,,0.0108417723055556,16.3853703744444,,4.25275198005952,,0.507389478292802,19,
18-09-2020 18:29:57.354,,,,,,,1901,,,,,
18-09-2020 18:29:57.486,,,,0.4,,,,,140,,,
18-09-2020 18:29:57.535,,5.61318240411535,,,0.0120358331111111,16.38656443525,,2.89058608414961,,0,19,
18-09-2020 18:29:57.604,,,,,,,1594,,,,,
18-09-2020 18:29:57.654,,,,0.35,,,,,135,,,
18-09-2020 18:29:57.701,,5.89526033371962,,,0.01291275225,16.3874413543889,,2.89058608414961,,0,19,
18-09-2020 18:29:57.747,,,,,,,1434,,,,,
18-09-2020 18:29:57.793,,,,0.32,,,,,132,,,
18-09-2020 18:29:57.838,,6.11902623902076,,,0.0136357143888889,16.3881643165278,,2.89058608414961,,0,19,
18-09-2020 18:29:57.884,,,,,,,1306,,,,,
18-09-2020 18:29:57.931,,,,0.3,,,,,130,,,
18-09-2020 18:29:57.976,,6.33750119934579,,,0.01436623325,16.3888948353889,,2.89058608414961,,0,19,
18-09-2020 18:29:58.024,,,,,,,1075,,,,,
18-09-2020 18:29:58.072,,,,0.29,,,,,129,,,
18-09-2020 18:29:58.126,,6.56496454327608,,,0.0151540814444444,16.3896826835833,,2.89058608414961,,0,19,
18-09-2020 18:29:58.344,,,,,,,1194,,,,,
18-09-2020 18:29:58.547,,,,0.27,,,,,127,,,
18-09-2020 18:29:58.748,,7.57065332684945,,,0.0187842551944444,16.3933128573333,,5.47726592926208,,0.530594126299676,21,
18-09-2020 18:29:58.953,,,,,,,1325,,,,,
18-09-2020 18:29:59.039,,,,0.33,,,,,133,,,
18-09-2020 18:29:59.086,,8.13328952337578,,,0.0209439954444444,16.3954725975833,,8.02113062506504,,0.890379383977668,23,
18-09-2020 18:29:59.132,,,,,,,1430,,,,,
18-09-2020 18:29:59.178,,,,0.37,,,,,137,,,
18-09-2020 18:29:59.225,,8.36839392853289,,,0.0218735214444444,16.3964021235833,,9.59685974909317,,1.11201896339283,24,
18-09-2020 18:29:59.271,,,,,,,1486,,,,,
18-09-2020 18:29:59.318,,,,0.42,,,,,142,,,
18-09-2020 18:29:59.366,,8.61400685206101,,,0.0228530075555556,16.3973816096944,,11.3298823207695,,1.34327604771435,25,
18-09-2020 18:29:59.406,,,,,,,1545,,,,,
18-09-2020 18:29:59.454,,,,0.47,,,,,147,,,
18-09-2020 18:29:59.499,,8.86561663175721,,,0.0238468715555556,16.3983754736944,,16.7596791645909,,2.21876745337948,27,
18-09-2020 18:29:59.544,,,,,,,1604,,,,,
18-09-2020 18:29:59.589,,,,0.53,,,,,153,,,
18-09-2020 18:29:59.635,,9.11977155071925,,,0.0248791948055556,16.3994077969444,,16.0091913322046,,2.02204907011625,27,
18-09-2020 18:29:59.685,,,,,,,1663,,,,,
18-09-2020 18:29:59.734,,,,0.58,,,,,158,,,
18-09-2020 18:29:59.804,,9.45668038278941,,,0.0262430414444444,16.4007716435833,,20.1076798024726,,2.39880787308702,29,
18-09-2020 18:29:59.853,,,,,,,1738,,,,,
18-09-2020 18:29:59.899,,,,0.66,,,,,166,,,
18-09-2020 18:29:59.948,,9.74526942500773,,,0.0274292156111111,16.40195781775,,21.4960133150509,,2.386784728114,30,
18-09-2020 18:29:59.997,,,,,,,1800,,,,,
18-09-2020 18:30:00.043,,,,0.72,,,,,172,,,
18-09-2020 18:30:00.092,,10.0470642120085,,,0.0286859711111111,16.40321457325,,20.7626469551845,,1.87383790428919,31,
18-09-2020 18:30:00.140,,,,,,,1859,,,,,
18-09-2020 18:30:00.189,,,,0.79,,,,,179,,,
18-09-2020 18:30:00.236,,10.3480983098417,,,0.0299562484444444,16.4044848505833,,24.26323869814,,2.31201457982289,32,
18-09-2020 18:30:00.283,,,,,,,1914,,,,,
18-09-2020 18:30:00.329,,,,0.85,,,,,185,,,
18-09-2020 18:30:00.374,,10.6438822056294,,,0.0312201631111111,16.40574876525,,24.2366618192997,,1.9498370111744,33,
18-09-2020 18:30:00.421,,,,,,,1967,,,,,
18-09-2020 18:30:00.440,,,,0.91,,,,,191,,,
18-09-2020 18:30:00.487,,10.8899033011684,,,0.0322818272777778,16.4068104294167,,26.476729279883,,2.06340752273813,34,
18-09-2020 18:30:00.533,,,,,,,2014,,,,,
18-09-2020 18:30:00.579,,,,0.96,,,,,196,,,
18-09-2020 18:30:00.625,,11.2006167917156,,,0.0336364011666667,16.4081650033055,,28.3731501728023,,2.08361631447404,35,
18-09-2020 18:30:00.688,,,,,,,2011,,,,,
18-09-2020 18:30:00.736,,,,0.98,,,,,198,,,
18-09-2020 18:30:00.781,,11.5343038553068,,,0.0351310606111111,16.40965966275,,25.6376056154941,,1.53046900549267,35,
18-09-2020 18:30:00.825,,,,,,,2009,,,,,
18-09-2020 18:30:00.869,,,,0.7,,,,,170,,,
18-09-2020 18:30:00.918,,11.8242574590074,,,0.0364647842222222,16.4109933863611,,23.1235368394348,,1.02210573487583,35,
18-09-2020 18:30:00.963,,,,,,,1909,,,,,
18-09-2020 18:30:01.010,,,,0.51,,,,,151,,,
18-09-2020 18:30:01.055,,12.1066599805304,,,0.0377962435277778,16.4123248456667,,20.4873511182089,,0.489049516224394,35,
18-09-2020 18:30:01.100,,,,,,,1731,,,,,
18-09-2020 18:30:01.146,,,,0.46,,,,,146,,,
18-09-2020 18:30:01.194,,12.3868629154663,,,0.0391501835277778,16.4136787856667,,18.0687969272368,,0,35,
18-09-2020 18:30:01.238,,,,,,,1548,,,,,
18-09-2020 18:30:01.281,,,,0.42,,,,,142,,,
18-09-2020 18:30:01.327,,12.6485302048627,,,0.0404452486666667,16.4149738508055,,18.0687969272368,,0,35,
18-09-2020 18:30:01.373,,,,,,,1485,,,,,
18-09-2020 18:30:01.420,,,,0.39,,,,,139,,,
18-09-2020 18:30:01.463,,12.909776495376,,,0.0417688251944444,16.4162974273333,,18.0687969272368,,0,35,
18-09-2020 18:30:01.510,,,,,,,1345,,,,,
18-09-2020 18:30:01.555,,,,0.38,,,,,138,,,
18-09-2020 18:30:01.602,,13.1701141117709,,,0.043119307,16.4176479091389,,18.0687969272368,,0,35,
18-09-2020 18:30:01.649,,,,,,,1346,,,,,
18-09-2020 18:30:01.695,,,,0.39,,,,,139,,,
18-09-2020 18:30:01.739,,13.4328568515891,,,0.044491576,16.4190201781389,,22.2530069202686,,0.509323637767073,36,
18-09-2020 18:30:01.788,,,,,,,1362,,,,,
18-09-2020 18:30:01.856,,,,0.42,,,,,142,,,
18-09-2020 18:30:01.903,,13.7388152158328,,,0.046130397,16.4206589991389,,22.1166349230354,,0.482514196966966,36,
18-09-2020 18:30:01.967,,,,,,,1358,,,,,
18-09-2020 18:30:02.014,,,,0.45,,,,,145,,,
18-09-2020 18:30:02.063,,14.0429442206045,,,0.0477762073611111,16.4223048095,,26.1858973370798,,0.925632808869784,37,
18-09-2020 18:30:02.111,,,,,,,1391,,,,,
18-09-2020 18:30:02.157,,,,0.45,,,,,145,,,
18-09-2020 18:30:02.204,,14.3033956848874,,,0.04922073875,16.4237493408889,,26.1734963380227,,0.923260779808213,37,
18-09-2020 18:30:02.423,,,,,,,1407,,,,,
18-09-2020 18:30:02.624,,,,0.49,,,,,149,,,
18-09-2020 18:30:02.828,,15.4896451886351,,,0.0559924225,16.4305210246389,,29.2164279779472,,0.765367687688592,39,
18-09-2020 18:30:03.031,,,,,,,1537,,,,,
18-09-2020 18:30:03.133,,,,0.77,,,,,177,,,
18-09-2020 18:30:03.180,,16.1860685061091,,,0.060088315,16.4346169171389,,38.9666778267098,,1.30487740207052,42,
18-09-2020 18:30:03.246,,,,,,,1604,,,,,
18-09-2020 18:30:03.292,,,,0.87,,,,,187,,,
18-09-2020 18:30:03.335,,16.4922870006134,,,0.0619323831388889,16.4364609852778,,41.4733525991136,,1.3112257524528,43,
18-09-2020 18:30:03.380,,,,,,,1653,,,,,
18-09-2020 18:30:03.427,,,,0.96,,,,,196,,,
18-09-2020 18:30:03.471,,16.7682582380937,,,0.06360685325,16.4381354553889,,45.4358406300359,,1.53395973411797,44,
18-09-2020 18:30:03.520,,,,,,,1691,,,,,
18-09-2020 18:30:03.625,,,,1.08,,,,,208,,,
18-09-2020 18:30:03.672,,17.1773445314401,,,0.066116687,16.4406452891389,,50.9589786911266,,1.97474389447695,45,
18-09-2020 18:30:03.719,,,,,,,1756,,,,,
18-09-2020 18:30:03.764,,,,1.28,,,,,228,,,
18-09-2020 18:30:03.813,,17.4773815444272,,,0.0679552578055555,16.4424838599444,,58.3264515625374,,2.1943053913118,47,
18-09-2020 18:30:03.859,,,,,,,1808,,,,,
18-09-2020 18:30:03.906,,,,1.43,,,,,243,,,
18-09-2020 18:30:03.954,,17.7810980267715,,,0.0698310138055556,16.4443596159444,,61.8195424151566,,2.24301805005074,48,
18-09-2020 18:30:04.000,,,,,,,1859,,,,,
18-09-2020 18:30:04.019,,,,1.55,,,,,255,,,
18-09-2020 18:30:04.066,,18.0265020786401,,,0.0713556937222222,16.4458842958611,,65.7654856572288,,2.3376194614712,49,
18-09-2020 18:30:04.112,,,,,,,1899,,,,,
18-09-2020 18:30:04.156,,,,1.55,,,,,255,,,
18-09-2020 18:30:04.202,,18.3394258913638,,,0.0732898899722222,16.4478184921111,,78.5714314504775,,3.14568385436868,51,
18-09-2020 18:30:04.246,,,,,,,1949,,,,,
18-09-2020 18:30:04.293,,,,1.55,,,,,255,,,
18-09-2020 18:30:04.342,,18.6646727991028,,,0.0753174494166667,16.4498460515555,,78.5347464624684,,2.62380701005248,52,
18-09-2020 18:30:04.388,,,,,,,2009,,,,,
18-09-2020 18:30:04.436,,,,1.55,,,,,255,,,
18-09-2020 18:30:04.480,,18.9872092790457,,,0.0773455488888889,16.4518741510278,,82.49282775232,,2.63749971778753,53,
18-09-2020 18:30:04.529,,,,,,,2069,,,,,
18-09-2020 18:30:04.577,,,,1.55,,,,,255,,,
18-09-2020 18:30:04.623,,19.3452181423705,,,0.0795736084444444,16.4541022105833,,101.587495916966,,3.48525958253202,56,
18-09-2020 18:30:04.672,,,,,,,2125,,,,,
18-09-2020 18:30:04.719,,,,1.55,,,,,255,,,
18-09-2020 18:30:04.765,,19.7015423444311,,,0.0818135041944444,16.4563421063333,,101.904091752125,,2.9623004609221,57,
18-09-2020 18:30:04.812,,,,,,,2187,,,,,
18-09-2020 18:30:04.857,,,,1.55,,,,,255,,,
18-09-2020 18:30:04.904,,20.064726882036,,,0.0840988905,16.4586274926389,,115.400132467077,,3.46033904718358,59,
18-09-2020 18:30:04.951,,,,,,,2240,,,,,
18-09-2020 18:30:04.998,,,,1.55,,,,,255,,,
18-09-2020 18:30:05.045,,20.4341795669733,,,0.0864471605,16.4609757626389,,120.216188327904,,3.44277725496746,60,
18-09-2020 18:30:05.092,,,,,,,2291,,,,,
18-09-2020 18:30:05.139,,,,1.55,,,,,255,,,
18-09-2020 18:30:05.184,,20.8006659566963,,,0.0887998745833333,16.4633284767222,,117.018648733811,,2.47844683152581,61,
18-09-2020 18:30:05.231,,,,,,,2350,,,,,
18-09-2020 18:30:05.281,,,,1.55,,,,,255,,,
18-09-2020 18:30:05.324,,21.1819915437607,,,0.0912523508333333,16.4657809529722,,131.896536489933,,2.9791116015126,63,
18-09-2020 18:30:05.373,,,,,,,2413,,,,,
18-09-2020 18:30:05.423,,,,1.55,,,,,255,,,
18-09-2020 18:30:05.468,,21.5834700941194,,,0.0938417468055555,16.4683703489444,,142.895367705037,,2.95723197882054,65,
18-09-2020 18:30:05.515,,,,,,,2470,,,,,
18-09-2020 18:30:05.566,,,,1.55,,,,,255,,,
18-09-2020 18:30:05.612,,22.0004992742919,,,0.0965414206111111,16.47107002275,,159.225049867282,,3.43031540652462,67,
18-09-2020 18:30:05.661,,,,,,,2526,,,,,
18-09-2020 18:30:05.706,,,,1.55,,,,,255,,,
18-09-2020 18:30:05.757,,22.4201102883841,,,0.0992884978333333,16.4738170999722,,165.12604473328,,3.39448962219175,68,
18-09-2020 18:30:05.810,,,,,,,2590,,,,,
18-09-2020 18:30:05.860,,,,1.55,,,,,255,,,
18-09-2020 18:30:05.908,,22.8671316242576,,,0.102228589222222,16.4767571913611,,177.494612868113,,3.33078404638949,70,
18-09-2020 18:30:05.958,,,,,,,2646,,,,,
18-09-2020 18:30:06.007,,,,1.55,,,,,255,,,
18-09-2020 18:30:06.079,,23.3733394650978,,,0.105602241,16.4801308431389,,178.187519990581,,2.72655936019649,71,
18-09-2020 18:30:06.127,,,,,,,2714,,,,,
18-09-2020 18:30:06.176,,,,1.55,,,,,255,,,
18-09-2020 18:30:06.225,,23.8142669669219,,,0.108558927555556,16.4830875296944,,191.984314503502,,2.71854077430566,73,
18-09-2020 18:30:06.276,,,,,,,2771,,,,,
18-09-2020 18:30:06.324,,,,1.55,,,,,255,,,
18-09-2020 18:30:06.536,,24.7663947669137,,,0.115039287972222,16.4895678901111,,204.216289710701,,2.49361534726486,75,
18-09-2020 18:30:06.740,,,,,,,2916,,,,,
18-09-2020 18:30:06.941,,,,1.55,,,,,255,,,
18-09-2020 18:30:07.151,,26.7652967815201,,,0.128906296722222,16.5034348988611,,252.101150362533,,2.45835539260324,81,
18-09-2020 18:30:07.234,,,,,,,3152,,,,,
18-09-2020 18:30:07.284,,,,1.55,,,,,255,,,
18-09-2020 18:30:07.335,,27.3707693305037,,,0.133207232972222,16.5077358351111,,296.01177317996,,3.09744789674482,85,
18-09-2020 18:30:07.385,,,,,,,3201,,,,,
18-09-2020 18:30:07.434,,,,1.55,,,,,255,,,
18-09-2020 18:30:07.482,,27.8574133483071,,,0.136710371305556,16.5112389734444,,302.955323445643,,2.87225234375349,86,
18-09-2020 18:30:07.531,,,,,,,3255,,,,,
18-09-2020 18:30:07.581,,,,1.55,,,,,255,,,
18-09-2020 18:30:07.630,,28.3599637786179,,,0.140349408416667,16.5148780105555,,328.251965635462,,3.3021400987092,88,
18-09-2020 18:30:07.679,,,,,,,3305,,,,,
18-09-2020 18:30:07.732,,,,1.55,,,,,255,,,
18-09-2020 18:30:07.779,,28.8630110713631,,,0.144033763666667,16.5185623658055,,341.570534120654,,3.53669563096604,89,
18-09-2020 18:30:07.826,,,,,,,3367,,,,,
18-09-2020 18:30:07.879,,,,1.55,,,,,255,,,
18-09-2020 18:30:07.925,,29.3599414284428,,,0.147694741694444,16.5222233438333,,353.862207898034,,2.82196218028862,91,
18-09-2020 18:30:07.972,,,,,,,3419,,,,,
18-09-2020 18:30:08.023,,,,1.55,,,,,255,,,
18-09-2020 18:30:08.068,,29.8490018394719,,,0.151336508027778,16.5258651101667,,365.158340184292,,2.84598999156392,92,
18-09-2020 18:30:08.116,,,,,,,3466,,,,,
18-09-2020 18:30:08.160,,,,1.55,,,,,255,,,
18-09-2020 18:30:08.205,,30.3198289056169,,,0.154878392361111,16.5294069945,,370.731142562542,,2.4162552508851,93,
18-09-2020 18:30:08.252,,,,,,,3514,,,,,
18-09-2020 18:30:08.294,,,,1.55,,,,,255,,,
18-09-2020 18:30:08.363,,30.8617348471242,,,0.158999605638889,16.5335282077778,,381.650109093494,,2.38047138970472,94,
18-09-2020 18:30:08.409,,,,,,,3574,,,,,
18-09-2020 18:30:08.455,,,,1.55,,,,,255,,,
18-09-2020 18:30:08.502,,31.3529608832287,,,0.162757789638889,16.5372863917778,,405.498011623006,,2.40656385864368,96,
18-09-2020 18:30:08.553,,,,,,,3618,,,,,
18-09-2020 18:30:08.600,,,,1.55,,,,,255,,,
18-09-2020 18:30:08.646,,31.8497109444111,,,0.166597138555556,16.5411257406944,,417.545586605212,,2.40175224157938,97,
18-09-2020 18:30:08.694,,,,,,,3659,,,,,
18-09-2020 18:30:08.763,,,,1.55,,,,,255,,,
18-09-2020 18:30:08.808,,32.4209315063629,,,0.171040022055556,16.5455686241944,,447.579416923234,,2.76417939723309,99,
18-09-2020 18:30:08.856,,,,,,,3714,,,,,
18-09-2020 18:30:08.903,,,,1.55,,,,,255,,,
18-09-2020 18:30:08.948,,32.9152740410514,,,0.1749275665,16.5494561686389,,461.679372920506,,2.84857580609995,100,
18-09-2020 18:30:08.994,,,,,,,3761,,,,,
18-09-2020 18:30:09.039,,,,1.55,,,,,255,,,
18-09-2020 18:30:09.084,,33.3979725399792,,,0.178760235944444,16.5532888380833,,468.258639138605,,2.38659401645368,101,
18-09-2020 18:30:09.132,,,,,,,3807,,,,,
18-09-2020 18:30:09.186,,,,1.55,,,,,255,,,
18-09-2020 18:30:09.230,,33.9144206108012,,,0.182901447277778,16.5574300494167,,481.48306394754,,2.37702431431548,102,
18-09-2020 18:30:09.353,,,,,,,3848,,,,,
18-09-2020 18:30:09.402,,,,1.55,,,,,255,,,
18-09-2020 18:30:09.447,,34.6898536294275,,,0.189176449055556,16.5637050511944,,505.96157719989,,2.17152866723592,104,
18-09-2020 18:30:09.495,,,,,,,3910,,,,,
18-09-2020 18:30:09.541,,,,1.54,,,,,254,,,
18-09-2020 18:30:09.588,,35.1955825258922,,,0.1933052845,16.5678338866389,,540.933727293719,,2.60418090828101,106,
18-09-2020 18:30:09.647,,,,,,,3954,,,,,
18-09-2020 18:30:09.696,,,,1.52,,,,,252,,,
18-09-2020 18:30:09.743,,35.7453813717343,,,0.197861355888889,16.5723899580278,,533.533273208274,,2.11007783131805,106,
18-09-2020 18:30:09.788,,,,,,,4005,,,,,
18-09-2020 18:30:09.836,,,,1.51,,,,,251,,,
18-09-2020 18:30:09.885,,36.2515984738694,,,0.202099224638889,16.5766278267778,,548.351781381222,,2.12200809802428,107,
18-09-2020 18:30:09.930,,,,,,,4039,,,,,
18-09-2020 18:30:09.976,,,,1.48,,,,,248,,,
18-09-2020 18:30:10.020,,36.739159952975,,,0.206199335333333,16.5807279374722,,583.094319368278,,2.42384290441998,109,
18-09-2020 18:30:10.069,,,,,,,4074,,,,,
18-09-2020 18:30:10.116,,,,1.47,,,,,247,,,
18-09-2020 18:30:10.164,,37.2483448959343,,,0.210540720555556,16.5850693226944,,568.038213653712,,1.44626536967902,109,
18-09-2020 18:30:10.210,,,,,,,4119,,,,,
18-09-2020 18:30:10.256,,,,1.44,,,,,244,,,
18-09-2020 18:30:10.302,,37.7478359177732,,,0.214818931888889,16.5893475340278,,615.318969884031,,2.48397073810932,111,
18-09-2020 18:30:10.350,,,,,,,4154,,,,,
18-09-2020 18:30:10.395,,,,1.43,,,,,243,,,
18-09-2020 18:30:10.617,,38.8700616761496,,,0.224600100333333,16.5991287024722,,622.115850288492,,1.8980646649373,112,
18-09-2020 18:30:10.821,,,,,,,4254,,,,,
18-09-2020 18:30:11.022,,,,1.35,,,,,235,,,
18-09-2020 18:30:11.226,,41.0751160646625,,,0.244326399777778,16.6188550019167,,684.239258307831,,1.61260085942964,116,
18-09-2020 18:30:11.315,,,,,,,4403,,,,,
18-09-2020 18:30:11.362,,,,1.29,,,,,229,,,
18-09-2020 18:30:11.412,,41.730430324948,,,0.250357048722222,16.6248856508611,,725.828452997883,,2.00358545624566,118,
18-09-2020 18:30:11.461,,,,,,,4428,,,,,
18-09-2020 18:30:11.509,,,,1.27,,,,,227,,,
18-09-2020 18:30:11.558,,42.2492712087735,,,0.255183401138889,16.6297120032778,,739.9242039763,,1.76920815807004,119,
18-09-2020 18:30:11.608,,,,,,,4457,,,,,
18-09-2020 18:30:11.656,,,,1.25,,,,,225,,,
18-09-2020 18:30:11.703,,42.7631728987858,,,0.260005764472222,16.6345343666111,,762.929360332684,,2.04644224685197,120,
18-09-2020 18:30:11.753,,,,,,,4499,,,,,
18-09-2020 18:30:11.800,,,,1.23,,,,,223,,,
18-09-2020 18:30:11.845,,43.2675741073661,,,0.264779715277778,16.6393083174167,,784.973223411653,,2.24512065682532,121,
18-09-2020 18:30:11.893,,,,,,,4518,,,,,
18-09-2020 18:30:11.940,,,,1.21,,,,,221,,,
18-09-2020 18:30:11.985,,43.7615866893935,,,0.26951569225,16.6440442943889,,771.422592057764,,1.45254776296605,121,
18-09-2020 18:30:12.034,,,,,,,4556,,,,,
18-09-2020 18:30:12.078,,,,1.19,,,,,219,,,
18-09-2020 18:30:12.125,,44.2444704380071,,,0.27418191775,16.6487105198889,,790.586178194832,,1.46963115961364,122,
18-09-2020 18:30:12.170,,,,,,,4583,,,,,
18-09-2020 18:30:12.239,,,,1.16,,,,,216,,,
18-09-2020 18:30:12.283,,44.8010061596629,,,0.279606631166667,16.6541352333055,,809.157541444392,,1.43461114147705,123,
18-09-2020 18:30:12.329,,,,,,,4614,,,,,
18-09-2020 18:30:12.375,,,,1.14,,,,,214,,,
18-09-2020 18:30:12.421,,45.2828046144484,,,0.284343382944444,16.6588719850833,,828.846558395403,,1.44619459057277,124,
18-09-2020 18:30:12.470,,,,,,,4641,,,,,
18-09-2020 18:30:12.519,,,,1.11,,,,,211,,,
18-09-2020 18:30:12.566,,45.7912580922502,,,0.289381886416667,16.6639104885555,,856.896664907581,,1.91322920124231,125,
18-09-2020 18:30:12.611,,,,,,,4665,,,,,
18-09-2020 18:30:12.656,,,,1.1,,,,,210,,,
18-09-2020 18:30:12.701,,46.2650854965264,,,0.294113746416667,16.6686423485555,,877.347581873458,,1.92826045800737,126,
18-09-2020 18:30:12.749,,,,,,,4685,,,,,
18-09-2020 18:30:12.796,,,,1.07,,,,,207,,,
18-09-2020 18:30:12.840,,46.7439721076005,,,0.298953574416667,16.6734821765555,,869.69333061617,,1.4983309791557,126,
18-09-2020 18:30:13.409,,,100,,,,,,,,,
18-09-2020 18:30:13.537,18,,,,,,,,,,,
18-09-2020 18:30:13.584,,,,,,,4714,,,,,
18-09-2020 18:30:13.643,,,,0.47,,,,,147,,,
18-09-2020 18:30:13.692,,49.5739312159068,,,0.328792813916667,16.7033214160555,,850.798435320996,,0.437028937434063,126,
18-09-2020 18:30:13.738,,,,,,,4389,,,,,
18-09-2020 18:30:13.784,,,,0.38,,,,,138,,,
18-09-2020 18:30:13.828,,50.0061251722141,,,0.333545537416667,16.7080741395555,,846.936668929133,,0.220118470754571,126,
18-09-2020 18:30:13.874,,,,,,,4142,,,,,
18-09-2020 18:30:13.923,,,,0.33,,,,,133,,,
18-09-2020 18:30:13.969,,50.4484410600838,,,0.338465823416667,16.7129944255555,,843.017788823433,,0,126,
18-09-2020 18:30:14.015,,,,,,,3906,,,,,
18-09-2020 18:30:14.061,,,,0.32,,,,,132,,,
18-09-2020 18:30:14.104,,50.8590901357553,,,0.343136769083333,16.7176653712222,,795.81030400333,,-0.439338557174219,124,
18-09-2020 18:30:14.149,,,,,,,3684,,,,,
18-09-2020 18:30:14.196,,,,0.33,,,,,133,,,
18-09-2020 18:30:14.240,,51.2612459602804,,,0.347788813583333,16.7223174157222,,757.803745609895,,-1.52021881908064,123,
18-09-2020 18:30:14.287,,,,,,,3474,,,,,
18-09-2020 18:30:14.333,,,,0.35,,,,,135,,,
18-09-2020 18:30:14.379,,51.65910006261,,,0.352470516138889,16.7269991182778,,730.45643525917,,-2.01851417534885,122,
18-09-2020 18:30:14.423,,,,,,,3253,,,,,
18-09-2020 18:30:14.468,,,,0.38,,,,,138,,,
18-09-2020 18:30:14.513,,52.0243535081076,,,0.356898436722222,16.7314270388611,,650.065209123688,,-3.57495427888831,119,
18-09-2020 18:30:14.722,,,,,,,3041,,,,,
18-09-2020 18:30:14.925,,,,0.45,,,,,145,,,
18-09-2020 18:30:15.129,,53.4617305720068,,,0.375921518055556,16.7504501201944,,521.092827782658,,-3.52380187212546,111,
18-09-2020 18:30:15.329,,,,,,,2069,,,,,
18-09-2020 18:30:15.410,,,,0.47,,,,,147,,,
18-09-2020 18:30:15.457,,54.0820542210421,,,0.385206263555556,16.7597348656944,,378.11642261443,,-4.79505838271284,102,
18-09-2020 18:30:15.506,,,,,,,1730,,,,,
18-09-2020 18:30:15.550,,,,0.45,,,,,145,,,
18-09-2020 18:30:15.597,,54.3196157552937,,,0.389002448722222,16.7635310508611,,320.86075738889,,-5.47299362242999,98,
18-09-2020 18:30:15.645,,,,,,,1562,,,,,
18-09-2020 18:30:15.688,,,,0.43,,,,,143,,,
18-09-2020 18:30:15.737,,54.5450972624251,,,0.392741904722222,16.7672705068611,,302.062951888707,,-5.21881791015169,96,
18-09-2020 18:30:15.782,,,,,,,1401,,,,,
18-09-2020 18:30:15.870,,,,0.42,,,,,142,,,
18-09-2020 18:30:15.916,,54.8029152713839,,,0.3973333385,16.7718619406389,,241.01172728552,,-6.70420201174895,92,
18-09-2020 18:30:15.962,,,,,,,1228,,,,,
18-09-2020 18:30:16.008,,,,0.39,,,,,139,,,
18-09-2020 18:30:16.047,,54.97286871284,,,0.400556236166667,16.7750848383055,,220.109812053324,,-6.12183156837162,89,
18-09-2020 18:30:16.096,,,,,,,1107,,,,,
18-09-2020 18:30:16.141,,,,0.36,,,,,136,,,
18-09-2020 18:30:16.187,,55.1481718841151,,,0.403977781277778,16.7785063834167,,228.669804668449,,-4.70659500894592,88,
18-09-2020 18:30:16.231,,,,,,,987,,,,,
18-09-2020 18:30:16.278,,,,0.32,,,,,132,,,
18-09-2020 18:30:16.332,,55.3059093159403,,,0.407360589611111,16.78188919175,,183.272228878203,,-5.60374119210964,84,
18-09-2020 18:30:16.379,,,,,,,947,,,,,
18-09-2020 18:30:16.425,,,,0.28,,,,,128,,,
18-09-2020 18:30:16.470,,55.4447680558152,,,0.410518867444444,16.7850474695833,,174.267384903619,,-5.0141035702403,82,
18-09-2020 18:30:16.516,,,,,,,942,,,,,
18-09-2020 18:30:16.564,,,,0.25,,,,,125,,,
18-09-2020 18:30:16.611,,55.5576996705294,,,0.413521647138889,16.7880502492778,,128.067326247435,,-5.91265634837182,77,
18-09-2020 18:30:16.657,,,,,,,934,,,,,
18-09-2020 18:30:16.702,,,,0.22,,,,,122,,,
18-09-2020 18:30:16.748,,55.6620010201396,,,0.416422698027778,16.7909513001667,,121.22882095727,,-5.93825638540709,76,
18-09-2020 18:30:16.795,,,,,,,926,,,,,
18-09-2020 18:30:16.841,,,,0.2,,,,,120,,,
18-09-2020 18:30:16.889,,55.7472175140526,,,0.419246988027778,16.7937755901667,,96.4729823645921,,-5.97878905008701,72,
18-09-2020 18:30:16.935,,,,,,,920,,,,,
18-09-2020 18:30:16.982,,,,0.18,,,,,118,,,
18-09-2020 18:30:17.028,,55.8198993813728,,,0.421945342194444,16.7964739443333,,85.4506031241204,,-5.97520516912609,70,
18-09-2020 18:30:17.074,,,,,,,915,,,,,
18-09-2020 18:30:17.121,,,,0.16,,,,,116,,,
18-09-2020 18:30:17.165,,55.8808650336922,,,0.424531319861111,16.799059922,,89.1622604211962,,-4.51161822903104,68,
18-09-2020 18:30:17.210,,,,,,,912,,,,,
18-09-2020 18:30:17.259,,,,0.15,,,,,115,,,
18-09-2020 18:30:17.325,,55.9282115533943,,,0.427383437194444,16.8019120393333,,58.2031797553322,,-5.7803595175527,64,
18-09-2020 18:30:17.375,,,,,,,909,,,,,
18-09-2020 18:30:17.423,,,,0.14,,,,,114,,,
18-09-2020 18:30:17.469,,55.9650312460883,,,0.429903060944444,16.8044316630833,,66.9903285247665,,-4.3122853559964,63,
18-09-2020 18:30:17.516,,,,,,,906,,,,,
18-09-2020 18:30:17.564,,,,0.13,,,,,113,,,
18-09-2020 18:30:17.610,,55.980353830057,,,0.432203272638889,16.8067318747778,,42.7484131963259,,-5.25449135291287,59,
18-09-2020 18:30:17.655,,,,,,,904,,,,,
18-09-2020 18:30:17.704,,,,0.13,,,,,113,,,
18-09-2020 18:30:17.753,,55.9856417507588,,,0.434499864388889,16.8090284665278,,36.2015863466217,,-5.19548219005709,57,
18-09-2020 18:30:17.805,,,,,,,900,,,,,
18-09-2020 18:30:17.859,,,,0.12,,,,,112,,,
18-09-2020 18:30:17.912,,55.9745349662393,,,0.436857970888889,16.8113865730278,,30.2521621491375,,-4.73230567719001,54,
18-09-2020 18:30:17.960,,,,,,,902,,,,,
18-09-2020 18:30:18.012,,,,0.12,,,,,112,,,
18-09-2020 18:30:18.085,,55.9501362967126,,,0.439364207666667,16.8138928098055,,22.841559419652,,-4.95609834023691,52,
18-09-2020 18:30:18.133,,,,,,,900,,,,,
18-09-2020 18:30:18.184,,,,0.11,,,,,111,,,
18-09-2020 18:30:18.234,,55.9134915296208,,,0.441403613527778,16.8159322156667,,18.7957299112385,,-4.44640299603614,49,
18-09-2020 18:30:18.285,,,,,,,901,,,,,
18-09-2020 18:30:18.333,,,,0.11,,,,,111,,,
18-09-2020 18:30:18.384,,55.8667126579305,,,0.443360927222222,16.8178895293611,,14.5107006268356,,-4.4034689330511,47,
18-09-2020 18:30:18.434,,,,,,,899,,,,,
18-09-2020 18:30:18.483,,,,0.1,,,,,110,,,
18-09-2020 18:30:18.554,,55.7971760734546,,,0.445419085888889,16.8199476880278,,9.00012610876515,,-4.32660772546269,44,
18-09-2020 18:30:18.605,,,,,,,898,,,,,
18-09-2020 18:30:18.817,,,,0.1,,,,,110,,,
18-09-2020 18:30:19.019,,55.511339991728,,,0.4503701365,16.8248987386389,,0.764904604537717,,-4.16436763827551,38,
18-09-2020 18:30:19.222,,,,,,,896,,,,,
18-09-2020 18:30:19.423,,,,0.09,,,,,109,,,
18-09-2020 18:30:19.511,,55.091014473291,,,0.454447744833333,16.8289763469722,,-6.15093505761045,,-4.13536856498454,30,
18-09-2020 18:30:19.560,,,,,,,896,,,,,
18-09-2020 18:30:19.613,,,,0.09,,,,,109,,,
18-09-2020 18:30:19.661,,54.9607210607329,,,0.455648334361111,16.8301769365,,-5.7655021759526,,-3.91537128565366,29,
18-09-2020 18:30:19.707,,,,,,,896,,,,,
18-09-2020 18:30:19.752,,,,0.09,,,,,109,,,
18-09-2020 18:30:19.799,,54.8326716818377,,,0.456678154111111,16.83120675625,,-6.1784534025769,,-3.79379152355034,27,
18-09-2020 18:30:19.846,,,,,,,897,,,,,
18-09-2020 18:30:19.883,,,,0.09,,,,,109,,,
18-09-2020 18:30:19.928,,54.7087300614146,,,0.457613043333333,16.8321416454722,,-6.06674178591467,,-3.66759581539054,26,
18-09-2020 18:30:19.973,,,,,,,896,,,,,
18-09-2020 18:30:20.016,,,,0.09,,,,,109,,,
18-09-2020 18:30:20.059,,54.5779391076244,,,0.458537686388889,16.8330662885278,,-2.35322363933486,,-2.53027903957733,25,
18-09-2020 18:30:20.109,,,,,,,895,,,,,
18-09-2020 18:30:20.156,,,,0.09,,,,,109,,,
18-09-2020 18:30:20.199,,54.4345301841548,,,0.459419239333333,16.8339478414722,,-4.92992731769082,,-3.09475036258095,23,
18-09-2020 18:30:20.246,,,,,,,896,,,,,
18-09-2020 18:30:20.291,,,,0.08,,,,,108,,,
18-09-2020 18:30:20.335,,54.2903377229157,,,0.460248407111111,16.83477700925,,-3.56143870302397,,-2.58925418086873,22,
18-09-2020 18:30:20.379,,,,,,,895,,,,,
18-09-2020 18:30:20.422,,,,0.08,,,,,108,,,
18-09-2020 18:30:20.465,,54.1489160607928,,,0.461007909444444,16.8355365115833,,-3.77190632308809,,-2.58649075053319,21,
18-09-2020 18:30:20.511,,,,,,,895,,,,,
18-09-2020 18:30:20.555,,,,0.08,,,,,108,,,
18-09-2020 18:30:20.599,,53.993930365107,,,0.461724306555556,16.8362529086944,,-5.39793067743404,,-3.08736711740374,19,
18-09-2020 18:30:20.671,,,,,,,896,,,,,
18-09-2020 18:30:20.715,,,,0.08,,,,,108,,,
18-09-2020 18:30:20.759,,53.8100345451652,,,0.462514769555556,16.8370433716944,,-3.85279675196406,,-2.4811981749656,18,
18-09-2020 18:30:20.805,,,,,,,895,,,,,
18-09-2020 18:30:20.852,,,,0.08,,,,,108,,,
18-09-2020 18:30:20.898,,53.6403544312983,,,0.463134713555556,16.8376633156944,,-4.96226650832623,,-2.9584897264965,16,
18-09-2020 18:30:20.945,,,,,,,895,,,,,
18-09-2020 18:30:20.990,,,,0.08,,,,,108,,,
18-09-2020 18:30:21.034,,53.4724107510333,,,0.463699458138889,16.8382280602778,,-4.7875736382952,,-2.9299372313687,15,
18-09-2020 18:30:21.080,,,,,,,897,,,,,
18-09-2020 18:30:21.126,,,,0.08,,,,,108,,,
18-09-2020 18:30:21.163,,53.3134814138012,,,0.464239631055556,16.8387682331944,,-2.75165726394938,,-1.96935680806649,15,
18-09-2020 18:30:21.207,,,,,,,898,,,,,
18-09-2020 18:30:21.254,,,,0.08,,,,,108,,,
18-09-2020 18:30:21.328,,53.1029199299112,,,0.4648340185,16.8393626206389,,-3.55588100437921,,-2.43989137291302,13,
18-09-2020 18:30:21.375,,,,,,,898,,,,,
18-09-2020 18:30:21.444,,,,0.08,,,,,108,,,
18-09-2020 18:30:21.489,,52.8887105390716,,,0.465326381555556,16.8398549836944,,-3.09447977376102,,-2.35183903276123,11,
18-09-2020 18:30:21.534,,,,,,,898,,,,,
18-09-2020 18:30:21.580,,,,0.08,,,,,108,,,
18-09-2020 18:30:21.625,,52.7099315984654,,,0.465741219055556,16.8402698211944,,-2.36059276668322,,-1.8796655766674,11,
18-09-2020 18:30:21.671,,,,,,,896,,,,,
18-09-2020 18:30:21.715,,,,0.08,,,,,108,,,
18-09-2020 18:30:21.784,,52.4979576486438,,,0.4661819485,16.8407105506389,,-2.74206977132724,,-2.23889031282313,10,
18-09-2020 18:30:21.829,,,,,,,899,,,,,
18-09-2020 18:30:21.875,,,,0.08,,,,,108,,,
18-09-2020 18:30:21.921,,52.3113414345812,,,0.466526279,16.8410548811389,,-2.076756825779,,-1.8746706555159,9,
18-09-2020 18:30:21.966,,,,,,,897,,,,,
18-09-2020 18:30:22.014,,,,0.08,,,,,108,,,
18-09-2020 18:30:22.058,,52.1272877273408,,,0.466868826,16.8413974281389,,-0.933344537822174,,-0.975534625655269,9,
18-09-2020 18:30:22.106,,,,,,,895,,,,,
18-09-2020 18:30:22.152,,,,0.08,,,,,108,,,
18-09-2020 18:30:22.200,,51.9343621422838,,,0.467183454444445,16.8417120565833,,-1.42277938984611,,-1.4495564502218,8,
18-09-2020 18:30:22.245,,,,,,,898,,,,,
18-09-2020 18:30:22.289,,,,0.08,,,,,108,,,
18-09-2020 18:30:22.334,,51.7537498791094,,,0.467480528666667,16.8420091308055,,-0.926122096375428,,-1.01018494728663,8,
18-09-2020 18:30:22.381,,,,,,,896,,,,,
18-09-2020 18:30:22.446,,,,0.08,,,,,108,,,
18-09-2020 18:30:22.492,,51.5371788870006,,,0.467787984027778,16.8423165861667,,-0.818295369053727,,-0.973472599102139,7,
18-09-2020 18:30:22.539,,,,,,,894,,,,,
18-09-2020 18:30:22.585,,,,0.08,,,,,108,,,
18-09-2020 18:30:22.630,,51.3491421593754,,,0.468057369694445,16.8425859718333,,-0.816658082238068,,-0.971817241682182,7,
18-09-2020 18:30:22.677,,,,,,,892,,,,,
18-09-2020 18:30:22.893,,,,0.08,,,,,108,,,
18-09-2020 18:30:23.098,,50.7235908793817,,,0.468970220638889,16.8434988227778,,-0.161259226332474,,-0.309184800757171,7,
18-09-2020 18:30:23.299,,,,,,,891,,,,,
18-09-2020 18:30:23.504,,,,0.08,,,,,108,,,
18-09-2020 18:30:23.607,,50.036364710634,,,0.469675631611111,16.84420423375,,-0.409685524267433,,-0.654454236475991,5,
18-09-2020 18:30:23.657,,,,,,,902,,,,,
18-09-2020 18:30:23.726,,,,0.08,,,,,108,,,
18-09-2020 18:30:23.772,,49.8168810399859,,,0.469905489388889,16.8444340915278,,-0.253876970920538,,-0.433914756543534,5,
18-09-2020 18:30:23.820,,,,,,,901,,,,,
18-09-2020 18:30:23.865,,,,0.08,,,,,108,,,
18-09-2020 18:30:23.936,,49.5978166064824,,,0.470086758388889,16.8446153605278,,-0.333766013493677,,-0.638258153671322,4,
18-09-2020 18:30:24.006,,,,,,,898,,,,,
18-09-2020 18:30:24.053,,,,0.08,,,,,108,,,
18-09-2020 18:30:24.099,,49.3751191567974,,,0.470223298555556,16.8447519006944,,-0.45909393394616,,-1.10988524286037,3,
18-09-2020 18:30:24.145,,,,,,,897,,,,,
18-09-2020 18:30:24.193,,,,0.08,,,,,108,,,
18-09-2020 18:30:24.239,,49.18688937005,,,0.470339733472222,16.8448683356111,,-0.361143941771137,,-0.87881277315698,3,
18-09-2020 18:30:24.285,,,,,,,896,,,,,
18-09-2020 18:30:24.334,,,,0.08,,,,,108,,,
18-09-2020 18:30:24.384,,48.992984993908,,,0.470460675972222,16.8449892781111,,-0.373171229480189,,-0.907186180985312,3,
18-09-2020 18:30:24.435,,,,,,,896,,,,,
18-09-2020 18:30:24.483,,,,0.07,,,,,107,,,
18-09-2020 18:30:24.528,,48.8029872197684,,,0.470580172972222,16.8451087751111,,-0.187439618307505,,-0.46902930988547,3,
18-09-2020 18:30:24.576,,,,,,,883,,,,,
18-09-2020 18:30:24.622,,,,0.07,,,,,107,,,
18-09-2020 18:30:24.669,,48.6171753568037,,,0.470698001888889,16.8452266040278,,0.0113786021932293,,0,3,
18-09-2020 18:30:24.717,,,,,,,927,,,,,
18-09-2020 18:30:24.766,,,,0.07,,,,,107,,,
18-09-2020 18:30:24.813,,48.425940932808,,,0.470777761888889,16.8453063640278,,-0.133518730889218,,-0.484403552259131,2,
18-09-2020 18:30:24.861,,,,,,,1101,,,,,
18-09-2020 18:30:24.906,,,,0.07,,,,,107,,,
18-09-2020 18:30:24.952,,48.2415421835846,,,0.470855295722222,16.8453838978611,,-0.134867946632743,,-0.489177926515261,2,
18-09-2020 18:30:25.007,,,,,,,1138,,,,,
18-09-2020 18:30:25.057,,,,0.08,,,,,108,,,
18-09-2020 18:30:25.105,,48.0416628711962,,,0.470940039722222,16.8454686418611,,-0.132661719686745,,-0.481370907374918,2,
18-09-2020 18:30:25.152,,,,,,,1165,,,,,
18-09-2020 18:30:25.200,,,,0.08,,,,,108,,,
18-09-2020 18:30:25.250,,47.8519271048893,,,0.4710211665,16.8455497686389,,-0.131770221956738,,-0.478216227456624,2,
18-09-2020 18:30:25.300,,,,,,,1136,,,,,
18-09-2020 18:30:25.350,,,,0.09,,,,,109,,,
18-09-2020 18:30:25.399,,47.6619454062898,,,0.471103076388889,16.8456316785278,,0.00337143813939697,,0,2,
18-09-2020 18:30:25.469,,,,,,,1024,,,,,
18-09-2020 18:30:25.519,,,,0.1,,,,,110,,,
18-09-2020 18:30:25.656,,,100,,,,,,,,,
18-09-2020 18:30:25.700,,47.2848787642241,,,0.471355544305556,16.8458841464444,,0.168774140966629,,0.371309635223632,3,
18-09-2020 18:30:25.752,,,,,,,961,,,,,
18-09-2020 18:30:25.803,,,,0.11,,,,,111,,,
18-09-2020 18:30:25.851,,47.1053522027415,,,0.471521622305556,16.8460502244444,,0.447760570622563,,0.744508250290511,4,
18-09-2020 18:30:25.899,,,,,,,952,,,,,
18-09-2020 18:30:25.946,,,,0.11,,,,,111,,,
18-09-2020 18:30:25.998,,46.9325352469897,,,0.471727890222222,16.8462564923611,,0.839504529725219,,1.11371393482439,5,
18-09-2020 18:30:26.050,,,,,,,946,,,,,
18-09-2020 18:30:26.100,,,,0.11,,,,,111,,,
18-09-2020 18:30:26.148,,46.759313608196,,,0.471936360638889,16.8464649627778,,0.838419767213771,,1.11217850589584,5,
18-09-2020 18:30:26.201,,,,,,,946,,,,,
18-09-2020 18:30:26.250,,,,0.12,,,,,112,,,
18-09-2020 18:30:26.322,,46.5653494635396,,,0.472225903972222,16.8467545061111,,1.226904026796,,1.3398137444525,6,
18-09-2020 18:30:26.373,,,,,,,955,,,,,
18-09-2020 18:30:26.422,,,,0.12,,,,,112,,,
18-09-2020 18:30:26.470,,46.4007866742457,,,0.472473752138889,16.8470023542778,,0.851514316518045,,0.897025411707305,6,
18-09-2020 18:30:26.520,,,,,,,959,,,,,
18-09-2020 18:30:26.574,,,,0.12,,,,,112,,,
18-09-2020 18:30:26.623,,46.2393139100684,,,0.472767061472222,16.8472956636111,,1.02429598986394,,0.889455294020121,7,
18-09-2020 18:30:26.671,,,,,,,968,,,,,
18-09-2020 18:30:26.726,,,,0.12,,,,,112,,,
18-09-2020 18:30:26.775,,46.080606859135,,,0.473107948361111,16.8476365505,,1.71792902031786,,1.32889418887329,8,
18-09-2020 18:30:26.984,,,,,,,1014,,,,,
18-09-2020 18:30:27.188,,,,0.12,,,,,112,,,
18-09-2020 18:30:27.391,,45.469934475164,,,0.474655142861111,16.849183745,,1.29861763486509,,0.779595722239773,9,
18-09-2020 18:30:27.594,,,,,,,1116,,,,,
18-09-2020 18:30:27.693,,,,0.13,,,,,113,,,
18-09-2020 18:30:27.741,,45.1468602500678,,,0.475614739805556,16.8501433419444,,1.65710185990927,,0.874517144104055,10,
18-09-2020 18:30:27.785,,,,,,,1133,,,,,
18-09-2020 18:30:27.832,,,,0.13,,,,,113,,,
18-09-2020 18:30:27.880,,45.0186053899248,,,0.476000577583333,16.8505291797222,,1.35807141129848,,0.662885567390273,10,
18-09-2020 18:30:27.926,,,,,,,1136,,,,,
18-09-2020 18:30:27.971,,,,0.13,,,,,113,,,
18-09-2020 18:30:28.015,,44.8947661449935,,,0.476375819527778,16.8509044216667,,1.05455320719639,,0.448077890132413,10,
18-09-2020 18:30:28.061,,,,,,,1131,,,,,
18-09-2020 18:30:28.112,,,,0.13,,,,,113,,,
18-09-2020 18:30:28.158,,44.764795469544,,,0.476772510083333,16.8513011122222,,0.933389948659927,,0.362327520686836,10,
18-09-2020 18:30:28.204,,,,,,,1123,,,,,
18-09-2020 18:30:28.250,,,,0.13,,,,,113,,,
18-09-2020 18:30:28.295,,44.640790420105,,,0.477153771194445,16.8516823733333,,0.421429669681553,,0,10,
18-09-2020 18:30:28.340,,,,,,,1114,,,,,
18-09-2020 18:30:28.385,,,,0.13,,,,,113,,,
18-09-2020 18:30:28.432,,44.5181854158771,,,0.477533422305556,16.8520620244444,,0.421429669681553,,0,10,
18-09-2020 18:30:28.478,,,,,,,1106,,,,,
18-09-2020 18:30:28.621,,,,0.13,,,,,113,,,
18-09-2020 18:30:28.667,,44.3029492526068,,,0.478122006305556,16.8526506084444,,-0.234762915233837,,-0.426196549369534,9,
18-09-2020 18:30:28.716,,,,,,,1094,,,,,
18-09-2020 18:30:28.765,,,,0.13,,,,,113,,,
18-09-2020 18:30:28.811,,44.1727298911239,,,0.478481606555556,16.8530102086944,,-0.233735215291881,,-0.425388405137195,9,
18-09-2020 18:30:28.878,,,,,,,1082,,,,,
18-09-2020 18:30:28.925,,,,0.13,,,,,113,,,
18-09-2020 18:30:28.973,,44.0265127819117,,,0.478888555305556,16.8534171574444,,-0.213988684232154,,-0.409860482508089,9,
18-09-2020 18:30:29.021,,,,,,,1087,,,,,
18-09-2020 18:30:29.091,,,,0.13,,,,,113,,,
18-09-2020 18:30:29.141,,43.8772511391663,,,0.479307515305556,16.8538361174444,,-0.191098376772892,,-0.391860413427157,9,
18-09-2020 18:30:29.187,,,,,,,1080,,,,,
18-09-2020 18:30:29.235,,,,0.13,,,,,113,,,
18-09-2020 18:30:29.283,,43.7512569670463,,,0.479663961055556,16.8541925631944,,0.307222229894271,,0,9,
18-09-2020 18:30:29.329,,,,,,,1080,,,,,
18-09-2020 18:30:29.376,,,,0.13,,,,,113,,,
18-09-2020 18:30:29.425,,43.6263952247786,,,0.480019753055556,16.8545483551944,,0.307222229894271,,0,9,
18-09-2020 18:30:29.477,,,,,,,1083,,,,,
18-09-2020 18:30:29.525,,,,0.13,,,,,113,,,
18-09-2020 18:30:29.595,,43.4791702211809,,,0.480442597805556,16.8549711999444,,0.307222229894271,,0,9,
18-09-2020 18:30:29.642,,,,,,,1084,,,,,
18-09-2020 18:30:29.687,,,,0.13,,,,,113,,,
18-09-2020 18:30:29.757,,43.3387531352741,,,0.480849250555556,16.8553778526944,,0.307222229894271,,0,9,
18-09-2020 18:30:29.809,,,,,,,1089,,,,,
18-09-2020 18:30:29.861,,,,0.12,,,,,112,,,
18-09-2020 18:30:29.911,,43.2070724909101,,,0.481233664305556,16.8557622664444,,0.307222229894271,,0,9,
18-09-2020 18:30:29.959,,,,,,,1095,,,,,
18-09-2020 18:30:30.003,,,,0.12,,,,,112,,,
18-09-2020 18:30:30.045,,43.0942616243406,,,0.481565350805556,16.8560939529444,,0.307222229894271,,0,9,
18-09-2020 18:30:30.091,,,,,,,1100,,,,,
18-09-2020 18:30:30.159,,,,0.12,,,,,112,,,
18-09-2020 18:30:30.208,,42.9558571103628,,,0.481975286305556,16.8565038884444,,0.307222229894271,,0,9,
18-09-2020 18:30:30.255,,,,,,,1107,,,,,
18-09-2020 18:30:30.302,,,,0.12,,,,,112,,,
18-09-2020 18:30:30.349,,42.8377002747422,,,0.482327880555556,16.8568564826944,,0.307222229894271,,0,9,
18-09-2020 18:30:30.396,,,,,,,1116,,,,,
18-09-2020 18:30:30.443,,,,0.12,,,,,112,,,
18-09-2020 18:30:30.489,,42.7251010353254,,,0.482715288611111,16.85724389075,,1.10160241311474,,0.481375829114507,10,
18-09-2020 18:30:30.536,,,,,,,1120,,,,,
18-09-2020 18:30:30.582,,,,0.12,,,,,112,,,
18-09-2020 18:30:30.628,,42.6136827380231,,,0.483101265555556,16.8576298676944,,1.0944062655607,,0.476282929511136,10,
18-09-2020 18:30:30.674,,,,,,,1127,,,,,
18-09-2020 18:30:30.719,,,,0.12,,,,,112,,,
18-09-2020 18:30:30.765,,42.5039185305689,,,0.483484101666667,16.8580127038055,,1.12626956249795,,0.498833408238158,10,
18-09-2020 18:30:30.811,,,,,,,1141,,,,,
18-09-2020 18:30:30.856,,,,0.12,,,,,112,,,
18-09-2020 18:30:31.033,,42.292364891237,,,0.484229278333333,16.8587578804722,,0.995111819562702,,0.406009683883134,10,
18-09-2020 18:30:31.240,,,,,,,1126,,,,,
18-09-2020 18:30:31.440,,,,0.12,,,,,112,,,
18-09-2020 18:30:31.643,,41.8220811300239,,,0.485921354166667,16.8604499563055,,0.421429669681553,,0,10,
18-09-2020 18:30:31.787,,,,,,,1122,,,,,
18-09-2020 18:30:31.837,,,,0.12,,,,,112,,,
18-09-2020 18:30:31.891,,41.634794477087,,,0.486609245277778,16.8611378474167,,0.421429669681553,,0,10,
18-09-2020 18:30:31.940,,,,,,,1125,,,,,
18-09-2020 18:30:31.985,,,,0.12,,,,,112,,,
18-09-2020 18:30:32.028,,41.5317340842522,,,0.486991247777778,16.8615198499167,,0.421429669681553,,0,10,
18-09-2020 18:30:32.078,,,,,,,1127,,,,,
18-09-2020 18:30:32.126,,,,0.12,,,,,112,,,
18-09-2020 18:30:32.174,,41.4220177804291,,,0.487400644166667,16.8619292463055,,0.421429669681553,,0,10,
18-09-2020 18:30:32.224,,,,,,,1130,,,,,
18-09-2020 18:30:32.272,,,,0.12,,,,,112,,,
18-09-2020 18:30:32.320,,41.3141097528883,,,0.487806122222222,16.8623347243611,,0.421429669681553,,0,10,
18-09-2020 18:30:32.369,,,,,,,1126,,,,,
18-09-2020 18:30:32.416,,,,0.12,,,,,112,,,
18-09-2020 18:30:32.464,,41.2093705016131,,,0.4882023825,16.8627309846389,,0.421429669681553,,0,10,
18-09-2020 18:30:32.536,,,,,,,1128,,,,,
18-09-2020 18:30:32.588,,,,0.12,,,,,112,,,
18-09-2020 18:30:32.635,,41.0849381048319,,,0.488676595277778,16.8632051974167,,0.421429669681553,,0,10,
18-09-2020 18:30:32.686,,,,,,,1133,,,,,
18-09-2020 18:30:32.730,,,,0.12,,,,,112,,,
18-09-2020 18:30:32.777,,40.9807921824926,,,0.489076426111111,16.86360502825,,0.421429669681553,,0,10,
18-09-2020 18:30:32.828,,,,,,,1136,,,,,
18-09-2020 18:30:32.878,,,,0.12,,,,,112,,,
18-09-2020 18:30:32.928,,40.8719810176593,,,0.489497052222222,16.8640256543611,,0.421429669681553,,0,10,
18-09-2020 18:30:32.979,,,,,,,1135,,,,,
18-09-2020 18:30:33.027,,,,0.12,,,,,112,,,
18-09-2020 18:30:33.074,,40.7679854784748,,,0.489901856944444,16.8644304590833,,0.421429669681553,,0,10,
18-09-2020 18:30:33.125,,,,,,,1135,,,,,
18-09-2020 18:30:33.174,,,,0.12,,,,,112,,,
18-09-2020 18:30:33.227,,40.6585162274113,,,0.490330891666667,16.8648594938055,,0.421429669681553,,0,10,
18-09-2020 18:30:33.284,,,,,,,1120,,,,,
18-09-2020 18:30:33.341,,,,0.12,,,,,112,,,
18-09-2020 18:30:33.387,,40.5472091114932,,,0.490770355,16.8652989571389,,0.421429669681553,,0,10,
18-09-2020 18:30:33.437,,,,,,,1046,,,,,
18-09-2020 18:30:33.490,,,,0.12,,,,,112,,,
18-09-2020 18:30:33.538,,40.4417400633893,,,0.491189701388889,16.8657183035278,,0.421429669681553,,0,10,
18-09-2020 18:30:33.585,,,,,,,945,,,,,
18-09-2020 18:30:33.635,,,,0.12,,,,,112,,,
18-09-2020 18:30:33.684,,40.3411008104878,,,0.491592544166667,16.8661211463055,,0.421429669681553,,0,10,
18-09-2020 18:30:33.754,,,,,,,922,,,,,
18-09-2020 18:30:33.800,,,,0.11,,,,,111,,,
18-09-2020 18:30:33.850,,40.2219849493875,,,0.492010960666667,16.8665395628055,,-0.259774329854783,,-0.445864576624743,9,
18-09-2020 18:30:33.900,,,,,,,911,,,,,
18-09-2020 18:30:33.965,,,,0.11,,,,,111,,,
18-09-2020 18:30:34.019,,40.1023656749335,,,0.492434365916667,16.8669629680555,,-0.251219983365852,,-0.439137763189973,9,
18-09-2020 18:30:34.071,,,,,,,900,,,,,
18-09-2020 18:30:34.125,,,,0.1,,,,,110,,,
18-09-2020 18:30:34.179,,39.9911246230833,,,0.492831066416667,16.8673596685555,,-0.244357938547241,,-0.433741711564572,9,
18-09-2020 18:30:34.229,,,,,,,896,,,,,
18-09-2020 18:30:34.279,,,,0.1,,,,,110,,,
18-09-2020 18:30:34.328,,39.8866859850248,,,0.493206101666667,16.8677347038055,,-0.241028313191902,,-0.431123420547015,9,
18-09-2020 18:30:34.375,,,,,,,895,,,,,
18-09-2020 18:30:34.421,,,,0.09,,,,,109,,,
18-09-2020 18:30:34.465,,39.7918099566767,,,0.493548984916667,16.8680775870555,,0.307222229894271,,0,9,
18-09-2020 18:30:34.513,,,,,,,897,,,,,
18-09-2020 18:30:34.559,,,,0.09,,,,,109,,,
18-09-2020 18:30:34.608,,39.6951062630199,,,0.493900657916667,16.8684292600555,,0.307222229894271,,0,9,
18-09-2020 18:30:34.655,,,,,,,897,,,,,
18-09-2020 18:30:34.703,,,,0.09,,,,,109,,,
18-09-2020 18:30:34.752,,39.591837385237,,,0.49422602125,16.8687546233889,,-0.331533472113901,,-0.484177777142537,8,
18-09-2020 18:30:34.801,,,,,,,899,,,,,
18-09-2020 18:30:34.845,,,,0.08,,,,,108,,,
18-09-2020 18:30:34.891,,39.4963780738032,,,0.494528708138889,16.8690573102778,,-0.342448297491781,,-0.493833657149939,8,
18-09-2020 18:30:34.936,,,,,,,899,,,,,
18-09-2020 18:30:34.983,,,,0.08,,,,,108,,,
18-09-2020 18:30:35.128,,39.3264914780776,,,0.494989313777778,16.8695179159167,,-0.685166996181518,,-0.838874898972199,7,
18-09-2020 18:30:35.334,,,,,,,898,,,,,
18-09-2020 18:30:35.536,,,,0.08,,,,,108,,,
18-09-2020 18:30:35.739,,38.8657542931317,,,0.495845487666667,16.8703740898055,,-0.641587874777937,,-0.982700810095309,5,
18-09-2020 18:30:35.881,,,,,,,900,,,,,
18-09-2020 18:30:35.928,,,,0.07,,,,,107,,,
18-09-2020 18:30:35.976,,38.6909049664352,,,0.496102708666667,16.8706313108055,,-0.486413028045976,,-0.90833874680518,4,
18-09-2020 18:30:36.021,,,,,,,901,,,,,
18-09-2020 18:30:36.064,,,,0.07,,,,,107,,,
18-09-2020 18:30:36.113,,38.5882109627166,,,0.496254985444444,16.8707835875833,,-0.487039766361045,,-0.909447644063146,4,
18-09-2020 18:30:36.161,,,,,,,899,,,,,
18-09-2020 18:30:36.209,,,,0.07,,,,,107,,,
18-09-2020 18:30:36.253,,38.4806657162127,,,0.496371928194444,16.8709005303333,,-0.407207808058092,,-0.987481402022145,3,
18-09-2020 18:30:36.299,,,,,,,898,,,,,
18-09-2020 18:30:36.387,,,,0.07,,,,,107,,,
18-09-2020 18:30:36.434,,38.3417953089318,,,0.496523980694444,16.8710525828333,,-0.327159808363045,,-0.798641274793758,3,
18-09-2020 18:30:36.484,,,,,,,893,,,,,
18-09-2020 18:30:36.525,,,,0.07,,,,,107,,,
18-09-2020 18:30:36.575,,38.2323674287859,,,0.496602203305556,16.8711308054444,,-0.258335370382249,,-0.926083360097143,2,
18-09-2020 18:30:36.623,,,,,,,881,,,,,
18-09-2020 18:30:36.668,,,,0.07,,,,,107,,,
18-09-2020 18:30:36.714,,38.1256882852332,,,0.496678916694444,16.8712075188333,,-0.257814477115376,,-0.924240111961708,2,
18-09-2020 18:30:36.762,,,,,,,872,,,,,
18-09-2020 18:30:36.811,,,,0.07,,,,,107,,,
18-09-2020 18:30:36.880,,37.9942236740443,,,0.496725210805556,16.8712538129444,,-0.124771239079603,,-0.886020874758132,1,
18-09-2020 18:30:36.931,,,,,,,856,,,,,
18-09-2020 18:30:36.979,,,,0.07,,,,,107,,,
18-09-2020 18:30:37.025,,37.8806129831338,,,0.49676548425,16.8712940863889,,-0.132437555810769,,-0.940277379570308,1,
18-09-2020 18:30:37.073,,,,,,,841,,,,,
18-09-2020 18:30:37.120,,,,0.07,,,,,107,,,
18-09-2020 18:30:37.164,,37.7722561003246,,,0.496804126833333,16.8713327289722,,-0.0662340186287174,,-0.471737837093716,1,
18-09-2020 18:30:37.210,,,,,,,822,,,,,
18-09-2020 18:30:37.255,,,,0.07,,,,,107,,,
18-09-2020 18:30:37.304,,37.6609708508196,,,0.496804126833333,16.8713327289722,,0,,-0.940535260121392,0,
18-09-2020 18:30:37.353,,,,,,,807,,,,,
18-09-2020 18:30:37.401,,,,0.07,,,,,107,,,
18-09-2020 18:30:37.444,,37.5507433903311,,,0.496804126833333,16.8713327289722,,0,,-0.492649705801419,0,
18-09-2020 18:30:37.491,,,,,,,796,,,,,
18-09-2020 18:30:37.538,,,,0.06,,,,,106,,,
18-09-2020 18:30:37.586,,37.4391112982363,,,0.496804126833333,16.8713327289722,,0,,-0.494964302481555,0,
18-09-2020 18:30:37.631,,,,,,,779,,,,,
18-09-2020 18:30:37.677,,,,0.06,,,,,106,,,
18-09-2020 18:30:37.723,,37.3320254221868,,,0.496804126833333,16.8713327289722,,0,,-0.49727083840301,0,
18-09-2020 18:30:37.807,,,,,,,770,,,,,
18-09-2020 18:30:37.857,,,,0.06,,,,,106,,,
18-09-2020 18:30:37.911,,37.1853220568567,,,0.496804126833333,16.8713327289722,,0,,0,0,
18-09-2020 18:30:37.961,,,,,,,767,,,,,
18-09-2020 18:30:38.010,,,,0.06,,,,,106,,,
18-09-2020 18:30:38.059,,37.0703314777429,,,0.496804126833333,16.8713327289722,,0,,0,0,
18-09-2020 18:30:38.109,,,,,,,764,,,,,
18-09-2020 18:30:38.161,,,,0.06,,,,,106,,,
18-09-2020 18:30:38.210,,36.9557339040982,,,0.496804126833333,16.8713327289722,,0,,0,0,
18-09-2020 18:30:38.260,,,,,,,767,,,,,
18-09-2020 18:30:38.310,,,,0.06,,,,,106,,,
18-09-2020 18:30:38.361,,36.8401005802523,,,0.496804126833333,16.8713327289722,,0,,0,0,
18-09-2020 18:30:38.411,,,,,,,768,,,,,
18-09-2020 18:30:38.461,,,,0.06,,,,,106,,,
18-09-2020 18:30:38.510,,36.7276193898772,,,0.496804126833333,16.8713327289722,,0,,0,0,
18-09-2020 18:30:38.560,,,,,,,767,,,,,
18-09-2020 18:30:38.609,,,,0.06,,,,,106,,,
18-09-2020 18:30:38.659,,36.6149935175307,,,0.496804126833333,16.8713327289722,,0,,0,0,
18-09-2020 18:30:38.711,,,,,,,767,,,,,
18-09-2020 18:30:38.757,,,,0.05,,,,,105,,,
18-09-2020 18:30:38.807,,36.5052546000325,,,0.496804126833333,16.8713327289722,,0,,0,0,
18-09-2020 18:30:38.856,,,,,,,769,,,,,
18-09-2020 18:30:38.906,,,,0.05,,,,,105,,,
18-09-2020 18:30:38.955,,36.3949169400285,,,0.496804126833333,16.8713327289722,,0,,0,0,
18-09-2020 18:30:39.027,,,,,,,769,,,,,
18-09-2020 18:30:39.084,,,,0.05,,,,,105,,,
18-09-2020 18:30:39.293,,36.1451352511602,,,0.496804126833333,16.8713327289722,,0,,0,0,
18-09-2020 18:30:39.497,,,,,,,772,,,,,
18-09-2020 18:30:39.698,,,,0.05,,,,,105,,,
18-09-2020 18:30:39.901,,35.7084706352269,,,0.496804126833333,16.8713327289722,,0,,0,0,
18-09-2020 18:30:40.007,,,,,,,1165,,,,,
18-09-2020 18:30:40.054,,,,0.06,,,,,106,,,
18-09-2020 18:30:40.147,,35.5335490705111,,,0.496804126833333,16.8713327289722,,0,,0,0,
18-09-2020 18:30:40.248,,,,,,,1236,,,,,
18-09-2020 18:30:40.366,,,,0.07,,,,,107,,,
18-09-2020 18:30:40.513,,35.2756134722462,,,0.496804126833333,16.8713327289722,,0,,0,0,
18-09-2020 18:30:40.608,,,,,,,1060,,,,,
18-09-2020 18:30:40.698,,,,0.1,,,,,110,,,
18-09-2020 18:30:40.806,,35.0795139598881,,,0.496885166972222,16.8714137691111,,0.0263621334342675,,0.18358906188119,1,
18-09-2020 18:30:40.978,,,,,,,1014,,,,,
18-09-2020 18:30:41.033,,,,0.11,,,,,111,,,
18-09-2020 18:30:41.094,,34.8993103192266,,,0.497125221888889,16.8716538240278,,0.307369284001743,,0.69826751729057,3,
18-09-2020 18:30:41.147,,,,,,,1034,,,,,
18-09-2020 18:30:41.196,,,,0.12,,,,,112,,,
18-09-2020 18:30:41.247,,34.8090005780825,,,0.497292242666667,16.8718208448055,,0.59809893185627,,1.01050410937664,4,
18-09-2020 18:30:41.291,,,,,,,973,,,,,
18-09-2020 18:30:41.334,,,,0.12,,,,,112,,,
18-09-2020 18:30:41.396,,34.7196135385928,,,0.497458516222222,16.8719871183611,,0.738104211997718,,1.25821749711223,4,
18-09-2020 18:30:41.442,,,,,,,840,,,,,
18-09-2020 18:30:41.488,,,,0.12,,,,,112,,,
18-09-2020 18:30:41.546,,34.6334344157811,,,0.497666857888889,16.8721954600278,,1.11364537518209,,1.50174705743927,5,
18-09-2020 18:30:41.592,,,,,,,902,,,,,
18-09-2020 18:30:41.640,,,,0.11,,,,,111,,,
18-09-2020 18:30:41.695,,34.5467448496963,,,0.497877650944445,16.8724062530833,,0.705415347908187,,0.923917175999108,5,
18-09-2020 18:30:41.748,,,,,,,818,,,,,
18-09-2020 18:30:41.798,,,,0.1,,,,,110,,,
18-09-2020 18:30:41.845,,34.4631801949227,,,0.498082026777778,16.8726106289167,,0.380613720999137,,0.464176164732185,5,
18-09-2020 18:30:41.890,,,,,,,727,,,,,
18-09-2020 18:30:41.934,,,,0.09,,,,,109,,,
18-09-2020 18:30:42.086,,34.3255428803012,,,0.498421168722222,16.8729497708611,,0.337228259399271,,0.402766139850167,5,
18-09-2020 18:30:42.287,,,,,,,773,,,,,
18-09-2020 18:30:42.491,,,,0.08,,,,,108,,,
18-09-2020 18:30:42.692,,33.977352238382,,,0.4990957885,16.8736243906389,,-0.110058496327421,,-0.242449175015768,4,
18-09-2020 18:30:42.826,,,,,,,809,,,,,
18-09-2020 18:30:42.872,,,,0.07,,,,,107,,,
18-09-2020 18:30:42.919,,33.8515302657646,,,0.499343455611111,16.87387205775,,-0.101315461243591,,-0.226979995299698,4,
18-09-2020 18:30:42.965,,,,,,,947,,,,,
18-09-2020 18:30:43.011,,,,0.07,,,,,107,,,
18-09-2020 18:30:43.058,,33.773676603808,,,0.4994977415,16.8740263436389,,-0.102447759539641,,-0.22898338721862,4,
18-09-2020 18:30:43.128,,,,,,,1108,,,,,
18-09-2020 18:30:43.177,,,,0.07,,,,,107,,,
18-09-2020 18:30:43.385,,33.5914483949415,,,0.4998620295,16.8743906316389,,-0.0938227722575462,,-0.213723071202927,4,
18-09-2020 18:30:43.586,,,,,,,1020,,,,,
18-09-2020 18:30:43.793,,,,0.09,,,,,109,,,
18-09-2020 18:30:44.041,,33.2697317145716,,,0.501137688111111,16.87566629025,,0.755347345533282,,0.617538284903511,7,
18-09-2020 18:30:44.094,,,,,,,975,,,,,
18-09-2020 18:30:44.143,,,,0.12,,,,,112,,,
18-09-2020 18:30:44.201,,33.1986973860122,,,0.501535678861111,16.876064281,,1.68499629113058,,1.08342923415542,9,
18-09-2020 18:30:44.245,,,,,,,1219,,,,,
18-09-2020 18:30:44.292,,,,0.13,,,,,113,,,
18-09-2020 18:30:44.338,,33.1407251165496,,,0.501914142472222,16.8764427446111,,2.26198942272965,,1.30261170520626,10,
18-09-2020 18:30:44.384,,,,,,,1289,,,,,
18-09-2020 18:30:44.428,,,,0.15,,,,,115,,,
18-09-2020 18:30:44.474,,33.0853934005108,,,0.502331513638889,16.8768601157778,,3.33682747836166,,1.78598128991713,11,
18-09-2020 18:30:44.520,,,,,,,1432,,,,,
18-09-2020 18:30:44.568,,,,0.17,,,,,117,,,
18-09-2020 18:30:44.672,,33.012820104296,,,0.503047280277778,16.8775758824167,,5.77700243762539,,2.64097232995189,13,
18-09-2020 18:30:44.725,,,,,,,1544,,,,,
18-09-2020 18:30:44.768,,,,0.22,,,,,122,,,
18-09-2020 18:30:44.809,,32.9654003159567,,,0.503580676777778,16.8781092789167,,5.67343557475078,,2.28344334780708,14,
18-09-2020 18:30:44.856,,,,,,,1640,,,,,
18-09-2020 18:30:44.901,,,,0.24,,,,,124,,,
18-09-2020 18:30:44.948,,32.9175743364398,,,0.504121331888889,16.8786499340278,,4.75430871436058,,1.81880775260257,14,
18-09-2020 18:30:44.994,,,,,,,1723,,,,,
18-09-2020 18:30:45.038,,,,0.27,,,,,127,,,
18-09-2020 18:30:45.085,,32.8731074759773,,,0.504692837305555,16.8792214394444,,5.27510630143764,,1.81780853946101,15,
18-09-2020 18:30:45.130,,,,,,,1771,,,,,
18-09-2020 18:30:45.177,,,,0.29,,,,,129,,,
18-09-2020 18:30:45.223,,32.8312370683383,,,0.505303920861111,16.879832523,,5.14756367262282,,1.51337783632734,16,
18-09-2020 18:30:45.271,,,,,,,1824,,,,,
18-09-2020 18:30:45.317,,,,0.33,,,,,133,,,
18-09-2020 18:30:45.362,,32.7890183663394,,,0.505923135527778,16.8804517376667,,4.00025503647045,,1.005890353083,16,
18-09-2020 18:30:45.408,,,,,,,1880,,,,,
18-09-2020 18:30:45.478,,,,0.35,,,,,135,,,
18-09-2020 18:30:45.527,,32.7422983726285,,,0.506701609444444,16.8812302115833,,5.5327524023917,,1.4413746239886,17,
18-09-2020 18:30:45.576,,,,,,,1894,,,,,
18-09-2020 18:30:45.625,,,,0.38,,,,,138,,,
18-09-2020 18:30:45.673,,32.7010077274275,,,0.507393473083333,16.8819220752222,,4.34131944764263,,0.945369980562815,17,
18-09-2020 18:30:45.721,,,,,,,1879,,,,,
18-09-2020 18:30:45.767,,,,0.38,,,,,138,,,
18-09-2020 18:30:45.815,,32.6609846454103,,,0.508067547166666,16.8825961493055,,3.19658585498665,,0.46880671682261,17,
18-09-2020 18:30:45.864,,,,,,,1747,,,,,
18-09-2020 18:30:45.915,,,,0.36,,,,,136,,,
18-09-2020 18:30:45.965,,32.6194337040188,,,0.508770998666666,16.8832996008055,,3.17697632710192,,0.460643087599962,17,
18-09-2020 18:30:46.013,,,,,,,1570,,,,,
18-09-2020 18:30:46.061,,,,0.33,,,,,133,,,
18-09-2020 18:30:46.112,,32.5783546714563,,,0.509470188833333,16.8839987909722,,2.07048395406011,,0,17,
18-09-2020 18:30:46.165,,,,,,,1389,,,,,
18-09-2020 18:30:46.219,,,,0.31,,,,,131,,,
18-09-2020 18:30:46.270,,32.5346147474526,,,0.510218757388889,16.8847473595278,,2.07048395406011,,0,17,
18-09-2020 18:30:46.322,,,,,,,1221,,,,,
18-09-2020 18:30:46.373,,,,0.28,,,,,128,,,
18-09-2020 18:30:46.422,,32.493333586377,,,0.510929068388889,16.8854576705278,,2.07048395406011,,0,17,
18-09-2020 18:30:46.468,,,,,,,1023,,,,,
18-09-2020 18:30:46.520,,,,0.26,,,,,126,,,
18-09-2020 18:30:46.574,,32.4517913186906,,,0.511647750472222,16.8861763526111,,2.07048395406011,,0,17,
18-09-2020 18:30:46.619,,,,,,,1092,,,,,
18-09-2020 18:30:46.694,,,,0.23,,,,,123,,,
18-09-2020 18:30:46.761,,32.4009582747678,,,0.512532399305555,16.8870610014444,,2.07048395406011,,0,17,
18-09-2020 18:30:46.810,,,,,,,1066,,,,,
18-09-2020 18:30:46.859,,,,0.23,,,,,123,,,
18-09-2020 18:30:46.905,,32.3646217513804,,,0.513252651305555,16.8877812534444,,3.57170077621834,,0.437973370378172,18,
18-09-2020 18:30:46.954,,,,,,,1094,,,,,
18-09-2020 18:30:47.003,,,,0.23,,,,,123,,,
18-09-2020 18:30:47.051,,32.3304522454549,,,0.514024982833333,16.8885535849722,,5.26328726149336,,0.883801023158769,19,
18-09-2020 18:30:47.100,,,,,,,1157,,,,,
18-09-2020 18:30:47.148,,,,0.23,,,,,123,,,
18-09-2020 18:30:47.196,,32.2995736145273,,,0.514823346166666,16.8893519483055,,7.1582530541393,,1.34001367671559,20,
18-09-2020 18:30:47.241,,,,,,,1170,,,,,
18-09-2020 18:30:47.461,,,,0.24,,,,,124,,,
18-09-2020 18:30:47.663,,32.2073272618509,,,0.517578034,16.8921066361389,,7.55483501170785,,1.23076047532856,21,
18-09-2020 18:30:47.867,,,,,,,1342,,,,,
18-09-2020 18:30:48.067,,,,0.31,,,,,131,,,
18-09-2020 18:30:48.167,,32.1371831886114,,,0.520902941333333,16.8954315434722,,10.3028056060576,,1.32019234991307,24,
18-09-2020 18:30:48.213,,,,,,,1484,,,,,
18-09-2020 18:30:48.257,,,,0.36,,,,,136,,,
18-09-2020 18:30:48.302,,32.1207088666713,,,0.521840480222222,16.8963690823611,,11.2895421849647,,1.33185614504574,25,
18-09-2020 18:30:48.352,,,,,,,1533,,,,,
18-09-2020 18:30:48.401,,,,0.39,,,,,139,,,
18-09-2020 18:30:48.451,,32.105143361882,,,0.522917439944444,16.8974460420833,,12.2855184528815,,1.327930673945,26,
18-09-2020 18:30:48.496,,,,,,,1580,,,,,
18-09-2020 18:30:48.540,,,,0.44,,,,,144,,,
18-09-2020 18:30:48.585,,32.0935183395326,,,0.523920984944444,16.8984495870833,,15.1940113217793,,1.80837352895595,27,
18-09-2020 18:30:48.631,,,,,,,1627,,,,,
18-09-2020 18:30:48.675,,,,0.48,,,,,148,,,
18-09-2020 18:30:48.721,,32.0840420446924,,,0.524981623388889,16.8995102255278,,17.1809773503056,,2.00431834395843,28,
18-09-2020 18:30:48.766,,,,,,,1670,,,,,
18-09-2020 18:30:48.814,,,,0.52,,,,,152,,,
18-09-2020 18:30:48.858,,32.0769074127965,,,0.526081828611111,16.90061043075,,18.4691972731408,,1.99894703466002,29,
18-09-2020 18:30:48.905,,,,,,,1719,,,,,
18-09-2020 18:30:48.953,,,,0.57,,,,,157,,,
18-09-2020 18:30:48.999,,32.071972483918,,,0.527253710277778,16.9017823124167,,19.9832298586709,,2.02990607847865,30,
18-09-2020 18:30:49.044,,,,,,,1766,,,,,
18-09-2020 18:30:49.089,,,,0.62,,,,,162,,,
18-09-2020 18:30:49.138,,32.0671003264873,,,0.528415903611111,16.90294450575,,17.7650417577547,,1.50661639630134,30,
18-09-2020 18:30:49.184,,,,,,,1813,,,,,
18-09-2020 18:30:49.229,,,,0.67,,,,,167,,,
18-09-2020 18:30:49.275,,32.0646490491395,,,0.529592004861111,16.904120607,,19.1505046533895,,1.50578797794539,31,
18-09-2020 18:30:49.322,,,,,,,1857,,,,,
18-09-2020 18:30:49.367,,,,0.72,,,,,172,,,
18-09-2020 18:30:49.415,,32.0644972347407,,,0.530839587083333,16.9053681892222,,20.5725388292128,,1.49576342957733,32,
18-09-2020 18:30:49.483,,,,,,,1909,,,,,
18-09-2020 18:30:49.528,,,,0.77,,,,,177,,,
18-09-2020 18:30:49.571,,32.0643249753656,,,0.532225503527778,16.9067541056667,,18.1986506336624,,0.970744045994785,32,
18-09-2020 18:30:49.616,,,,,,,1948,,,,,
18-09-2020 18:30:49.660,,,,0.8,,,,,180,,,
18-09-2020 18:30:49.708,,32.0687388244877,,,0.533514899694444,16.9080435018333,,25.9382575516588,,1.95132212318287,34,
18-09-2020 18:30:49.752,,,,,,,1988,,,,,
18-09-2020 18:30:49.796,,,,0.83,,,,,183,,,
18-09-2020 18:30:49.842,,32.0730568847334,,,0.53478255475,16.9093111568889,,23.6251761822,,1.46984345696833,34,
18-09-2020 18:30:49.886,,,,,,,1977,,,,,
18-09-2020 18:30:49.931,,,,0.85,,,,,185,,,
18-09-2020 18:30:49.978,,32.0774062281608,,,0.536065101805555,16.9105937039444,,21.3100974825302,,0.987949037162652,34,
18-09-2020 18:30:50.024,,,,,,,1997,,,,,
18-09-2020 18:30:50.067,,,,0.65,,,,,165,,,
18-09-2020 18:30:50.216,,32.088958227811,,,0.538386294027778,16.9129148961667,,24.4570648485326,,1.29175494519962,35,
18-09-2020 18:30:50.263,,,,,,,1799,,,,,
18-09-2020 18:30:50.309,,,,0.44,,,,,144,,,
18-09-2020 18:30:50.355,,32.0933258571894,,,0.539692724194444,16.9142213263333,,,,,34,
18-09-2020 18:30:50.399,,,,,,,1614,,,,,
18-09-2020 18:30:50.444,,,,0.41,,,,,141,,,
18-09-2020 18:30:50.489,,32.0975427306402,,,0.54095999675,16.9154885988889,,,,,34,
18-09-2020 18:30:50.533,,,,,,,1541,,,,,
18-09-2020 18:30:50.600,,,,0.38,,,,,138,,,
18-09-2020 18:30:50.646,,32.1050312653102,,,0.542486470222222,16.9170150723611,,,,,35,
18-09-2020 18:30:50.692,,,,,,,1242,,,,,
18-09-2020 18:30:50.736,,,,0.38,,,,,138,,,
18-09-2020 18:30:50.781,,32.1114752446534,,,0.543805955638889,16.9183345577778,,,,,35,
18-09-2020 18:30:50.828,,,,,,,1327,,,,,
18-09-2020 18:30:50.876,,,,0.37,,,,,137,,,
18-09-2020 18:30:50.925,,32.1182672905357,,,0.545202832861111,16.919731435,,20.477388877211,,0.487035077532575,35,
18-09-2020 18:30:50.971,,,,,,,1314,,,,,
18-09-2020 18:30:51.017,,,,0.38,,,,,138,,,
18-09-2020 18:30:51.064,,32.124781886197,,,0.546549245916667,16.9210778480555,,20.4585763322098,,0.483231042019896,35,
18-09-2020 18:30:51.109,,,,,,,1344,,,,,
18-09-2020 18:30:51.156,,,,0.38,,,,,138,,,
18-09-2020 18:30:51.204,,32.1336578073544,,,0.547955283916667,16.9224838860555,,22.1948456034542,,0.497889674698205,36,
18-09-2020 18:30:51.252,,,,,,,1356,,,,,
18-09-2020 18:30:51.321,,,,0.39,,,,,139,,,
18-09-2020 18:30:51.368,,32.143952790075,,,0.549594302916667,16.9241229050555,,22.0719319576183,,0.47372601809406,36,
18-09-2020 18:30:51.576,,,,,,,1383,,,,,
18-09-2020 18:30:51.780,,,,0.41,,,,,141,,,
18-09-2020 18:30:51.979,,32.20161646026,,,0.556056136416667,16.9305847385555,,27.3688128135736,,0.790441150897492,38,
18-09-2020 18:30:52.184,,,,,,,1493,,,,,
18-09-2020 18:30:52.261,,,,0.63,,,,,163,,,
18-09-2020 18:30:52.310,,32.2482697657592,,,0.559830252472222,16.9343588546111,,36.7893418312596,,1.33673666488212,41,
18-09-2020 18:30:52.359,,,,,,,1554,,,,,
18-09-2020 18:30:52.407,,,,0.7,,,,,170,,,
18-09-2020 18:30:52.456,,32.2684765445808,,,0.561477372805556,16.9360059749444,,35.4703756478916,,1.10906191958353,41,
18-09-2020 18:30:52.505,,,,,,,1593,,,,,
18-09-2020 18:30:52.554,,,,0.77,,,,,177,,,
18-09-2020 18:30:52.603,,32.2936110360084,,,0.563233845166667,16.9377624473055,,43.0700721235544,,1.5740256765322,43,
18-09-2020 18:30:52.650,,,,,,,1632,,,,,
18-09-2020 18:30:52.702,,,,0.87,,,,,187,,,
18-09-2020 18:30:52.755,,32.321830016939,,,0.5650882545,16.9396168566389,,49.2606360568261,,2.14916577336591,44,
18-09-2020 18:30:52.802,,,,,,,1681,,,,,
18-09-2020 18:30:52.855,,,,0.97,,,,,197,,,
18-09-2020 18:30:52.903,,32.352021034743,,,0.566966292,16.9414948941389,,50.3220662452909,,1.87457513926078,45,
18-09-2020 18:30:52.952,,,,,,,1729,,,,,
18-09-2020 18:30:53.003,,,,1.11,,,,,211,,,
18-09-2020 18:30:53.051,,32.3840026015805,,,0.568859795111111,16.94338839725,,56.1798129544215,,2.33234667605427,46,
18-09-2020 18:30:53.102,,,,,,,1779,,,,,
18-09-2020 18:30:53.161,,,,1.26,,,,,226,,,
18-09-2020 18:30:53.211,,32.4232844878773,,,0.570986172444445,16.9455147745833,,62.0983512859519,,2.28412643410934,48,
18-09-2020 18:30:53.261,,,,,,,1839,,,,,
18-09-2020 18:30:53.311,,,,1.44,,,,,244,,,
18-09-2020 18:30:53.361,,32.4621711522531,,,0.573015224333334,16.9475438264722,,65.4436450938817,,2.29113479118057,49,
18-09-2020 18:30:53.409,,,,,,,1899,,,,,
18-09-2020 18:30:53.455,,,,1.55,,,,,255,,,
18-09-2020 18:30:53.504,,32.5040942789521,,,0.575055732916667,16.9495843350555,,75.8871236963776,,2.77318307561866,51,
18-09-2020 18:30:53.554,,,,,,,1951,,,,,
18-09-2020 18:30:53.607,,,,1.55,,,,,255,,,
18-09-2020 18:30:53.652,,32.5486150230093,,,0.577161355916667,16.9516899580555,,79.646187004183,,2.77507531693164,52,
18-09-2020 18:30:53.699,,,,,,,2024,,,,,
18-09-2020 18:30:53.746,,,,1.55,,,,,255,,,
18-09-2020 18:30:53.791,,32.5955269473072,,,0.579260149916667,16.9537887520555,,88.2949268349165,,2.87479888625691,54,
18-09-2020 18:30:53.842,,,,,,,2072,,,,,
18-09-2020 18:30:53.889,,,,1.55,,,,,255,,,
18-09-2020 18:30:53.934,,32.6474914510615,,,0.581474638805556,16.9560032409444,,100.850253668615,,3.39208719098449,56,
18-09-2020 18:30:53.981,,,,,,,2133,,,,,
18-09-2020 18:30:54.028,,,,1.55,,,,,255,,,
18-09-2020 18:30:54.073,,32.7002594850999,,,0.583679240472222,16.9582078426111,,101.630018753706,,2.92827089176332,57,
18-09-2020 18:30:54.121,,,,,,,2203,,,,,
18-09-2020 18:30:54.167,,,,1.55,,,,,255,,,
18-09-2020 18:30:54.213,,32.7571031716707,,,0.585960309944445,16.9604889120833,,115.467349978341,,3.46840202513454,59,
18-09-2020 18:30:54.258,,,,,,,2251,,,,,
18-09-2020 18:30:54.329,,,,1.55,,,,,255,,,
18-09-2020 18:30:54.375,,32.8255925554965,,,0.588665401611111,16.96319400375,,115.220446409793,,2.85350797715276,60,
18-09-2020 18:30:54.441,,,,,,,2323,,,,,
18-09-2020 18:30:54.487,,,,1.55,,,,,255,,,
18-09-2020 18:30:54.534,,32.8995621887269,,,0.591441906111111,16.96597050825,,134.253147731814,,3.24384726513832,63,
18-09-2020 18:30:54.581,,,,,,,2398,,,,,
18-09-2020 18:30:54.632,,,,1.55,,,,,255,,,
18-09-2020 18:30:54.679,,32.9691301527446,,,0.594021212777778,16.9685498149167,,139.52261150341,,3.21211915302769,64,
18-09-2020 18:30:54.724,,,,,,,2459,,,,,
18-09-2020 18:30:54.770,,,,1.55,,,,,255,,,
18-09-2020 18:30:54.815,,33.0398847756516,,,0.596573973611111,16.97110257575,,151.269451778262,,3.22874273274586,66,
18-09-2020 18:30:54.868,,,,,,,2514,,,,,
18-09-2020 18:30:55.012,,,,1.55,,,,,255,,,
18-09-2020 18:30:55.060,,33.1709982473584,,,0.601196143277778,16.9757247454167,,163.660221602032,,3.24193066437501,68,
18-09-2020 18:30:55.130,,,,,,,2620,,,,,
18-09-2020 18:30:55.179,,,,1.55,,,,,255,,,
18-09-2020 18:30:55.227,,33.2662855290886,,,0.604445710722222,16.9789743128611,,182.991417182273,,3.20541037370485,71,
18-09-2020 18:30:55.275,,,,,,,2681,,,,,
18-09-2020 18:30:55.321,,,,1.55,,,,,255,,,
18-09-2020 18:30:55.367,,33.3490687874834,,,0.607247668722222,16.9817762708611,,190.130721493349,,3.22732240823379,72,
18-09-2020 18:30:55.414,,,,,,,2741,,,,,
18-09-2020 18:30:55.459,,,,1.55,,,,,255,,,
18-09-2020 18:30:55.669,,33.5358146892035,,,0.613466523888889,16.9879951260278,,197.978628498132,,2.60186929738549,74,
18-09-2020 18:30:55.872,,,,,,,2893,,,,,
18-09-2020 18:30:56.075,,,,1.55,,,,,255,,,
18-09-2020 18:30:56.275,,33.9681461794266,,,0.627086991138889,17.0016155932778,,257.989222548005,,2.97281722701664,81,
18-09-2020 18:30:56.387,,,,,,,3138,,,,,
18-09-2020 18:30:56.437,,,,1.55,,,,,255,,,
18-09-2020 18:30:56.459,,34.1069574107456,,,0.631401210138889,17.0059298122778,,284.555167565822,,2.92965800975261,84,
18-09-2020 18:30:56.508,,,,,,,3185,,,,,
18-09-2020 18:30:56.557,,,,1.55,,,,,255,,,
18-09-2020 18:30:56.603,,34.2188557225903,,,0.634841683138889,17.0093702852778,,306.290607808472,,3.14672524394605,86,
18-09-2020 18:30:56.652,,,,,,,3237,,,,,
18-09-2020 18:30:56.703,,,,1.55,,,,,255,,,
18-09-2020 18:30:56.750,,34.3346380032909,,,0.638390094138889,17.0129186962778,,318.57945602758,,3.34069025280329,87,
18-09-2020 18:30:56.797,,,,,,,3299,,,,,
18-09-2020 18:30:56.844,,,,1.55,,,,,255,,,
18-09-2020 18:30:56.892,,34.4503587123638,,,0.641900597777778,17.0164291999167,,342.390256592994,,3.60187976341845,89,
18-09-2020 18:30:56.942,,,,,,,3354,,,,,
18-09-2020 18:30:57.003,,,,1.55,,,,,255,,,
18-09-2020 18:30:57.051,,34.5811087078541,,,0.645856952777778,17.0203855549167,,343.069453124856,,2.81888987719168,90,
18-09-2020 18:30:57.102,,,,,,,3418,,,,,
18-09-2020 18:30:57.150,,,,1.55,,,,,255,,,
18-09-2020 18:30:57.193,,34.7026800512726,,,0.649502687888889,17.0240312900278,,364.867782885913,,2.82363837098655,92,
18-09-2020 18:30:57.240,,,,,,,3467,,,,,
18-09-2020 18:30:57.286,,,,1.55,,,,,255,,,
18-09-2020 18:30:57.331,,34.8211253652809,,,0.653046354722222,17.0275749568611,,376.699340767474,,2.87043246739275,93,
18-09-2020 18:30:57.376,,,,,,,3510,,,,,
18-09-2020 18:30:57.425,,,,1.55,,,,,255,,,
18-09-2020 18:30:57.470,,34.9440016421423,,,0.656714409666667,17.0312430118055,,381.945243790505,,2.40269207615411,94,
18-09-2020 18:30:57.518,,,,,,,3566,,,,,
18-09-2020 18:30:57.566,,,,1.55,,,,,255,,,
18-09-2020 18:30:57.613,,35.0723467233898,,,0.660514916333333,17.0350435184722,,413.08824530389,,2.96612683158332,96,
18-09-2020 18:30:57.662,,,,,,,3618,,,,,
18-09-2020 18:30:57.712,,,,1.55,,,,,255,,,
18-09-2020 18:30:57.757,,35.2028932709677,,,0.664373961638889,17.0389025637778,,418.418495608706,,2.46544092833121,97,
18-09-2020 18:30:57.803,,,,,,,3659,,,,,
18-09-2020 18:30:57.847,,,,1.55,,,,,255,,,
18-09-2020 18:30:57.892,,35.330045255692,,,0.668105362388889,17.0426339645278,,450.459022438374,,2.9700350784903,99,
18-09-2020 18:30:57.941,,,,,,,3714,,,,,
18-09-2020 18:30:57.986,,,,1.55,,,,,255,,,
18-09-2020 18:30:58.038,,35.4683582849191,,,0.672158487388889,17.0466870895278,,462.931987708401,,2.93722659193422,100,
18-09-2020 18:30:58.088,,,,,,,3761,,,,,
18-09-2020 18:30:58.140,,,,1.55,,,,,255,,,
18-09-2020 18:30:58.211,,35.6374493621253,,,0.677083801055556,17.0516124031944,,487.361839593812,,2.7849224964424,102,
18-09-2020 18:30:58.283,,,,,,,3816,,,,,
18-09-2020 18:30:58.329,,,,1.55,,,,,255,,,
18-09-2020 18:30:58.380,,35.8014761222653,,,0.6818604375,17.0563890396389,,499.428037793699,,2.674273584392,103,
18-09-2020 18:30:58.424,,,,,,,3872,,,,,
18-09-2020 18:30:58.471,,,,1.55,,,,,255,,,
18-09-2020 18:30:58.520,,35.9420801991662,,,0.685952594833334,17.0604811969722,,506.549970793584,,2.21156918193561,104,
18-09-2020 18:30:58.570,,,,,,,3915,,,,,
18-09-2020 18:30:58.614,,,,1.54,,,,,254,,,
18-09-2020 18:30:58.660,,36.0831660280623,,,0.690055029416667,17.0645836315555,,520.949419436743,,2.23047569604983,105,
18-09-2020 18:30:58.711,,,,,,,3959,,,,,
18-09-2020 18:30:58.766,,,,1.52,,,,,252,,,
18-09-2020 18:30:58.813,,36.2382840547319,,,0.694540692333334,17.0690692944722,,551.169014242244,,2.30834721065509,107,
18-09-2020 18:30:58.859,,,,,,,4003,,,,,
18-09-2020 18:30:58.905,,,,1.49,,,,,249,,,
18-09-2020 18:30:58.950,,36.3804036240351,,,0.698648232333334,17.0731768344722,,568.05098100968,,2.4358202766059,108,
18-09-2020 18:30:58.995,,,,,,,4049,,,,,
18-09-2020 18:30:59.040,,,,1.48,,,,,248,,,
18-09-2020 18:30:59.085,,36.5214225747488,,,0.702720938611111,17.07724954075,,583.627877616987,,2.45848629543366,109,
18-09-2020 18:30:59.130,,,,,,,4088,,,,,
18-09-2020 18:30:59.176,,,,1.45,,,,,245,,,
18-09-2020 18:30:59.222,,36.6667382646297,,,0.706915070555556,17.0814436726944,,599.357981706452,,2.4728646625701,110,
18-09-2020 18:30:59.268,,,,,,,4127,,,,,
18-09-2020 18:30:59.313,,,,1.43,,,,,243,,,
18-09-2020 18:30:59.355,,36.8094416904714,,,0.711031345222222,17.0855599473611,,608.479300445088,,2.04787967248834,111,
18-09-2020 18:30:59.403,,,,,,,4165,,,,,
18-09-2020 18:30:59.452,,,,1.41,,,,,241,,,
18-09-2020 18:30:59.471,,36.9346477193133,,,0.714639895,17.0891684971389,,625.804880743651,,2.13117378935849,112,
18-09-2020 18:30:59.519,,,,,,,4195,,,,,
18-09-2020 18:30:59.560,,,,1.4,,,,,240,,,
18-09-2020 18:30:59.766,,37.2557505610559,,,0.723908936583334,17.0984375387222,,634.114635490892,,1.6305900254134,113,
18-09-2020 18:30:59.970,,,,,,,4290,,,,,
18-09-2020 18:31:00.172,,,,1.32,,,,,232,,,
18-09-2020 18:31:00.374,,37.9482676014671,,,0.743824588833334,17.1183531909722,,702.866649255809,,1.6876187426629,117,
18-09-2020 18:31:00.459,,,,,,,4439,,,,,
18-09-2020 18:31:00.508,,,,1.27,,,,,227,,,
18-09-2020 18:31:00.577,,38.1748615171662,,,0.750363784277778,17.1248923864167,,740.760683148192,,1.81895588312586,119,
18-09-2020 18:31:00.623,,,,,,,4481,,,,,
18-09-2020 18:31:00.665,,,,1.24,,,,,224,,,
18-09-2020 18:31:00.712,,38.3324087401384,,,0.754896444277778,17.1294250464167,,781.036603149056,,2.01486876434385,121,
18-09-2020 18:31:00.755,,,,,,,4512,,,,,
18-09-2020 18:31:00.802,,,,1.23,,,,,223,,,
18-09-2020 18:31:00.841,,38.4833581858894,,,0.759255573472223,17.1337841756111,,781.926235572725,,2.06690313278648,121,
18-09-2020 18:31:00.910,,,,,,,4549,,,,,
18-09-2020 18:31:00.960,,,,1.2,,,,,220,,,
18-09-2020 18:31:01.006,,38.6779847969591,,,0.764856805555556,17.1393854076944,,830.078297852438,,2.6383639863738,123,
18-09-2020 18:31:01.052,,,,,,,4578,,,,,
18-09-2020 18:31:01.266,,,,1.18,,,,,218,,,
18-09-2020 18:31:01.313,,39.0443289243619,,,0.775430654111111,17.14995925625,,836.584571571864,,1.88783909932254,124,
18-09-2020 18:31:01.359,,,,,,,4631,,,,,
18-09-2020 18:31:01.404,,,,1.13,,,,,213,,,
18-09-2020 18:31:01.450,,39.2093782910602,,,0.780206688833334,17.1547352909722,,849.693427120596,,1.50539579768462,125,
18-09-2020 18:31:01.496,,,,,,,4566,,,,,
18-09-2020 18:31:01.541,,,,0.99,,,,,199,,,
18-09-2020 18:31:01.585,,39.3707677085181,,,0.784894709666667,17.1594233118055,,849.481367117064,,1.49338937008134,125,
18-09-2020 18:31:01.632,,,,,,,4413,,,,,
18-09-2020 18:31:01.678,,,,0.7,,,,,170,,,
18-09-2020 18:31:01.726,,39.5363663688868,,,0.789741428777778,17.1642700309167,,,,,124,
18-09-2020 18:31:01.773,,,,,,,4134,,,,,
18-09-2020 18:31:01.819,,,,0.54,,,,,154,,,
18-09-2020 18:31:01.865,,39.6994744943604,,,0.794533918555556,17.1690625206944,,803.507914812451,,0,124,
18-09-2020 18:31:01.911,,,,,,,3868,,,,,
18-09-2020 18:31:01.957,,,,0.47,,,,,147,,,
18-09-2020 18:31:02.004,,39.8612385870222,,,0.799305163,17.1738337651389,,794.713269097687,,-0.501951456756491,124,
18-09-2020 18:31:02.049,,,,,,,3649,,,,,
18-09-2020 18:31:02.118,,,,0.45,,,,,145,,,
18-09-2020 18:31:02.163,,40.0446366002489,,,0.80475796825,17.1792865703889,,767.519624262478,,-0.961179922942975,123,
18-09-2020 18:31:02.210,,,,,,,3380,,,,,
18-09-2020 18:31:02.256,,,,0.46,,,,,146,,,
18-09-2020 18:31:02.303,,40.202802433339,,,0.80949879675,17.1840273988889,,748.654665953884,,-0.962829078370185,122,
18-09-2020 18:31:02.350,,,,,,,3163,,,,,
18-09-2020 18:31:02.396,,,,0.47,,,,,147,,,
18-09-2020 18:31:02.443,,40.3610508928123,,,0.814260507583334,17.1887891097222,,748.699893409232,,-0.960205419433955,122,
18-09-2020 18:31:02.490,,,,,,,2948,,,,,
18-09-2020 18:31:02.538,,,,0.49,,,,,149,,,
18-09-2020 18:31:02.607,,40.5400812994331,,,0.81971513425,17.1942437363889,,697.002819327022,,-1.84171749438608,120,
18-09-2020 18:31:02.655,,,,,,,2709,,,,,
18-09-2020 18:31:02.704,,,,0.51,,,,,151,,,
18-09-2020 18:31:02.749,,40.6948998290917,,,0.82445188425,17.1989804863889,,704.123969479492,,-1.42173232738378,120,
18-09-2020 18:31:02.797,,,,,,,2506,,,,,
18-09-2020 18:31:02.844,,,,0.52,,,,,152,,,
18-09-2020 18:31:02.890,,40.8416134039639,,,0.82901819275,17.2035467948889,,635.852091707216,,-2.36605085744926,117,
18-09-2020 18:31:02.939,,,,,,,2304,,,,,
18-09-2020 18:31:02.982,,,,0.53,,,,,153,,,
18-09-2020 18:31:03.026,,40.9816156140464,,,0.833412449972222,17.2079410521111,,610.929652499461,,-2.86008040486841,116,
18-09-2020 18:31:03.073,,,,,,,2101,,,,,
18-09-2020 18:31:03.116,,,,0.53,,,,,153,,,
18-09-2020 18:31:03.162,,41.1184994089887,,,0.837745410388889,17.2122740125278,,600.258253405663,,-2.50372413943396,115,
18-09-2020 18:31:03.207,,,,,,,1933,,,,,
18-09-2020 18:31:03.251,,,,0.51,,,,,151,,,
18-09-2020 18:31:03.295,,41.2482939568521,,,0.841910075611111,17.21643867775,,551.13033423036,,-3.5667670253,113,
18-09-2020 18:31:03.340,,,,,,,1762,,,,,
18-09-2020 18:31:03.400,,,,0.48,,,,,148,,,
18-09-2020 18:31:03.445,,41.3910147424339,,,0.846555296111111,17.22108389825,,529.279660950865,,-3.0018168796846,111,
18-09-2020 18:31:03.491,,,,,,,1579,,,,,
18-09-2020 18:31:03.536,,,,0.46,,,,,146,,,
18-09-2020 18:31:03.580,,41.5159528126959,,,0.850659649722222,17.2251882518611,,514.12097890039,,-3.01117440800462,110,
18-09-2020 18:31:03.623,,,,,,,1428,,,,,
18-09-2020 18:31:03.839,,,,0.43,,,,,143,,,
18-09-2020 18:31:04.045,,41.914711449966,,,0.864259092222222,17.2387876943611,,441.190695486314,,-3.145458613276,105,
18-09-2020 18:31:04.247,,,,,,,965,,,,,
18-09-2020 18:31:04.452,,,,0.27,,,,,127,,,
18-09-2020 18:31:04.554,,42.2898039552765,,,0.877971656194445,17.2525002583333,,336.274136278319,,-3.52792876871917,97,
18-09-2020 18:31:04.603,,,,,,,926,,,,,
18-09-2020 18:31:04.650,,,,0.22,,,,,122,,,
18-09-2020 18:31:04.715,,42.4025206205889,,,0.882198082166667,17.2567266843055,,314.334087216614,,-3.50057386220038,95,
18-09-2020 18:31:04.763,,,,,,,921,,,,,
18-09-2020 18:31:04.810,,,,0.19,,,,,119,,,
18-09-2020 18:31:04.856,,42.4974959433811,,,0.885836888,17.2603654901389,,290.34541059484,,-3.70106303151565,93,
18-09-2020 18:31:04.901,,,,,,,916,,,,,
18-09-2020 18:31:04.946,,,,0.18,,,,,118,,,
18-09-2020 18:31:04.990,,42.5842005458747,,,0.889233824472222,17.2637624266111,,264.672577169538,,-4.11450009552694,91,
18-09-2020 18:31:05.035,,,,,,,914,,,,,
18-09-2020 18:31:05.082,,,,0.16,,,,,116,,,
18-09-2020 18:31:05.126,,42.6682733221663,,,0.892606219888889,17.2671348220278,,248.222998443881,,-3.88627779599471,89,
18-09-2020 18:31:05.172,,,,,,,910,,,,,
18-09-2020 18:31:05.214,,,,0.15,,,,,115,,,
18-09-2020 18:31:05.260,,42.7488013592851,,,0.895882286333333,17.2704108884722,,242.889399050511,,-3.56300700444421,88,
18-09-2020 18:31:05.306,,,,,,,909,,,,,
18-09-2020 18:31:05.355,,,,0.14,,,,,114,,,
18-09-2020 18:31:05.403,,42.8281602469155,,,0.899234332166667,17.2737629343055,,210.021908220199,,-4.06222854792452,85,
18-09-2020 18:31:05.447,,,,,,,905,,,,,
18-09-2020 18:31:05.493,,,,0.13,,,,,113,,,
18-09-2020 18:31:05.536,,42.9005560938843,,,0.902341076833333,17.2768696789722,,207.480701573602,,-3.56410288526348,84,
18-09-2020 18:31:05.585,,,,,,,895,,,,,
18-09-2020 18:31:05.627,,,,0.13,,,,,113,,,
18-09-2020 18:31:05.672,,42.9727562063522,,,0.905490112972222,17.2800187151111,,205.170020601166,,-3.05242869847065,83,
18-09-2020 18:31:05.716,,,,,,,899,,,,,
18-09-2020 18:31:05.762,,,,0.12,,,,,112,,,
18-09-2020 18:31:05.807,,43.0381967191656,,,0.908474715194444,17.2830033173333,,169.76901659661,,-4.0696865450099,80,
18-09-2020 18:31:05.850,,,,,,,903,,,,,
18-09-2020 18:31:05.896,,,,0.12,,,,,112,,,
18-09-2020 18:31:05.962,,43.1115259585623,,,0.911882018111111,17.28641062025,,174.495993994392,,-2.98187894275216,79,
18-09-2020 18:31:06.006,,,,,,,899,,,,,
18-09-2020 18:31:06.052,,,,0.11,,,,,111,,,
18-09-2020 18:31:06.122,,43.1805853558474,,,0.915264638777778,17.2897932409167,,144.289148071068,,-3.79083671746066,76,
18-09-2020 18:31:06.166,,,,,,,899,,,,,
18-09-2020 18:31:06.213,,,,0.11,,,,,111,,,
18-09-2020 18:31:06.259,,43.2377078572192,,,0.918123807527778,17.2926524096667,,137.64313248564,,-3.78845717335747,75,
18-09-2020 18:31:06.308,,,,,,,899,,,,,
18-09-2020 18:31:06.355,,,,0.1,,,,,110,,,
18-09-2020 18:31:06.403,,43.2915863466904,,,0.920993143527778,17.2955217456667,,119.371525058457,,-3.72797093047564,72,
18-09-2020 18:31:06.450,,,,,,,900,,,,,
18-09-2020 18:31:06.555,,,,0.1,,,,,110,,,
18-09-2020 18:31:06.604,,43.3589958440572,,,0.924852196611111,17.29938079875,,96.2797482774379,,-4.32468593352307,69,
18-09-2020 18:31:06.651,,,,,,,900,,,,,
18-09-2020 18:31:06.701,,,,0.1,,,,,110,,,
18-09-2020 18:31:06.746,,43.4026396249808,,,0.927495367083333,17.3020239692222,,88.8317778048708,,-4.00537681784027,67,
18-09-2020 18:31:06.794,,,,,,,898,,,,,
18-09-2020 18:31:06.841,,,,0.1,,,,,110,,,
18-09-2020 18:31:06.890,,43.443034339326,,,0.930098288472222,17.3046268906111,,75.3253164808594,,-4.39985595223601,65,
18-09-2020 18:31:06.938,,,,,,,897,,,,,
18-09-2020 18:31:06.984,,,,0.09,,,,,109,,,
18-09-2020 18:31:07.030,,43.4766517821322,,,0.932507308805556,17.3070359109444,,61.652614058484,,-4.42738166968003,62,
18-09-2020 18:31:07.079,,,,,,,897,,,,,
18-09-2020 18:31:07.126,,,,0.09,,,,,109,,,
18-09-2020 18:31:07.173,,43.5070378906339,,,0.934878117138889,17.3094067192778,,53.7590894441864,,-4.39612381454125,60,
18-09-2020 18:31:07.238,,,,,,,897,,,,,
18-09-2020 18:31:07.282,,,,0.09,,,,,109,,,
18-09-2020 18:31:07.328,,43.5341066096629,,,0.937340477555556,17.3118690796944,,39.5922626659347,,-4.77448758289465,57,
18-09-2020 18:31:07.378,,,,,,,897,,,,,
18-09-2020 18:31:07.426,,,,0.09,,,,,109,,,
18-09-2020 18:31:07.472,,43.5573298613574,,,0.939591047555556,17.3141196496944,,40.0385333021099,,-4.29327461965451,56,
18-09-2020 18:31:07.519,,,,,,,896,,,,,
18-09-2020 18:31:07.566,,,,0.09,,,,,109,,,
18-09-2020 18:31:07.615,,43.5746418941902,,,0.941690951722222,17.3162195538611,,30.7398174590481,,-4.27324422650519,53,
18-09-2020 18:31:07.663,,,,,,,896,,,,,
18-09-2020 18:31:07.709,,,,0.09,,,,,109,,,
18-09-2020 18:31:07.887,,43.6005603443232,,,0.945552504555556,17.3200811066944,,30.7000617550307,,-3.4974152702187,51,
18-09-2020 18:31:08.166,,,,,,,895,,,,,
18-09-2020 18:31:08.372,,,,0.08,,,,,108,,,
18-09-2020 18:31:08.580,,43.5776746427537,,,0.953446707194444,17.3279753093333,,8.48372492549978,,-3.54926738950691,41,
18-09-2020 18:31:08.662,,,,,,,897,,,,,
18-09-2020 18:31:08.711,,,,0.08,,,,,108,,,
18-09-2020 18:31:08.759,,43.5628410534385,,,0.955277023194445,17.3298056253333,,-0.101791052365042,,-4.1026040722258,37,
18-09-2020 18:31:08.805,,,,,,,895,,,,,
18-09-2020 18:31:08.852,,,,0.08,,,,,108,,,
18-09-2020 18:31:08.896,,43.5480017237848,,,0.9566093225,17.3311379246389,,-1.23741033560666,,-3.9038576672233,35,
18-09-2020 18:31:08.942,,,,,,,895,,,,,
18-09-2020 18:31:08.987,,,,0.08,,,,,108,,,
18-09-2020 18:31:09.034,,43.5296177520965,,,0.95787491925,17.3324035213889,,-5.18943870996888,,-4.36095445593604,33,
18-09-2020 18:31:09.080,,,,,,,897,,,,,
18-09-2020 18:31:09.133,,,,0.08,,,,,108,,,
18-09-2020 18:31:09.200,,43.5034130182801,,,0.959304637527778,17.3338332396667,,-7.06964113013713,,-4.48023615503983,31,
18-09-2020 18:31:09.244,,,,,,,896,,,,,
18-09-2020 18:31:09.289,,,,0.08,,,,,108,,,
18-09-2020 18:31:09.336,,43.4804001034618,,,0.960433990027778,17.3349625921667,,-2.91046937915039,,-3.37091479558262,30,
18-09-2020 18:31:09.380,,,,,,,896,,,,,
18-09-2020 18:31:09.426,,,,0.08,,,,,108,,,
18-09-2020 18:31:09.470,,43.456011297326,,,0.961514668583334,17.3360432707222,,-1.62279342039368,,-2.9043705781684,29,
18-09-2020 18:31:09.517,,,,,,,895,,,,,
18-09-2020 18:31:09.564,,,,0.08,,,,,108,,,
18-09-2020 18:31:09.612,,43.4248791859183,,,0.962542516472222,17.3370711186111,,-4.94631898052738,,-3.36261420927012,26,
18-09-2020 18:31:09.655,,,,,,,893,,,,,
18-09-2020 18:31:09.700,,,,0.08,,,,,108,,,
18-09-2020 18:31:09.751,,43.3927205194663,,,0.963511358138889,17.3380399602778,,-4.09156268641405,,-3.02238602748522,25,
18-09-2020 18:31:09.802,,,,,,,895,,,,,
18-09-2020 18:31:09.847,,,,0.08,,,,,108,,,
18-09-2020 18:31:09.894,,43.3564995592355,,,0.964420050444445,17.3389486525833,,-6.19458587634072,,-3.48389451308911,23,
18-09-2020 18:31:09.939,,,,,,,894,,,,,
18-09-2020 18:31:09.988,,,,0.08,,,,,108,,,
18-09-2020 18:31:10.037,,43.3182532308361,,,0.9652979855,17.3398265876389,,-6.1641568670963,,-3.42653186729461,22,
18-09-2020 18:31:10.084,,,,,,,894,,,,,
18-09-2020 18:31:10.132,,,,0.08,,,,,108,,,
18-09-2020 18:31:10.183,,43.2771728062038,,,0.966160921,17.3406895231389,,-3.31446262129327,,-2.43232659335634,21,
18-09-2020 18:31:10.232,,,,,,,893,,,,,
18-09-2020 18:31:10.275,,,,0.08,,,,,108,,,
18-09-2020 18:31:10.322,,43.2359721144233,,,0.966882017444445,17.3414106195833,,-4.94997932915253,,-2.92051093521068,19,
18-09-2020 18:31:10.365,,,,,,,891,,,,,
18-09-2020 18:31:10.411,,,,0.08,,,,,108,,,
18-09-2020 18:31:10.456,,43.1957274854155,,,0.967588800027778,17.3421174021667,,-2.41082527231243,,-1.97470833064279,19,
18-09-2020 18:31:10.500,,,,,,,889,,,,,
18-09-2020 18:31:10.543,,,,0.08,,,,,108,,,
