Device time,"Ambient air temperature (â„ƒ)","Barometric pressure (kPa)","Fuel level input (L)","Instant engine power (based on acceleration) (kW)","Vehicle acceleration (m_sec2)","Vehicle speed (km/h)",
16-08-2020 21:49:48.205,,,,,,64,
16-08-2020 21:49:48.431,,,,,,64,
16-08-2020 21:49:48.637,,,,,,64,
16-08-2020 21:49:48.782,,,,,,64,
16-08-2020 21:49:48.928,,,,101.930394493706,-0.384355530710814,63,
16-08-2020 21:49:49.059,,,,,,64,
16-08-2020 21:49:49.206,,,36.9,,,,
16-08-2020 21:49:49.327,,99,,,,,
16-08-2020 21:49:49.470,16,,,,,,
16-08-2020 21:49:49.608,,,,,,63,
16-08-2020 21:49:49.736,,,,,,63,
16-08-2020 21:49:49.873,,,,105.377223623768,0,63,
16-08-2020 21:49:50.006,,,,102.603347367862,-0.293365612938456,63,
16-08-2020 21:49:50.124,,,,105.377223623768,0,63,
16-08-2020 21:49:50.272,,,,105.377223623768,0,63,
16-08-2020 21:49:50.406,,,,105.377223623768,0,63,
16-08-2020 21:49:50.553,,,,105.377223623768,0,63,
16-08-2020 21:49:50.680,,,,105.377223623768,0,63,
16-08-2020 21:49:50.862,,,,105.377223623768,0,63,
16-08-2020 21:49:51.010,,,,105.377223623768,0,63,
16-08-2020 21:49:51.171,,,,105.377223623768,0,63,
16-08-2020 21:49:51.468,,,,113.861209545772,0.352503473322474,64,
16-08-2020 21:49:51.692,,,,113.690266809701,0.334707024515067,64,
16-08-2020 21:49:51.925,,,,113.390080382498,0.303455317029966,64,
16-08-2020 21:49:52.148,,,,113.20523058639,0.284211036698978,64,
16-08-2020 21:49:52.369,,,,118.742717204281,0.308296580373097,65,
16-08-2020 21:49:52.564,,,,118.8417034967,0.318443269949238,65,
16-08-2020 21:49:52.712,,,,119.179993992982,0.353120077903374,65,
16-08-2020 21:49:52.839,,,,119.660632545406,0.402388416686082,65,
16-08-2020 21:49:52.980,,,,115.735121945969,0,65,
16-08-2020 21:49:53.101,,,,115.735121945969,0,65,
16-08-2020 21:49:53.243,,,,115.735121945969,0,65,
16-08-2020 21:49:53.362,,,,115.735121945969,0,65,
16-08-2020 21:49:53.492,,,,126.53174651992,0.542359620571284,66,
16-08-2020 21:49:53.643,,,,126.236667753703,0.512570567640329,66,
16-08-2020 21:49:53.781,,,,126.279435431103,0.516888088084512,66,
16-08-2020 21:49:53.909,,,,126.189835501507,0.50784271664164,66,
16-08-2020 21:49:54.076,,,,121.159343172454,0,66,
16-08-2020 21:49:54.231,,,,121.159343172454,0,66,
16-08-2020 21:49:54.356,,,,121.159343172454,0,66,
16-08-2020 21:49:54.492,,,,131.546615971107,0.476960071707322,67,
16-08-2020 21:49:54.632,,,,131.777346187841,0.499905297940358,67,
16-08-2020 21:49:54.760,,,,132.033317583842,0.525360661670319,67,
16-08-2020 21:49:54.906,,,,131.828709034615,0.505013134078583,67,
16-08-2020 21:49:55.040,,,,126.750450546521,0,67,
16-08-2020 21:49:55.187,,,,126.750450546521,0,67,
16-08-2020 21:49:55.411,,,,126.750450546521,0,67,
16-08-2020 21:49:55.635,,,,126.750450546521,0,67,
16-08-2020 21:49:55.865,,,,126.750450546521,0,67,
16-08-2020 21:49:56.088,,,,126.750450546521,0,67,
16-08-2020 21:49:56.310,,,,126.750450546521,0,67,
16-08-2020 21:49:56.535,,,,126.750450546521,0,67,
16-08-2020 21:49:56.727,,,,126.750450546521,0,67,
16-08-2020 21:49:56.879,,,,126.750450546521,0,67,
16-08-2020 21:49:57.002,,,,126.750450546521,0,67,
16-08-2020 21:49:57.145,,,,126.750450546521,0,67,
16-08-2020 21:49:57.301,,,,116.361937792264,-0.484311916556699,66,
16-08-2020 21:49:57.443,,,,116.27578888642,-0.493008897193525,66,
16-08-2020 21:49:57.578,,,,116.385395874087,-0.481943755505846,66,
16-08-2020 21:49:57.711,,,,116.296911672387,-0.490876490998071,66,
16-08-2020 21:49:57.841,,,,121.159343172454,0,66,
16-08-2020 21:49:57.988,,,,121.159343172454,0,66,
16-08-2020 21:49:58.117,,,,121.159343172454,0,66,
16-08-2020 21:49:58.262,,,,121.159343172454,0,66,
16-08-2020 21:49:58.404,,,,121.159343172454,0,66,
16-08-2020 21:49:58.541,,,,110.838650683095,-0.50191771717543,65,
16-08-2020 21:49:58.690,,,,111.005247074207,-0.484840586354569,65,
16-08-2020 21:49:58.832,,,,110.978680620175,-0.487563807475484,65,
16-08-2020 21:49:58.966,,,,110.911761130402,-0.494423457157535,65,
16-08-2020 21:49:59.111,,,,115.735121945969,0,65,
16-08-2020 21:49:59.273,,,,115.735121945969,0,65,
16-08-2020 21:49:59.488,,,,115.735121945969,0,65,
16-08-2020 21:49:59.712,,,,115.735121945969,0,65,
16-08-2020 21:49:59.932,,,,115.735121945969,0,65,
16-08-2020 21:50:00.164,,,,115.735121945969,0,65,
16-08-2020 21:50:00.387,,,,115.735121945969,0,65,
16-08-2020 21:50:00.610,,,,115.735121945969,0,65,
16-08-2020 21:50:00.805,,,,124.312334264486,0.318303549033643,66,
16-08-2020 21:50:00.935,,,,124.730634536611,0.360532168554846,66,
16-08-2020 21:50:01.102,,,,125.007945972896,0.388527558259707,66,
16-08-2020 21:50:01.247,,,,125.483372022653,0.4365231898754,66,
16-08-2020 21:50:01.394,,,,131.496190980148,0.471945501696757,67,
16-08-2020 21:50:01.522,,,,131.503566390841,0.472678957718697,67,
16-08-2020 21:50:01.674,,,,131.635656431073,0.485814800518905,67,
16-08-2020 21:50:01.823,,,,131.596536996909,0.481924524335193,67,
16-08-2020 21:50:01.944,,,,137.664277457814,0.504939785526624,68,
16-08-2020 21:50:02.088,,,,137.520900176435,0.490891151425841,68,
16-08-2020 21:50:02.222,,,,137.679840796479,0.506464738770147,68,
16-08-2020 21:50:02.382,,,,148.737815426328,0.994062445133966,69,
16-08-2020 21:50:02.524,,,,143.399350103533,0.478560856478451,69,
16-08-2020 21:50:02.670,,,,143.389680778628,0.477627151368814,69,
16-08-2020 21:50:02.801,,,,154.632180663173,0.95962806351663,70,
16-08-2020 21:50:02.949,,,,149.694192004773,0.489609813880117,70,
16-08-2020 21:50:03.083,,,,161.422813430497,0.9936622236054,71,
16-08-2020 21:50:03.214,,,,161.722461016852,1.02178221010552,71,
16-08-2020 21:50:03.384,,,,155.909751638022,0.476297057863539,71,
16-08-2020 21:50:03.594,,,,155.423487932355,0.430664356445246,71,
16-08-2020 21:50:03.825,,,,150.83431307847,0,71,
16-08-2020 21:50:04.052,,,,150.83431307847,0,71,
16-08-2020 21:50:04.273,,,,150.83431307847,0,71,
16-08-2020 21:50:04.506,,,,150.83431307847,0,71,
16-08-2020 21:50:04.730,,,,141.324513947461,-0.307050871807698,70,
16-08-2020 21:50:04.932,,,,141.233231446155,-0.315739519039295,70,
16-08-2020 21:50:05.083,,,,140.947507506558,-0.342935909160612,70,
16-08-2020 21:50:05.218,,,,140.447253875984,-0.390552125414348,70,
16-08-2020 21:50:05.356,,,,144.550375334143,0,70,
16-08-2020 21:50:05.505,,,,144.550375334143,0,70,
16-08-2020 21:50:05.635,,,,144.550375334143,0,70,
16-08-2020 21:50:05.795,,,,144.550375334143,0,70,
16-08-2020 21:50:05.934,,,,144.550375334143,0,70,
16-08-2020 21:50:06.056,,,,144.550375334143,0,70,
16-08-2020 21:50:06.211,,,,144.550375334143,0,70,
16-08-2020 21:50:06.363,,,,133.380358032253,-0.488909383970265,69,
16-08-2020 21:50:06.498,,,,133.345056172021,-0.492318259729784,69,
16-08-2020 21:50:06.642,,,,133.534012296865,-0.474071970458717,69,
16-08-2020 21:50:06.797,,,,133.531850474461,-0.474280723876836,69,
16-08-2020 21:50:06.918,,,,138.443438049371,0,69,
16-08-2020 21:50:07.052,,,,138.443438049371,0,69,
16-08-2020 21:50:07.190,,,,138.443438049371,0,69,
16-08-2020 21:50:07.319,,,,138.443438049371,0,69,
16-08-2020 21:50:07.466,,,,138.443438049371,0,69,
16-08-2020 21:50:07.690,,,,138.443438049371,0,69,
16-08-2020 21:50:07.915,,,,138.443438049371,0,69,
16-08-2020 21:50:08.145,,,,129.07684316523,-0.336488654746623,68,
16-08-2020 21:50:08.369,,,,129.372002256125,-0.307567879923531,68,
16-08-2020 21:50:08.591,,,,129.364885840745,-0.308265172512774,68,
16-08-2020 21:50:08.823,,,,129.388924328184,-0.305909792977628,68,
16-08-2020 21:50:09.006,,,,132.510972646162,0,68,
16-08-2020 21:50:09.144,,,,132.510972646162,0,68,
16-08-2020 21:50:09.283,,,,132.510972646162,0,68,
16-08-2020 21:50:09.417,,,,122.047374029295,-0.4677027404855,67,
16-08-2020 21:50:09.562,,,,121.722817491127,-0.499978630913315,67,
16-08-2020 21:50:09.683,,,,121.563430175821,-0.515829081973206,67,
16-08-2020 21:50:09.831,,,,121.652992745856,-0.506922431337864,67,
16-08-2020 21:50:09.957,,,,126.750450546521,0,67,
16-08-2020 21:50:10.094,,,,126.750450546521,0,67,
16-08-2020 21:50:10.226,,,,126.750450546521,0,67,
16-08-2020 21:50:10.374,,,,126.750450546521,0,67,
16-08-2020 21:50:10.508,,,,126.750450546521,0,67,
16-08-2020 21:50:10.655,,,,126.750450546521,0,67,
16-08-2020 21:50:10.786,,,,116.242174528908,-0.496402363582128,66,
16-08-2020 21:50:10.934,,,,116.238849835006,-0.496738001025347,66,
16-08-2020 21:50:11.065,,,,116.223117045231,-0.498326271551739,66,
16-08-2020 21:50:11.205,,,,116.162146242998,-0.504481449974933,66,
16-08-2020 21:50:11.354,,,,121.159343172454,0,66,
16-08-2020 21:50:11.475,,,,121.159343172454,0,66,
16-08-2020 21:50:11.649,,,,121.159343172454,0,66,
16-08-2020 21:50:11.881,,,,111.723711978183,-0.411193617932937,65,
16-08-2020 21:50:12.107,,,,103.393442069363,-0.73727133842779,64,
16-08-2020 21:50:12.328,,,,88.3187569761443,-1.30245885867849,62,
16-08-2020 21:50:12.630,,,,82.686553982187,-1.41668047646795,61,
16-08-2020 21:50:12.852,,,,64.7928034118882,-2.00267894356923,58,
16-08-2020 21:50:13.045,,,,48.1150245140985,-2.66519689941653,55,
16-08-2020 21:50:13.177,,,,45.1376000843489,-2.61856540087703,54,
16-08-2020 21:50:13.323,,,,37.2381819004901,-3.20610776353384,53,
16-08-2020 21:50:13.455,,,,31.2532347006698,-3.22037508867993,51,
16-08-2020 21:50:13.601,,,,27.5334830048087,-2.99793298516539,49,
16-08-2020 21:50:13.756,,,,25.8668494918236,-2.87891004926161,48,
16-08-2020 21:50:13.882,,,,17.0049154963479,-3.47851585125882,46,
16-08-2020 21:50:14.009,,,,12.7084031318871,-3.51174629972811,44,
16-08-2020 21:50:14.139,,,,13.5146999277386,-3.09776503068119,43,
16-08-2020 21:50:14.282,,,,6.28912194029192,-3.69810442140927,41,
16-08-2020 21:50:14.411,,,,3.47594010423379,-3.677035044014,39,
16-08-2020 21:50:14.555,,,,5.70299162246341,-3.05470680526971,38,
16-08-2020 21:50:14.686,,,,0.457739102094532,-3.55437136088227,36,
16-08-2020 21:50:14.828,,,,-1.58847855436645,-3.55726824808991,34,
16-08-2020 21:50:14.967,,,,-2.96107215103149,-3.49187085481258,32,
16-08-2020 21:50:15.114,,,,-6.52278699209938,-3.97583289971906,30,
16-08-2020 21:50:15.231,,,,-5.25764612158667,-3.56944694560691,29,
16-08-2020 21:50:15.385,,,,-5.85114922438738,-3.49089790262665,27,
16-08-2020 21:50:15.537,,,,-6.21690245819757,-3.41186391256333,25,
16-08-2020 21:50:15.726,,,,-5.83851220371299,-3.17676389270554,23,
16-08-2020 21:50:15.949,,,,-7.08320844970462,-3.48290797739175,20,
16-08-2020 21:50:16.182,,,,-6.82639692658096,-3.48699662693053,17,
16-08-2020 21:50:16.406,,,,-6.23828591507686,-3.51928587214168,14,
16-08-2020 21:50:16.626,,,,-5.38472692063421,-3.39416378350967,12,
16-08-2020 21:50:16.850,,,,-4.20453712969613,-3.08223100115585,10,
16-08-2020 21:50:17.075,,,,-3.14332361193486,-2.79766075274755,8,
16-08-2020 21:50:17.279,,,,-2.20051686293945,-2.54471963042528,6,
16-08-2020 21:50:17.423,,,,-1.77922039793045,-2.44114861482602,5,
16-08-2020 21:50:17.555,,,,-1.39340943379241,-2.36596064035198,4,
16-08-2020 21:50:17.690,,,,-1.00620243176428,-2.26001031794151,3,
16-08-2020 21:50:17.863,,,,-0.567597688004434,-1.90215236910034,2,
16-08-2020 21:50:18.009,,,,-0.28388339182705,-1.89429188291192,1,
16-08-2020 21:50:18.138,,,,-0.213780623723432,-1.42720481879151,1,
16-08-2020 21:50:18.291,,,,0,-1.38734130965797,0,
16-08-2020 21:50:18.430,,,,0,-0.980302833975108,0,
16-08-2020 21:50:18.560,,,,0,-0.504321714325876,0,
16-08-2020 21:50:18.702,,,,0,-0.492999884776067,0,
16-08-2020 21:50:18.837,,,,0,0,0,
16-08-2020 21:50:19.020,,,,0,0,0,
16-08-2020 21:50:19.169,,,,0,0,0,
16-08-2020 21:50:19.301,,,,0,0,0,
16-08-2020 21:50:19.443,,,,0,0,0,
16-08-2020 21:50:19.596,,,,0,0,0,
16-08-2020 21:50:19.763,,,,0,0,0,
16-08-2020 21:50:19.973,,,,0,0,0,
16-08-2020 21:50:20.204,,,,0,0,0,
16-08-2020 21:50:20.428,,,,0,0,0,
16-08-2020 21:50:20.648,,,,0,0,0,
16-08-2020 21:50:20.873,,,,0,0,0,
16-08-2020 21:50:21.102,,,,0,0,0,
16-08-2020 21:50:21.294,,,,0,0,0,
16-08-2020 21:50:21.443,,,,0,0,0,
16-08-2020 21:50:21.572,,,,0,0,0,
16-08-2020 21:50:21.715,,,,0,0,0,
16-08-2020 21:50:21.845,,,,0,0,0,
16-08-2020 21:50:22.000,,,,0,0,0,
16-08-2020 21:50:22.118,,,,0,0,0,
16-08-2020 21:50:22.256,,,,0,0,0,
16-08-2020 21:50:22.387,,,,0,0,0,
16-08-2020 21:50:22.508,,,,0,0,0,
16-08-2020 21:50:22.640,,,,0,0,0,
16-08-2020 21:50:23.128,,,,0,0,0,
16-08-2020 21:50:23.382,,,,0,0,0,
16-08-2020 21:50:23.736,,,,0,0,0,
16-08-2020 21:50:23.982,,,,0,0,0,
16-08-2020 21:50:24.105,,,,0,0,0,
16-08-2020 21:50:24.287,,,,0,0,0,
16-08-2020 21:50:24.437,,,,0,0,0,
16-08-2020 21:50:24.594,,,,0,0,0,
16-08-2020 21:50:24.732,,,,0,0,0,
16-08-2020 21:50:24.885,,,,0,0,0,
16-08-2020 21:50:25.111,,,,0,0,0,
16-08-2020 21:50:25.335,,,,0,0,0,
16-08-2020 21:50:25.563,,,,0,0,0,
16-08-2020 21:50:25.791,,,,0.0464604159846842,0.306752719393533,1,
16-08-2020 21:50:26.011,,,,7.396915698884,3.70272659529661,12,
16-08-2020 21:50:26.243,,,,13.4834092537185,4.89607235729078,16,
16-08-2020 21:50:26.426,,,,,,15,
16-08-2020 21:50:26.556,,,,,,14,
16-08-2020 21:50:26.684,,,,,,16,
16-08-2020 21:50:26.823,,,,,,18,
16-08-2020 21:50:26.958,,,,,,19,
16-08-2020 21:50:27.104,,,,15.1028896850306,3.55355094670151,21,
16-08-2020 21:50:27.254,,,,16.9075838097189,3.41257288573169,23,
16-08-2020 21:50:27.395,,,,19.3349131483225,3.39809401489235,25,
16-08-2020 21:50:27.532,,,,23.97649635585,3.86978116716431,27,
16-08-2020 21:50:27.665,,,,31.4402631864037,4.45562191659824,30,
16-08-2020 21:50:27.812,,,,35.3355399063277,4.48207073102036,32,
16-08-2020 21:50:27.964,,,,43.738233131102,4.88664689529333,35,
16-08-2020 21:50:28.190,,,,54.6755381488404,5.07007554209755,39,
16-08-2020 21:50:28.412,,,,54.2164925146226,4.090549717523,41,
16-08-2020 21:50:28.644,,,,47.5449312896861,3.00635748404436,41,
16-08-2020 21:50:28.868,,,,44.7748394715687,2.14988605051104,42,
16-08-2020 21:50:29.090,,,,50.9072715081906,1.85146818649987,45,
16-08-2020 21:50:29.390,,,,55.7705939779914,1.70350287207177,47,
16-08-2020 21:50:29.590,,,,66.8447871679526,2.34751422071296,49,
16-08-2020 21:50:29.730,,,,78.0988883273088,2.89977115006084,51,
16-08-2020 21:50:29.862,,,,85.6349795513934,2.87809149838538,53,
16-08-2020 21:50:30.014,,,,91.6153907704729,3.1161832602802,54,
16-08-2020 21:50:30.164,,,,102.507850045875,3.39070424287735,56,
16-08-2020 21:50:30.297,,,,103.223711031291,2.94311407839797,57,
16-08-2020 21:50:30.449,,,,111.695742358099,2.83940082055276,59,
16-08-2020 21:50:30.591,,,,117.044971849812,2.88904751685788,60,
16-08-2020 21:50:30.725,,,,128.076972282778,2.97019651354769,62,
16-08-2020 21:50:30.875,,,,132.613354965335,2.88049776844957,63,
16-08-2020 21:50:31.023,,,,144.049945397557,2.90243948878056,65,
16-08-2020 21:50:31.153,,,,150.536819484142,2.96574100551551,66,
16-08-2020 21:50:31.292,,,,151.372030858808,2.44852078101701,67,
16-08-2020 21:50:31.426,,,,169.800174962931,3.02792033226702,69,
16-08-2020 21:50:31.571,,,,171.21642032814,2.53818480759128,70,
16-08-2020 21:50:31.710,,,,177.379407024998,2.49108525284904,71,
16-08-2020 21:50:31.838,,,,197.401097114154,3.05377545894428,73,
16-08-2020 21:50:31.979,,,,198.663132693071,2.51116398216206,74,
16-08-2020 21:50:32.251,,,,212.918248827956,2.44780041144588,76,
16-08-2020 21:50:32.476,,,,229.719929888021,2.53955549971436,78,
16-08-2020 21:50:32.705,,,,242.690516602898,2.2419400206484,80,
16-08-2020 21:50:32.927,,,,248.885956877656,2.0499455048344,81,
16-08-2020 21:50:33.150,,,,267.916337024265,2.16329866406171,83,
16-08-2020 21:50:33.383,,,,286.149193351163,2.14299720740523,85,
16-08-2020 21:50:33.566,,,,293.049509548367,1.9366266056087,86,
16-08-2020 21:50:33.689,,,,306.070069541312,2.18706471944421,87,
16-08-2020 21:50:33.836,,,,313.924526172714,2.02400508896409,88,
16-08-2020 21:50:33.983,,,,338.514047663679,2.31659975492599,90,
16-08-2020 21:50:34.115,,,,334.565285488832,2.02426453509992,90,
16-08-2020 21:50:34.251,,,,362.300064223744,2.47235535855828,92,
16-08-2020 21:50:34.376,,,,356.57425162981,2.05767642322173,92,
16-08-2020 21:50:34.515,,,,379.498342632875,2.08857552737106,94,
16-08-2020 21:50:34.651,,,,398.220077320466,2.58778373133654,95,
16-08-2020 21:50:34.812,,,,401.401921294054,1.98137181585376,96,
16-08-2020 21:50:34.948,,,,420.01301829386,2.43061838704086,97,
16-08-2020 21:50:35.094,,,,424.892698300673,1.92044004809627,98,
16-08-2020 21:50:35.215,,,,438.220767013515,1.97248369466079,99,
16-08-2020 21:50:35.352,,,,431.835247059808,1.54272591770902,99,
16-08-2020 21:50:35.482,,,,444.858599992194,1.56104422869148,100,
16-08-2020 21:50:35.648,,,,456.982426790112,1.50297794037194,101,
16-08-2020 21:50:35.791,,,,,,100,
16-08-2020 21:50:35.917,,,,,,102,
16-08-2020 21:50:36.062,,,,,,101,
16-08-2020 21:50:36.282,,,,,,101,
16-08-2020 21:50:36.507,,,,440.07747924422,0.387771865497699,101,
16-08-2020 21:50:36.730,,,,411.173916599099,-0.683329324240188,100,
16-08-2020 21:50:36.953,,,,416.752164617272,-0.311656769756618,100,
16-08-2020 21:50:37.181,,,,416.793764739854,-0.308884999161872,100,
16-08-2020 21:50:37.408,,,,399.752098299623,-0.616531713423384,99,
16-08-2020 21:50:37.611,,,,404.229720272315,-0.315179140889741,99,
16-08-2020 21:50:37.754,,,,403.760690450057,-0.346745750218204,99,
16-08-2020 21:50:37.886,,,,403.058340100974,-0.39401527984951,99,
16-08-2020 21:50:38.033,,,,408.912783153501,0,99,
16-08-2020 21:50:38.219,,,,389.922611736147,-0.457129909134094,98,
16-08-2020 21:50:38.339,,,,389.659755535627,-0.475001154727807,98,
16-08-2020 21:50:38.480,,,,389.763392283781,-0.467955029222201,98,
16-08-2020 21:50:38.616,,,,389.636515837713,-0.476581191067519,98,
16-08-2020 21:50:38.760,,,,396.646229876189,0,98,
16-08-2020 21:50:38.882,,,,396.646229876189,0,98,
16-08-2020 21:50:39.030,,,,377.274635103351,-0.505063728537216,97,
16-08-2020 21:50:39.162,,,,377.229170646404,-0.50818666354762,97,
16-08-2020 21:50:39.309,,,,377.260573324765,-0.506029626374847,97,
16-08-2020 21:50:39.442,,,,377.407222149823,-0.495956378374961,97,
16-08-2020 21:50:39.617,,,,384.627477242255,0,97,
16-08-2020 21:50:39.750,,,,384.627477242255,0,97,
16-08-2020 21:50:39.903,,,,384.627477242255,0,97,
16-08-2020 21:50:40.044,,,,384.627477242255,0,97,
16-08-2020 21:50:40.217,,,,366.180385021521,-0.463182743174599,96,
16-08-2020 21:50:40.426,,,,366.934041181237,-0.410875155370386,96,
16-08-2020 21:50:40.648,,,,367.480114477305,-0.372974878814121,96,
16-08-2020 21:50:40.871,,,,368.015915300631,-0.335787564346635,96,
16-08-2020 21:50:41.102,,,,372.853996673706,0,96,
16-08-2020 21:50:41.328,,,,372.853996673706,0,96,
16-08-2020 21:50:41.548,,,,356.923840839227,-0.308556265234966,95,
16-08-2020 21:50:41.744,,,,356.788140400775,-0.318073708976348,95,
16-08-2020 21:50:41.890,,,,356.291820558132,-0.352883443078673,95,
16-08-2020 21:50:42.054,,,,339.248663993178,-0.764394679293244,94,
16-08-2020 21:50:42.198,,,,343.996772483565,-0.427840139756549,94,
16-08-2020 21:50:42.327,,,,343.309122623737,-0.476582008735596,94,
16-08-2020 21:50:42.467,,,,325.548300566149,-0.962293399215789,93,
16-08-2020 21:50:42.597,,,,331.835204798431,-0.51187453717584,93,
16-08-2020 21:50:42.750,,,,331.964717433682,-0.502595736094377,93,
16-08-2020 21:50:42.883,,,,331.996094169782,-0.500347781736129,93,
16-08-2020 21:50:43.025,,,,321.287687237661,-0.497872630081472,92,
16-08-2020 21:50:43.156,,,,321.301701442651,-0.496857683205489,92,
16-08-2020 21:50:43.337,,,,321.627144393694,-0.473288218743062,92,
16-08-2020 21:50:43.458,,,,304.397616232937,-0.964988499556559,91,
16-08-2020 21:50:43.602,,,,311.006989144274,-0.481059624261646,91,
16-08-2020 21:50:43.746,,,,311.144835251434,-0.470966728536624,91,
16-08-2020 21:50:43.877,,,,310.553192632847,-0.514285958791953,91,
16-08-2020 21:50:44.017,,,,317.577174581949,0,91,
16-08-2020 21:50:44.147,,,,317.577174581949,0,91,
16-08-2020 21:50:44.327,,,,300.76881547261,-0.477759657309495,90,
16-08-2020 21:50:44.551,,,,301.651079854636,-0.412443758138031,90,
16-08-2020 21:50:44.782,,,,287.390523791464,-0.726504070115547,89,
16-08-2020 21:50:45.004,,,,288.435675505772,-0.64825989735012,89,
16-08-2020 21:50:45.229,,,,292.98059732901,-0.30800915339138,89,
16-08-2020 21:50:45.461,,,,279.134219300832,-0.610131313437488,88,
16-08-2020 21:50:45.685,,,,283.128240626524,-0.307725329934175,88,
16-08-2020 21:50:45.888,,,,283.044198049014,-0.314088585469265,88,
16-08-2020 21:50:46.033,,,,268.487918226566,-0.691162373518495,87,
16-08-2020 21:50:46.165,,,,,,88,
16-08-2020 21:50:46.308,,,,,,87,
16-08-2020 21:50:46.437,,,,,,87,
16-08-2020 21:50:46.580,,,,277.512699130109,0,87,
16-08-2020 21:50:46.699,,,,270.719826236571,-0.520231815296896,87,
16-08-2020 21:50:46.844,,,,277.512699130109,0,87,
16-08-2020 21:50:46.973,,,,277.512699130109,0,87,
16-08-2020 21:50:47.110,,,,261.280463386999,-0.524695188299566,86,
16-08-2020 21:50:47.250,,,,261.541660479377,-0.504458820713701,86,
16-08-2020 21:50:47.389,,,,261.476516223544,-0.509505902574931,86,
16-08-2020 21:50:47.515,,,,261.444301935793,-0.512001719670416,86,
16-08-2020 21:50:47.650,,,,268.052867425753,0,86,
16-08-2020 21:50:47.787,,,,268.052867425753,0,86,
16-08-2020 21:50:47.913,,,,252.043116640318,-0.530474002073899,85,
16-08-2020 21:50:48.040,,,,252.048358308212,-0.530063123733229,85,
16-08-2020 21:50:48.185,,,,252.187542908168,-0.519152867946844,85,
16-08-2020 21:50:48.327,,,,252.238091934065,-0.515190484159737,85,
16-08-2020 21:50:48.552,,,,258.810493428851,0,85,
16-08-2020 21:50:48.784,,,,245.079954406133,-0.37305001348725,84,
16-08-2020 21:50:49.006,,,,245.518767552362,-0.338243300137595,84,
16-08-2020 21:50:49.227,,,,,,85,
16-08-2020 21:50:49.459,,,,,,85,
16-08-2020 21:50:49.683,,,,262.754981800012,0.309196398806858,85,
16-08-2020 21:50:49.906,,,,276.022290621727,0.617434810522655,86,
16-08-2020 21:50:50.062,,,,272.347823682872,0.33275375615102,86,
16-08-2020 21:50:50.189,,,,272.960477130292,0.3802193701511,86,
16-08-2020 21:50:50.335,,,,273.545637086236,0.425554912967637,86,
16-08-2020 21:50:50.462,,,,284.041890281333,0.500037762851851,87,
16-08-2020 21:50:50.610,,,,284.133962323841,0.507089095412079,87,
16-08-2020 21:50:50.740,,,,284.101216320948,0.504581244493127,87,
16-08-2020 21:50:50.886,,,,284.0975453907,0.504300106492045,87,
16-08-2020 21:50:51.011,,,,277.512699130109,0,87,
16-08-2020 21:50:51.156,,,,261.489895193535,-0.508469360582084,86,
16-08-2020 21:50:51.304,,,,261.702569567511,-0.49199231342697,86,
16-08-2020 21:50:51.434,,,,261.514645324015,-0.506551832581945,86,
16-08-2020 21:50:51.572,,,,246.172814957511,-0.990629025854447,85,
16-08-2020 21:50:51.735,,,,,,86,
16-08-2020 21:50:51.857,,,,,,85,
16-08-2020 21:50:52.000,,,,,,85,
16-08-2020 21:50:52.130,,,,258.810493428851,0,85,
16-08-2020 21:50:52.290,,,,252.42637995068,-0.500431161480108,85,
16-08-2020 21:50:52.430,,,,258.810493428851,0,85,
16-08-2020 21:50:52.585,,,,258.810493428851,0,85,
16-08-2020 21:50:52.807,,,,258.810493428851,0,85,
16-08-2020 21:50:53.031,,,,258.810493428851,0,85,
16-08-2020 21:50:53.260,,,,245.563763207935,-0.334674239139871,84,
16-08-2020 21:50:53.485,,,,245.893659183607,-0.308506849308645,84,
16-08-2020 21:50:53.709,,,,245.901297711439,-0.307900960330779,84,
16-08-2020 21:50:53.933,,,,233.296072243325,-0.615870391209372,83,
16-08-2020 21:50:54.090,,,,236.800111479937,-0.334580878362867,83,
16-08-2020 21:50:54.218,,,,236.24857075323,-0.378856245119384,83,
16-08-2020 21:50:54.362,,,,221.890283872588,-0.8509443934048,82,
16-08-2020 21:50:54.521,,,,226.550739384009,-0.472260191941654,82,
16-08-2020 21:50:54.669,,,,226.452719138717,-0.480224803603423,82,
16-08-2020 21:50:54.800,,,,226.489953553452,-0.477199330111398,82,
16-08-2020 21:50:54.971,,,,232.362831902934,0,82,
16-08-2020 21:50:55.090,,,,218.024564743387,-0.488648012782876,81,
16-08-2020 21:50:55.211,,,,217.734785986509,-0.512484606756109,81,
16-08-2020 21:50:55.357,,,,217.901261469521,-0.498790681991512,81,
16-08-2020 21:50:55.483,,,,217.372659460519,-0.542272376777441,81,
16-08-2020 21:50:55.631,,,,223.965002955912,0,81,
16-08-2020 21:50:55.759,,,,209.689567925895,-0.506581301638365,80,
16-08-2020 21:50:55.908,,,,209.717507371771,-0.504254333299528,80,
16-08-2020 21:50:56.024,,,,209.612048830111,-0.513037567175856,80,
16-08-2020 21:50:56.160,,,,209.4686561985,-0.524980184622931,80,
16-08-2020 21:50:56.301,,,,215.771988826377,0,80,
16-08-2020 21:50:56.418,,,,215.771988826377,0,80,
16-08-2020 21:50:56.603,,,,215.771988826377,0,80,
16-08-2020 21:50:56.824,,,,215.771988826377,0,80,
16-08-2020 21:50:57.048,,,,215.771988826377,0,80,
16-08-2020 21:50:57.349,,,,215.771988826377,0,80,
16-08-2020 21:50:57.572,,,,215.771988826377,0,80,
16-08-2020 21:50:57.802,,,,215.771988826377,0,80,
16-08-2020 21:50:58.068,,,,227.275163060371,0.272286841335408,81,
16-08-2020 21:50:58.228,,,,227.802867453777,0.315694700141367,81,
16-08-2020 21:50:58.357,,,,228.26765664581,0.353927286177024,81,
16-08-2020 21:50:58.508,,,,242.050120782218,0.78713834830195,82,
16-08-2020 21:50:58.648,,,,238.264487535477,0.479537621385598,82,
16-08-2020 21:50:58.806,,,,252.940382766519,0.961092126658333,83,
16-08-2020 21:50:58.935,,,,252.933493843753,0.960539112950966,83,
16-08-2020 21:50:59.079,,,,247.030922108305,0.48670551238575,83,
16-08-2020 21:50:59.228,,,,261.862023897058,0.958105826314346,84,
16-08-2020 21:50:59.356,,,,256.151792245949,0.505169541364252,84,
16-08-2020 21:50:59.499,,,,271.395061030556,0.986465826959334,85,
16-08-2020 21:50:59.643,,,,271.376889017411,0.985041378337667,85,
16-08-2020 21:50:59.786,,,,265.155753006278,0.497385522842311,85,
16-08-2020 21:50:59.970,,,,264.586769785067,0.45278466553811,85,
16-08-2020 21:51:00.101,,,,258.810493428851,0,85,
16-08-2020 21:51:00.244,,,,258.810493428851,0,85,
16-08-2020 21:51:00.403,,,,258.810493428851,0,85,
16-08-2020 21:51:00.540,,,,243.644611904579,-0.486901559274977,84,
16-08-2020 21:51:00.721,,,,244.136441036625,-0.447889611334832,84,
16-08-2020 21:51:00.946,,,,244.790982679924,-0.395971286759856,84,
16-08-2020 21:51:01.244,,,,245.620503090779,-0.330173624573941,84,
16-08-2020 21:51:01.469,,,,237.242083678215,-0.299101211626705,83,
16-08-2020 21:51:01.696,,,,237.416149763952,-0.285127919333525,83,
16-08-2020 21:51:01.922,,,,225.362474012833,-0.568812411377604,82,
16-08-2020 21:51:02.144,,,,224.766153109158,-0.61726632423447,82,
16-08-2020 21:51:02.318,,,,228.337159432744,-0.327105056789036,82,
16-08-2020 21:51:02.468,,,,215.217643697939,-0.719539462508627,81,
16-08-2020 21:51:02.591,,,,218.915445445657,-0.415366031013753,81,
16-08-2020 21:51:02.734,,,,218.242951387111,-0.470683984598994,81,
16-08-2020 21:51:02.866,,,,217.799171975756,-0.507188350054015,81,
16-08-2020 21:51:03.009,,,,223.965002955912,0,81,
16-08-2020 21:51:03.142,,,,223.965002955912,0,81,
16-08-2020 21:51:03.290,,,,209.771577350238,-0.499751054009956,80,
16-08-2020 21:51:03.414,,,,209.688500643374,-0.506670191469855,80,
16-08-2020 21:51:03.550,,,,209.603301156754,-0.513766127041663,80,
16-08-2020 21:51:03.670,,,,209.459505779083,-0.525742287649798,80,
16-08-2020 21:51:03.802,,,,215.771988826377,0,80,
16-08-2020 21:51:03.943,,,,215.771988826377,0,80,
16-08-2020 21:51:04.086,,,,201.630535116084,-0.518754586438987,79,
16-08-2020 21:51:04.219,,,,201.779077992222,-0.506226423010575,79,
16-08-2020 21:51:04.365,,,,201.929468360971,-0.493542441343221,79,
16-08-2020 21:51:04.509,,,,201.956017192317,-0.491303302674435,79,
16-08-2020 21:51:04.640,,,,207.781260936333,0,79,
16-08-2020 21:51:04.791,,,,207.781260936333,0,79,
16-08-2020 21:51:05.007,,,,194.926753700542,-0.432535799604019,78,
16-08-2020 21:51:05.232,,,,195.494021190431,-0.384078861898745,78,
16-08-2020 21:51:05.459,,,,196.018036821845,-0.339316570280402,78,
16-08-2020 21:51:05.683,,,,185.197679019934,-0.62292578949272,77,
16-08-2020 21:51:05.909,,,,188.83771029757,-0.30795007991243,77,
16-08-2020 21:51:06.131,,,,188.824578278774,-0.309086407219289,77,
16-08-2020 21:51:06.331,,,,188.716911810511,-0.318402899208683,77,
16-08-2020 21:51:06.495,,,,192.396549562749,0,77,
16-08-2020 21:51:06.639,,,,192.396549562749,0,77,
16-08-2020 21:51:06.777,,,,180.092996939886,-0.429976658631091,76,
16-08-2020 21:51:06.913,,,,179.548171973562,-0.477741251592646,76,
16-08-2020 21:51:07.039,,,,179.177277220358,-0.510257450396598,76,
16-08-2020 21:51:07.177,,,,179.09920414824,-0.517102086273188,76,
16-08-2020 21:51:07.301,,,,184.99750892322,0,76,
16-08-2020 21:51:07.435,,,,184.99750892322,0,76,
16-08-2020 21:51:07.568,,,,184.99750892322,0,76,
16-08-2020 21:51:07.709,,,,184.99750892322,0,76,
16-08-2020 21:51:07.852,,,,172.122258635858,-0.50357073954278,75,
16-08-2020 21:51:07.974,,,,171.985720753178,-0.515700565603878,75,
16-08-2020 21:51:08.109,,,,172.010489992566,-0.513500102556241,75,
16-08-2020 21:51:08.239,,,,171.892021432788,-0.524024676363932,75,
16-08-2020 21:51:08.378,,,,177.790640211209,0,75,
16-08-2020 21:51:08.505,,,,164.968448292077,-0.522673732881024,74,
16-08-2020 21:51:08.637,,,,164.93494043647,-0.525690748707058,74,
16-08-2020 21:51:08.780,,,,165.064388395714,-0.514035376120199,74,
16-08-2020 21:51:08.901,,,,164.879039247648,-0.530724039209043,74,
16-08-2020 21:51:09.121,,,,170.773414848723,0,74,
16-08-2020 21:51:09.422,,,,160.062113220481,-0.354245899961496,73,
16-08-2020 21:51:09.645,,,,160.426682649285,-0.320970747008572,73,
16-08-2020 21:51:09.870,,,,160.801341223744,-0.286774732792194,73,
16-08-2020 21:51:10.092,,,,160.81070351177,-0.285920213621285,73,
16-08-2020 21:51:10.327,,,,153.982811437353,-0.306767658997463,72,
16-08-2020 21:51:10.524,,,,153.88126401128,-0.316164872544834,72,
16-08-2020 21:51:10.663,,,,153.5126677558,-0.350274823524889,72,
16-08-2020 21:51:10.791,,,,153.000728229085,-0.397649781629827,72,
16-08-2020 21:51:10.930,,,,157.297779860346,0,72,
16-08-2020 21:51:11.060,,,,157.297779860346,0,72,
16-08-2020 21:51:11.199,,,,157.297779860346,0,72,
16-08-2020 21:51:11.328,,,,145.324700830719,-0.517041448296796,71,
16-08-2020 21:51:11.488,,,,145.524152336932,-0.498324215395499,71,
16-08-2020 21:51:11.633,,,,145.664782782576,-0.485126958307141,71,
16-08-2020 21:51:11.758,,,,145.535654137391,-0.49724484586822,71,
16-08-2020 21:51:11.893,,,,150.83431307847,0,71,
16-08-2020 21:51:12.030,,,,150.83431307847,0,71,
16-08-2020 21:51:12.153,,,,138.937558245655,-0.534251219668822,70,
16-08-2020 21:51:12.284,,,,138.997089039814,-0.528584831670469,70,
16-08-2020 21:51:12.426,,,,139.069034273624,-0.521736785795036,70,
16-08-2020 21:51:12.567,,,,139.110663041101,-0.517774386976872,70,
16-08-2020 21:51:12.696,,,,144.550375334143,0,70,
16-08-2020 21:51:12.823,,,,144.550375334143,0,70,
16-08-2020 21:51:12.991,,,,144.550375334143,0,70,
16-08-2020 21:51:13.223,,,,134.06294710566,-0.422996105441018,69,
16-08-2020 21:51:13.449,,,,134.623917110647,-0.368826805600479,69,
16-08-2020 21:51:13.669,,,,135.044230028185,-0.328239864668542,69,
16-08-2020 21:51:13.893,,,,135.253349583303,-0.308046521382809,69,
16-08-2020 21:51:14.124,,,,129.363939041594,-0.308357943380795,68,
16-08-2020 21:51:14.350,,,,129.363922971476,-0.308359517990163,68,
16-08-2020 21:51:14.543,,,,129.266914280958,-0.317864786778717,68,
16-08-2020 21:51:14.677,,,,128.894753299101,-0.354330490483115,68,
16-08-2020 21:51:14.825,,,,132.510972646162,0,68,
16-08-2020 21:51:14.964,,,,132.510972646162,0,68,
16-08-2020 21:51:15.095,,,,132.510972646162,0,68,
16-08-2020 21:51:15.229,,,,132.510972646162,0,68,
16-08-2020 21:51:15.354,,,,121.469136727213,-0.525206200155831,67,
16-08-2020 21:51:15.474,,,,121.267665206861,-0.545241762378406,67,
16-08-2020 21:51:15.616,,,35.1,,,,
16-08-2020 21:51:15.741,,99,,,,,
16-08-2020 21:51:15.876,16,,,,,,
16-08-2020 21:51:16.009,,,,123.701101497352,-0.304010610116218,67,
16-08-2020 21:51:16.133,,,,123.669206257929,-0.307190466223462,67,
16-08-2020 21:51:16.251,,,,126.750450546448,0,67,
16-08-2020 21:51:16.387,,,,126.750450546448,0,67,
16-08-2020 21:51:16.515,,,,126.750450546448,0,67,
16-08-2020 21:51:16.651,,,,126.750450546448,0,67,
16-08-2020 21:51:16.780,,,,126.750450546448,0,67,
