Device time,"Barometric pressure (kPa)","Calculated boost (bar)","Engine RPM (rpm)","Fuel/Air commanded equivalence ratio ()","Intake manifold absolute pressure (kPa)","Throttle position (%)",
16-08-2020 20:40:03.548,,,,0.999424,,,
16-08-2020 20:40:03.697,,,779,,,,
16-08-2020 20:40:03.825,,,,,,18.8235294117647,
16-08-2020 20:40:03.990,,-0.660308823529412,,,35.2941176470588,,
16-08-2020 20:40:04.133,,,,0.999424,,,
16-08-2020 20:40:04.262,,,785,,,,
16-08-2020 20:40:04.458,,,,,,18.8235294117647,
16-08-2020 20:40:04.672,,-0.648544117647059,,,36.4705882352941,,
16-08-2020 20:40:04.894,99,,,,,,
16-08-2020 20:40:05.118,,,,0.999424,,,
16-08-2020 20:40:05.345,,,785,,,,
16-08-2020 20:40:05.574,,,,,,18.8235294117647,
16-08-2020 20:40:05.794,,-0.637058823529412,,,35.2941176470588,,
16-08-2020 20:40:06.001,,,,0.999424,,,
16-08-2020 20:40:06.140,,,780,,,,
16-08-2020 20:40:06.268,,,,,,18.8235294117647,
16-08-2020 20:40:06.412,,-0.637058823529412,,,35.2941176470588,,
16-08-2020 20:40:06.544,,,,0.999424,,,
16-08-2020 20:40:06.691,,,778,,,,
16-08-2020 20:40:06.818,,,,,,18.8235294117647,
16-08-2020 20:40:06.954,,-0.625294117647059,,,36.4705882352941,,
16-08-2020 20:40:07.082,,,,0.999424,,,
16-08-2020 20:40:07.221,,,786,,,,
16-08-2020 20:40:07.351,,,,,,18.8235294117647,
16-08-2020 20:40:07.492,,-0.625294117647059,,,36.4705882352941,,
16-08-2020 20:40:07.619,,,,0.999424,,,
16-08-2020 20:40:07.761,,,786,,,,
16-08-2020 20:40:07.896,,,,,,18.8235294117647,
16-08-2020 20:40:08.047,,-0.637058823529412,,,35.2941176470588,,
16-08-2020 20:40:08.187,,,,0.999424,,,
16-08-2020 20:40:08.317,,,786,,,,
16-08-2020 20:40:08.458,,,,,,18.8235294117647,
16-08-2020 20:40:08.573,,-0.637058823529412,,,35.2941176470588,,
16-08-2020 20:40:08.794,,,,0.999424,,,
16-08-2020 20:40:09.028,,,772,,,,
16-08-2020 20:40:09.249,,,,,,18.8235294117647,
16-08-2020 20:40:09.472,,-0.625294117647059,,,36.4705882352941,,
16-08-2020 20:40:09.696,,,,0.999424,,,
16-08-2020 20:40:09.928,,,781,,,,
16-08-2020 20:40:10.119,,,,,,18.8235294117647,
16-08-2020 20:40:10.262,,-0.625294117647059,,,36.4705882352941,,
16-08-2020 20:40:10.393,,,,0.999424,,,
16-08-2020 20:40:10.532,,,783,,,,
16-08-2020 20:40:10.690,,,,,,18.8235294117647,
16-08-2020 20:40:10.820,,-0.625294117647059,,,36.4705882352941,,
16-08-2020 20:40:10.964,,,,0.999424,,,
16-08-2020 20:40:11.103,,,784,,,,
16-08-2020 20:40:11.250,,,,,,18.8235294117647,
16-08-2020 20:40:11.380,,-0.637058823529412,,,35.2941176470588,,
16-08-2020 20:40:11.526,,,,0.999424,,,
16-08-2020 20:40:11.663,,,781,,,,
16-08-2020 20:40:11.809,,,,,,18.8235294117647,
16-08-2020 20:40:11.957,,-0.637058823529412,,,35.2941176470588,,
16-08-2020 20:40:12.095,,,,0.999424,,,
16-08-2020 20:40:12.214,,,778,,,,
16-08-2020 20:40:12.344,,,,,,18.8235294117647,
16-08-2020 20:40:12.493,,-0.625294117647059,,,36.4705882352941,,
16-08-2020 20:40:12.655,,,,0.999424,,,
16-08-2020 20:40:12.937,,,782,,,,
16-08-2020 20:40:13.166,,,,,,18.8235294117647,
16-08-2020 20:40:13.391,,-0.637058823529412,,,35.2941176470588,,
16-08-2020 20:40:13.616,,,,0.999424,,,
16-08-2020 20:40:13.844,,,786,,,,
16-08-2020 20:40:14.069,,,,,,18.8235294117647,
16-08-2020 20:40:14.266,,-0.625294117647059,,,36.4705882352941,,
16-08-2020 20:40:14.408,,,,0.999424,,,
16-08-2020 20:40:14.542,,,782,,,,
16-08-2020 20:40:14.690,,,,,,18.8235294117647,
16-08-2020 20:40:14.820,,-0.625294117647059,,,36.4705882352941,,
16-08-2020 20:40:14.965,,,,0.999424,,,
16-08-2020 20:40:15.114,,,777,,,,
16-08-2020 20:40:15.243,,,,,,18.8235294117647,
16-08-2020 20:40:15.381,,-0.637058823529412,,,35.2941176470588,,
16-08-2020 20:40:15.516,,,,0.999424,,,
16-08-2020 20:40:15.660,,,784,,,,
16-08-2020 20:40:15.791,,,,,,18.8235294117647,
16-08-2020 20:40:15.936,,-0.625294117647059,,,36.4705882352941,,
16-08-2020 20:40:16.080,,,,0.999424,,,
16-08-2020 20:40:16.244,,,783,,,,
16-08-2020 20:40:16.364,,,,,,18.8235294117647,
16-08-2020 20:40:16.504,,-0.625294117647059,,,36.4705882352941,,
16-08-2020 20:40:16.652,,,,0.999424,,,
16-08-2020 20:40:16.832,,,785,,,,
16-08-2020 20:40:17.057,,,,,,18.8235294117647,
16-08-2020 20:40:17.364,,-0.625294117647059,,,36.4705882352941,,
16-08-2020 20:40:17.591,,,,0.999424,,,
16-08-2020 20:40:17.813,,,781,,,,
16-08-2020 20:40:18.038,,,,,,18.8235294117647,
16-08-2020 20:40:18.269,,-0.625294117647059,,,36.4705882352941,,
16-08-2020 20:40:18.429,,,,0.999424,,,
16-08-2020 20:40:18.554,,,784,,,,
16-08-2020 20:40:18.705,,,,,,18.8235294117647,
16-08-2020 20:40:18.848,,-0.625294117647059,,,36.4705882352941,,
16-08-2020 20:40:18.979,,,,0.999424,,,
16-08-2020 20:40:19.126,,,785,,,,
16-08-2020 20:40:19.268,,,,,,18.8235294117647,
16-08-2020 20:40:19.404,,-0.637058823529412,,,35.2941176470588,,
16-08-2020 20:40:19.548,,,,0.999424,,,
16-08-2020 20:40:19.694,,,779,,,,
16-08-2020 20:40:19.822,,,,,,18.8235294117647,
16-08-2020 20:40:19.970,,-0.637058823529412,,,35.2941176470588,,
16-08-2020 20:40:20.102,,,,0.999424,,,
16-08-2020 20:40:20.251,,,776,,,,
16-08-2020 20:40:20.371,,,,,,18.8235294117647,
16-08-2020 20:40:20.511,,-0.637058823529412,,,35.2941176470588,,
16-08-2020 20:40:20.633,,,,0.999424,,,
16-08-2020 20:40:20.772,,,771,,,,
16-08-2020 20:40:21.002,,,,,,18.8235294117647,
16-08-2020 20:40:21.228,,-0.625294117647059,,,36.4705882352941,,
16-08-2020 20:40:21.451,,,,0.999424,,,
16-08-2020 20:40:21.678,,,786,,,,
16-08-2020 20:40:21.909,,,,,,18.8235294117647,
16-08-2020 20:40:22.133,,-0.625294117647059,,,36.4705882352941,,
16-08-2020 20:40:22.325,,,,0.999424,,,
16-08-2020 20:40:22.486,,,775,,,,
16-08-2020 20:40:22.637,,,,,,18.8235294117647,
16-08-2020 20:40:22.769,,-0.637058823529412,,,35.2941176470588,,
16-08-2020 20:40:22.908,,,,0.999424,,,
16-08-2020 20:40:23.039,,,774,,,,
16-08-2020 20:40:23.192,,,,,,18.8235294117647,
16-08-2020 20:40:23.334,,-0.637058823529412,,,35.2941176470588,,
16-08-2020 20:40:23.463,,,,0.999424,,,
16-08-2020 20:40:23.611,,,777,,,,
16-08-2020 20:40:23.749,,,,,,18.8235294117647,
16-08-2020 20:40:23.893,,-0.625294117647059,,,36.4705882352941,,
16-08-2020 20:40:24.033,,,,0.999424,,,
16-08-2020 20:40:24.154,,,778,,,,
16-08-2020 20:40:24.288,,,,,,18.8235294117647,
16-08-2020 20:40:24.464,,-0.637058823529412,,,35.2941176470588,,
16-08-2020 20:40:24.582,,,,0.999424,,,
16-08-2020 20:40:24.701,,,783,,,,
16-08-2020 20:40:24.820,,,,,,18.8235294117647,
16-08-2020 20:40:24.966,,-0.625294117647059,,,36.4705882352941,,
16-08-2020 20:40:25.189,,,,0.999424,,,
16-08-2020 20:40:25.412,,,775,,,,
16-08-2020 20:40:25.644,,,,,,18.8235294117647,
16-08-2020 20:40:25.870,,-0.625294117647059,,,36.4705882352941,,
16-08-2020 20:40:26.092,,,,0.999424,,,
16-08-2020 20:40:26.316,,,777,,,,
16-08-2020 20:40:26.520,,,,,,18.8235294117647,
16-08-2020 20:40:26.672,,-0.625294117647059,,,36.4705882352941,,
16-08-2020 20:40:26.795,,,,0.999424,,,
16-08-2020 20:40:26.927,,,781,,,,
16-08-2020 20:40:27.050,,,,,,18.8235294117647,
16-08-2020 20:40:27.180,,-0.625294117647059,,,36.4705882352941,,
16-08-2020 20:40:27.321,,,,0.999424,,,
16-08-2020 20:40:27.444,,,778,,,,
16-08-2020 20:40:27.592,,,,,,18.8235294117647,
16-08-2020 20:40:27.721,,-0.613529411764706,,,37.6470588235294,,
16-08-2020 20:40:27.859,,,,0.999424,,,
16-08-2020 20:40:27.989,,,779,,,,
16-08-2020 20:40:28.138,,,,,,18.8235294117647,
16-08-2020 20:40:28.258,,-0.625294117647059,,,36.4705882352941,,
16-08-2020 20:40:28.434,,,,0.999424,,,
16-08-2020 20:40:28.550,,,782,,,,
16-08-2020 20:40:28.684,,,,,,18.8235294117647,
16-08-2020 20:40:28.832,,-0.625294117647059,,,36.4705882352941,,
16-08-2020 20:40:28.963,,,,0.999424,,,
16-08-2020 20:40:29.247,,,779,,,,
16-08-2020 20:40:29.472,,,,,,18.8235294117647,
16-08-2020 20:40:29.696,,-0.625294117647059,,,36.4705882352941,,
16-08-2020 20:40:29.927,,,,0.999424,,,
16-08-2020 20:40:30.152,,,784,,,,
16-08-2020 20:40:30.372,,,,,,18.8235294117647,
16-08-2020 20:40:30.565,,-0.625294117647059,,,36.4705882352941,,
16-08-2020 20:40:30.700,,,,0.999424,,,
16-08-2020 20:40:30.874,,,781,,,,
16-08-2020 20:40:31.008,,,,,,18.8235294117647,
16-08-2020 20:40:31.148,,-0.625294117647059,,,36.4705882352941,,
16-08-2020 20:40:31.282,,,,0.999424,,,
16-08-2020 20:40:31.424,,,783,,,,
16-08-2020 20:40:31.569,,,,,,18.8235294117647,
16-08-2020 20:40:31.703,,-0.625294117647059,,,36.4705882352941,,
16-08-2020 20:40:31.850,,,,0.999424,,,
16-08-2020 20:40:32.006,,,771,,,,
16-08-2020 20:40:32.161,,,,,,18.8235294117647,
16-08-2020 20:40:32.280,,-0.613529411764706,,,37.6470588235294,,
16-08-2020 20:40:32.424,,,,0.999424,,,
16-08-2020 20:40:32.553,,,783,,,,
16-08-2020 20:40:32.698,,,,,,18.8235294117647,
16-08-2020 20:40:32.828,,-0.625294117647059,,,36.4705882352941,,
16-08-2020 20:40:32.965,,,,0.999424,,,
16-08-2020 20:40:33.155,,,783,,,,
16-08-2020 20:40:33.385,,,,,,18.8235294117647,
16-08-2020 20:40:33.609,,-0.625294117647059,,,36.4705882352941,,
16-08-2020 20:40:33.832,,,,0.999424,,,
16-08-2020 20:40:34.056,,,782,,,,
16-08-2020 20:40:34.285,,,,,,18.8235294117647,
16-08-2020 20:40:34.513,,-0.613529411764706,,,37.6470588235294,,
16-08-2020 20:40:34.724,,,,0.999424,,,
16-08-2020 20:40:34.871,,,777,,,,
16-08-2020 20:40:35.001,,,,,,18.8235294117647,
16-08-2020 20:40:35.146,,-0.625294117647059,,,36.4705882352941,,
16-08-2020 20:40:35.296,,,,0.999424,,,
16-08-2020 20:40:35.460,,,778,,,,
16-08-2020 20:40:35.597,,,,,,18.8235294117647,
16-08-2020 20:40:35.734,,-0.625294117647059,,,36.4705882352941,,
16-08-2020 20:40:35.865,,,,0.999424,,,
16-08-2020 20:40:36.003,,,782,,,,
16-08-2020 20:40:36.149,,,,,,18.8235294117647,
16-08-2020 20:40:36.276,,-0.625294117647059,,,36.4705882352941,,
16-08-2020 20:40:36.416,,,,0.999424,,,
16-08-2020 20:40:36.552,,,784,,,,
16-08-2020 20:40:36.693,,,,,,18.8235294117647,
16-08-2020 20:40:36.824,,-0.625294117647059,,,36.4705882352941,,
16-08-2020 20:40:36.973,,,,0.999424,,,
16-08-2020 20:40:37.095,,,780,,,,
16-08-2020 20:40:37.234,,,,,,18.8235294117647,
16-08-2020 20:40:37.466,,-0.625294117647059,,,36.4705882352941,,
16-08-2020 20:40:37.689,,,,0.999424,,,
16-08-2020 20:40:37.913,,,775,,,,
16-08-2020 20:40:38.135,,,,,,18.8235294117647,
16-08-2020 20:40:38.368,,-0.613529411764706,,,37.6470588235294,,
16-08-2020 20:40:38.667,,,,0.999424,,,
16-08-2020 20:40:38.869,,,782,,,,
16-08-2020 20:40:39.018,,,,,,18.8235294117647,
16-08-2020 20:40:39.161,,-0.625294117647059,,,36.4705882352941,,
16-08-2020 20:40:39.295,,,,0.999424,,,
16-08-2020 20:40:39.429,,,779,,,,
16-08-2020 20:40:39.572,,,,,,18.8235294117647,
16-08-2020 20:40:39.704,,-0.625294117647059,,,36.4705882352941,,
16-08-2020 20:40:39.853,,,,0.999424,,,
16-08-2020 20:40:39.986,,,783,,,,
16-08-2020 20:40:40.127,,,,,,18.8235294117647,
16-08-2020 20:40:40.261,,-0.625294117647059,,,36.4705882352941,,
16-08-2020 20:40:40.409,,,,0.999424,,,
16-08-2020 20:40:40.545,,,778,,,,
16-08-2020 20:40:40.684,,,,,,18.8235294117647,
16-08-2020 20:40:40.837,,-0.625294117647059,,,36.4705882352941,,
16-08-2020 20:40:40.984,,,,0.999424,,,
16-08-2020 20:40:41.111,,,775,,,,
16-08-2020 20:40:41.308,,,,,,18.8235294117647,
16-08-2020 20:40:41.515,,-0.625294117647059,,,36.4705882352941,,
16-08-2020 20:40:41.816,,,,0.999424,,,
16-08-2020 20:40:42.123,,,778,,,,
16-08-2020 20:40:42.425,,,,,,18.8235294117647,
16-08-2020 20:40:42.651,,-0.637058823529412,,,35.2941176470588,,
16-08-2020 20:40:42.859,,,,0.999424,,,
16-08-2020 20:40:43.009,,,780,,,,
16-08-2020 20:40:43.134,,,,,,18.8235294117647,
16-08-2020 20:40:43.280,,-0.637058823529412,,,35.2941176470588,,
16-08-2020 20:40:43.407,,,,0.999424,,,
16-08-2020 20:40:43.551,,,778,,,,
16-08-2020 20:40:43.694,,,,,,18.8235294117647,
16-08-2020 20:40:43.830,,-0.625294117647059,,,36.4705882352941,,
16-08-2020 20:40:43.993,,,,0.999424,,,
16-08-2020 20:40:44.121,,,776,,,,
16-08-2020 20:40:44.264,,,,,,18.8235294117647,
16-08-2020 20:40:44.400,,-0.625294117647059,,,36.4705882352941,,
16-08-2020 20:40:44.549,,,,0.999424,,,
16-08-2020 20:40:44.682,,,785,,,,
16-08-2020 20:40:44.833,,,,,,18.8235294117647,
16-08-2020 20:40:44.974,,-0.637058823529412,,,35.2941176470588,,
16-08-2020 20:40:45.105,,,,0.999424,,,
16-08-2020 20:40:45.254,,,781,,,,
16-08-2020 20:40:45.412,,,,,,18.8235294117647,
16-08-2020 20:40:45.635,,-0.637058823529412,,,35.2941176470588,,
16-08-2020 20:40:45.938,,,,0.999424,,,
16-08-2020 20:40:46.169,,,775,,,,
16-08-2020 20:40:46.392,,,,,,18.8235294117647,
16-08-2020 20:40:46.616,,-0.625294117647059,,,36.4705882352941,,
16-08-2020 20:40:46.837,,,,0.999424,,,
16-08-2020 20:40:47.035,,,776,,,,
16-08-2020 20:40:47.169,,,,,,18.8235294117647,
16-08-2020 20:40:47.314,,-0.625294117647059,,,36.4705882352941,,
16-08-2020 20:40:47.449,,,,0.999424,,,
16-08-2020 20:40:47.632,,,783,,,,
16-08-2020 20:40:47.752,,,,,,18.8235294117647,
16-08-2020 20:40:47.897,,-0.625294117647059,,,36.4705882352941,,
16-08-2020 20:40:48.027,,,,0.999424,,,
16-08-2020 20:40:48.174,,,778,,,,
16-08-2020 20:40:48.304,,,,,,18.8235294117647,
16-08-2020 20:40:48.452,,-0.625294117647059,,,36.4705882352941,,
16-08-2020 20:40:48.598,,,,0.999424,,,
16-08-2020 20:40:48.728,,,775,,,,
16-08-2020 20:40:48.904,,,,,,18.8235294117647,
16-08-2020 20:40:49.051,,-0.637058823529412,,,35.2941176470588,,
16-08-2020 20:40:49.180,,,,0.999424,,,
16-08-2020 20:40:49.332,,,779,,,,
16-08-2020 20:40:49.509,,,,,,18.8235294117647,
16-08-2020 20:40:49.786,,-0.613529411764706,,,37.6470588235294,,
16-08-2020 20:40:50.010,,,,0.999424,,,
16-08-2020 20:40:50.311,,,780,,,,
16-08-2020 20:40:50.535,,,,,,18.8235294117647,
16-08-2020 20:40:50.765,,-0.637058823529412,,,35.2941176470588,,
16-08-2020 20:40:50.987,,,,0.999424,,,
16-08-2020 20:40:51.116,,,779,,,,
16-08-2020 20:40:51.258,,,,,,18.8235294117647,
16-08-2020 20:40:51.378,,-0.637058823529412,,,35.2941176470588,,
16-08-2020 20:40:51.524,,,,0.999424,,,
16-08-2020 20:40:51.661,,,777,,,,
16-08-2020 20:40:51.819,,,,,,18.8235294117647,
16-08-2020 20:40:51.968,,-0.637058823529412,,,35.2941176470588,,
16-08-2020 20:40:52.112,,,,0.999424,,,
16-08-2020 20:40:52.246,,,776,,,,
16-08-2020 20:40:52.391,,,,,,18.8235294117647,
16-08-2020 20:40:52.522,,-0.613529411764706,,,37.6470588235294,,
16-08-2020 20:40:52.659,,,,0.999424,,,
16-08-2020 20:40:52.805,,,782,,,,
16-08-2020 20:40:52.952,,,,,,18.8235294117647,
16-08-2020 20:40:53.074,,-0.625294117647059,,,36.4705882352941,,
16-08-2020 20:40:53.230,,,,0.999424,,,
16-08-2020 20:40:53.384,,,779,,,,
16-08-2020 20:40:53.530,,,,,,18.8235294117647,
16-08-2020 20:40:53.685,,-0.637058823529412,,,35.2941176470588,,
16-08-2020 20:40:53.908,,,,0.999424,,,
16-08-2020 20:40:54.129,,,782,,,,
16-08-2020 20:40:54.353,,,,,,18.8235294117647,
16-08-2020 20:40:54.584,,-0.625294117647059,,,36.4705882352941,,
16-08-2020 20:40:54.810,,,,0.999424,,,
16-08-2020 20:40:55.033,,,776,,,,
16-08-2020 20:40:55.219,,,,,,18.8235294117647,
16-08-2020 20:40:55.352,,-0.625294117647059,,,36.4705882352941,,
16-08-2020 20:40:55.480,,,,0.999424,,,
16-08-2020 20:40:55.626,,,762,,,,
16-08-2020 20:40:55.767,,,,,,18.0392156862745,
16-08-2020 20:40:55.896,,-0.613529411764706,,,37.6470588235294,,
16-08-2020 20:40:56.024,,,,0.999424,,,
16-08-2020 20:40:56.175,,,755,,,,
16-08-2020 20:40:56.316,,,,,,18.8235294117647,
16-08-2020 20:40:56.455,,-0.613529411764706,,,37.6470588235294,,
16-08-2020 20:40:56.599,,,,0.999424,,,
16-08-2020 20:40:56.720,,,768,,,,
16-08-2020 20:40:56.863,,,,,,41.5686274509804,
16-08-2020 20:40:56.991,,-0.354705882352941,,,63.5294117647059,,
16-08-2020 20:40:57.133,,,,0.999424,,,
16-08-2020 20:40:57.252,,,1177,,,,
16-08-2020 20:40:57.410,,,,,,40,
16-08-2020 20:40:57.544,,-0.0723529411764706,,,91.7647058823529,,
16-08-2020 20:40:57.759,,,,0.999424,,,
16-08-2020 20:40:57.973,,,1131,,,,
16-08-2020 20:40:58.205,,,,,,34.1176470588235,
16-08-2020 20:40:58.431,,-0.260588235294118,,,72.9411764705882,,
16-08-2020 20:40:58.653,,,,0.999424,,,
16-08-2020 20:40:58.874,,,1036,,,,
16-08-2020 20:40:59.108,,,,,,36.078431372549,
16-08-2020 20:40:59.318,,-0.237058823529412,,,75.2941176470588,,
16-08-2020 20:40:59.464,,,,0.999424,,,
16-08-2020 20:40:59.607,,,1196,,,,
16-08-2020 20:40:59.736,,,,,,32.5490196078431,
16-08-2020 20:40:59.876,,-0.319411764705882,,,67.0588235294118,,
16-08-2020 20:41:00.015,,,,0.999424,,,
16-08-2020 20:41:00.157,,,1525,,,,
16-08-2020 20:41:00.304,,,,,,48.6274509803922,
16-08-2020 20:41:00.435,,-0.0017647058823529,,,98.8235294117647,,
16-08-2020 20:41:00.575,,,,0.999424,,,
16-08-2020 20:41:00.708,,,1947,,,,
16-08-2020 20:41:00.851,,,,,,54.9019607843137,
16-08-2020 20:41:00.985,,-0.178235294117647,,,81.1764705882353,,
16-08-2020 20:41:01.130,,,,0.999424,,,
16-08-2020 20:41:01.262,,,2019,,,,
16-08-2020 20:41:01.406,,,,,,22.3529411764706,
16-08-2020 20:41:01.573,,-0.0017647058823529,,,98.8235294117647,,
16-08-2020 20:41:01.733,,,,0.999424,,,
16-08-2020 20:41:02.085,,,1442,,,,
16-08-2020 20:41:02.553,,,,,,26.6666666666667,
16-08-2020 20:41:02.891,,-0.660588235294118,,,32.9411764705882,,
16-08-2020 20:41:03.118,,,,0.999424,,,
16-08-2020 20:41:03.313,,,1610,,,,
16-08-2020 20:41:03.446,,,,,,21.9607843137255,
16-08-2020 20:41:03.589,,-0.719411764705882,,,27.0588235294118,,
16-08-2020 20:41:03.709,,,,0.999424,,,
16-08-2020 20:41:03.931,,,1552,,,,
16-08-2020 20:41:04.153,,,,,,21.5686274509804,
16-08-2020 20:41:04.375,,-0.695882352941177,,,29.4117647058824,,
16-08-2020 20:41:04.598,,,,0.999424,,,
16-08-2020 20:41:04.832,,,1475,,,,
16-08-2020 20:41:05.055,,,,,,21.5686274509804,
16-08-2020 20:41:05.393,,-0.684117647058823,,,30.5882352941176,,
16-08-2020 20:41:05.549,,,,0.999424,,,
16-08-2020 20:41:05.679,,,1379,,,,
16-08-2020 20:41:05.824,,,,,,25.4901960784314,
16-08-2020 20:41:06.129,,-0.531176470588235,,,45.8823529411765,,
16-08-2020 20:41:06.354,,,,0.999424,,,
16-08-2020 20:41:06.653,,,1492,,,,
16-08-2020 20:41:06.875,,,,,,49.0196078431373,
16-08-2020 20:41:07.104,,0.021764705882353,,,101.176470588235,,
16-08-2020 20:41:07.330,,,,0.999424,,,
16-08-2020 20:41:07.524,,,1749,,,,
16-08-2020 20:41:07.684,,,,,,41.9607843137255,
16-08-2020 20:41:07.838,,-0.0488235294117646,,,94.1176470588235,,
16-08-2020 20:41:07.994,,,,0.999424,,,
16-08-2020 20:41:08.143,,,1893,,,,
16-08-2020 20:41:08.292,,,,,,38.0392156862745,
16-08-2020 20:41:08.429,,-0.178235294117647,,,81.1764705882353,,
16-08-2020 20:41:08.573,,,,0.999424,,,
16-08-2020 20:41:08.695,,,1987,,,,
16-08-2020 20:41:08.836,,,,,,30.9803921568627,
16-08-2020 20:41:08.969,,-0.354705882352941,,,63.5294117647059,,
16-08-2020 20:41:09.116,,,,0.999424,,,
16-08-2020 20:41:09.276,,,2011,,,,
16-08-2020 20:41:09.415,,,,,,22.3529411764706,
16-08-2020 20:41:09.546,,-0.719411764705882,,,27.0588235294118,,
16-08-2020 20:41:09.690,,,,0.999424,,,
16-08-2020 20:41:09.834,,,1978,,,,
16-08-2020 20:41:10.007,,,,,,23.1372549019608,
16-08-2020 20:41:10.232,,-0.754705882352941,,,23.5294117647059,,
16-08-2020 20:41:10.457,,,,0.999424,,,
16-08-2020 20:41:10.678,,,1961,,,,
16-08-2020 20:41:10.911,,,,,,23.921568627451,
16-08-2020 20:41:11.132,,-0.742941176470588,,,24.7058823529412,,
16-08-2020 20:41:11.356,,,,0.999424,,,
16-08-2020 20:41:11.551,,,1924,,,,
16-08-2020 20:41:11.702,,,,,,23.921568627451,
16-08-2020 20:41:11.850,,-0.742941176470588,,,24.7058823529412,,
16-08-2020 20:41:11.984,,,,0.999424,,,
16-08-2020 20:41:12.130,,,1907,,,,
16-08-2020 20:41:12.263,,,,,,24.3137254901961,
16-08-2020 20:41:12.404,,-0.731176470588235,,,25.8823529411765,,
16-08-2020 20:41:12.550,,,,0.999424,,,
16-08-2020 20:41:12.688,,,1881,,,,
16-08-2020 20:41:12.827,,,,,,25.8823529411765,
16-08-2020 20:41:12.984,,-0.695882352941177,,,29.4117647058824,,
16-08-2020 20:41:13.110,,,,0.999424,,,
16-08-2020 20:41:13.256,,,1875,,,,
16-08-2020 20:41:13.384,,,,,,28.2352941176471,
16-08-2020 20:41:13.532,,-0.637058823529412,,,35.2941176470588,,
16-08-2020 20:41:13.669,,,,0.999424,,,
16-08-2020 20:41:13.806,,,1880,,,,
16-08-2020 20:41:13.950,,,,,,31.7647058823529,
16-08-2020 20:41:14.150,,-0.495882352941176,,,49.4117647058824,,
16-08-2020 20:41:14.448,,,,0.999424,,,
16-08-2020 20:41:14.748,,,1912,,,,
16-08-2020 20:41:15.050,,,,,,34.5098039215686,
16-08-2020 20:41:15.275,,-0.39,,,60,,
16-08-2020 20:41:15.495,,,,0.999424,,,
16-08-2020 20:41:15.690,,,1985,,,,
16-08-2020 20:41:15.824,,,,,,29.8039215686275,
16-08-2020 20:41:15.970,,-0.59,,,40,,
16-08-2020 20:41:16.100,,,,0.999424,,,
16-08-2020 20:41:16.249,,,2009,,,,
16-08-2020 20:41:16.372,,,,,,34.1176470588235,
16-08-2020 20:41:16.520,,-0.378235294117647,,,61.1764705882353,,
16-08-2020 20:41:16.664,,,,0.999424,,,
16-08-2020 20:41:16.813,,,2041,,,,
16-08-2020 20:41:16.940,,,,,,25.8823529411765,
16-08-2020 20:41:17.084,,-0.507647058823529,,,48.2352941176471,,
16-08-2020 20:41:17.218,,,,0.999424,,,
16-08-2020 20:41:17.371,,,1819,,,,
16-08-2020 20:41:17.530,,,,,,40.3921568627451,
16-08-2020 20:41:17.674,,-0.119411764705882,,,87.0588235294118,,
16-08-2020 20:41:17.806,,,,0.999424,,,
16-08-2020 20:41:17.954,,,1480,,,,
16-08-2020 20:41:18.078,,,,,,47.843137254902,
16-08-2020 20:41:18.254,,0.01,,,100,,
16-08-2020 20:41:18.488,,,,0.999424,,,
16-08-2020 20:41:18.711,,,1566,,,,
16-08-2020 20:41:18.934,,,,,,41.1764705882353,
16-08-2020 20:41:19.162,,-0.0488235294117646,,,94.1176470588235,,
16-08-2020 20:41:19.386,,,,0.999424,,,
16-08-2020 20:41:19.611,,,1670,,,,
16-08-2020 20:41:19.812,,,,,,40.7843137254902,
16-08-2020 20:41:19.960,,-0.0841176470588235,,,90.5882352941177,,
16-08-2020 20:41:20.083,,,,0.999424,,,
16-08-2020 20:41:20.228,,,1717,,,,
16-08-2020 20:41:20.386,,,,,,36.4705882352941,
16-08-2020 20:41:20.535,,-0.166470588235294,,,82.3529411764706,,
16-08-2020 20:41:20.674,,,,0.999424,,,
16-08-2020 20:41:20.795,,,1753,,,,
16-08-2020 20:41:20.931,,,,,,36.8627450980392,
16-08-2020 20:41:21.074,,-0.19,,,80,,
16-08-2020 20:41:21.208,,,,0.999424,,,
16-08-2020 20:41:21.354,,,1785,,,,
16-08-2020 20:41:21.502,,,,,,41.1764705882353,
16-08-2020 20:41:21.633,,-0.0605882352941177,,,92.9411764705882,,
16-08-2020 20:41:21.780,,,,0.999424,,,
16-08-2020 20:41:21.927,,,1832,,,,
16-08-2020 20:41:22.063,,,,,,40.7843137254902,
16-08-2020 20:41:22.211,,-0.0605882352941177,,,92.9411764705882,,
16-08-2020 20:41:22.426,,,,0.999424,,,
16-08-2020 20:41:22.649,,,1886,,,,
16-08-2020 20:41:22.873,,,,,,40.3921568627451,
16-08-2020 20:41:23.097,,-0.119411764705882,,,87.0588235294118,,
16-08-2020 20:41:23.328,,,,0.999424,,,
16-08-2020 20:41:23.553,,,1941,,,,
16-08-2020 20:41:23.749,,,,,,36.4705882352941,
16-08-2020 20:41:23.898,,-0.225294117647059,,,76.4705882352941,,
16-08-2020 20:41:24.034,,,,0.999424,,,
16-08-2020 20:41:24.174,,,1980,,,,
16-08-2020 20:41:24.298,,,,,,38.0392156862745,
16-08-2020 20:41:24.435,,-0.19,,,80,,
16-08-2020 20:41:24.560,,,,0.999424,,,
16-08-2020 20:41:24.693,,,2002,,,,
16-08-2020 20:41:24.834,,,,,,37.6470588235294,
16-08-2020 20:41:24.981,,-0.237058823529412,,,75.2941176470588,,
16-08-2020 20:41:25.121,,,,0.999424,,,
16-08-2020 20:41:25.264,,,2039,,,,
16-08-2020 20:41:25.422,,,,,,32.9411764705882,
16-08-2020 20:41:25.569,,-0.354705882352941,,,63.5294117647059,,
16-08-2020 20:41:25.706,,,,0.999424,,,
16-08-2020 20:41:25.857,,,2044,,,,
16-08-2020 20:41:26.022,,,,,,32.156862745098,
16-08-2020 20:41:26.166,,-0.448823529411765,,,54.1176470588235,,
16-08-2020 20:41:26.300,,,,0.999424,,,
16-08-2020 20:41:26.589,,,2050,,,,
16-08-2020 20:41:26.888,,,,,,29.0196078431373,
16-08-2020 20:41:27.113,,-0.648823529411765,,,34.1176470588235,,
16-08-2020 20:41:27.335,,,,0.999424,,,
16-08-2020 20:41:27.565,,,2049,,,,
16-08-2020 20:41:27.790,,,,,,26.2745098039216,
16-08-2020 20:41:27.949,,-0.707647058823529,,,28.2352941176471,,
16-08-2020 20:41:28.085,,,,0.999424,,,
16-08-2020 20:41:28.223,,,2034,,,,
16-08-2020 20:41:28.365,,,,,,25.4901960784314,
16-08-2020 20:41:28.491,,-0.719411764705882,,,27.0588235294118,,
16-08-2020 20:41:28.633,,,,0.999424,,,
16-08-2020 20:41:28.765,,,2026,,,,
16-08-2020 20:41:28.910,,,,,,26.2745098039216,
16-08-2020 20:41:29.055,,-0.707647058823529,,,28.2352941176471,,
16-08-2020 20:41:29.185,,,,0.999424,,,
16-08-2020 20:41:29.335,,,2012,,,,
16-08-2020 20:41:29.471,,,,,,27.0588235294118,
16-08-2020 20:41:29.615,,-0.695882352941177,,,29.4117647058824,,
16-08-2020 20:41:29.743,,,,0.999424,,,
16-08-2020 20:41:29.888,,,2008,,,,
16-08-2020 20:41:30.019,,,,,,25.8823529411765,
16-08-2020 20:41:30.167,,-0.707647058823529,,,28.2352941176471,,
16-08-2020 20:41:30.311,,,,0.999424,,,
16-08-2020 20:41:30.447,,,1995,,,,
16-08-2020 20:41:30.650,,,,,,27.0588235294118,
16-08-2020 20:41:30.876,,-0.695882352941177,,,29.4117647058824,,
16-08-2020 20:41:31.099,,,,0.999424,,,
16-08-2020 20:41:31.328,,,1973,,,,
16-08-2020 20:41:31.551,,,,,,27.4509803921569,
16-08-2020 20:41:31.777,,-0.684117647058823,,,30.5882352941176,,
16-08-2020 20:41:31.983,,,,0.999424,,,
16-08-2020 20:41:32.127,,,1974,,,,
16-08-2020 20:41:32.295,,,,,,26.2745098039216,
16-08-2020 20:41:32.438,,-0.707647058823529,,,28.2352941176471,,
16-08-2020 20:41:32.568,,,,0.999424,,,
16-08-2020 20:41:32.725,,,1968,,,,
16-08-2020 20:41:32.870,,,,,,26.2745098039216,
16-08-2020 20:41:33.002,,-0.695882352941177,,,29.4117647058824,,
16-08-2020 20:41:33.154,,,,0.999424,,,
16-08-2020 20:41:33.299,,,1958,,,,
16-08-2020 20:41:33.432,,,,,,26.2745098039216,
16-08-2020 20:41:33.572,,-0.695882352941177,,,29.4117647058824,,
16-08-2020 20:41:33.702,,,,0.999424,,,
16-08-2020 20:41:33.843,,,1950,,,,
16-08-2020 20:41:33.973,,,,,,27.843137254902,
16-08-2020 20:41:34.118,,-0.672352941176471,,,31.7647058823529,,
16-08-2020 20:41:34.241,,,,0.999424,,,
16-08-2020 20:41:34.384,,,1952,,,,
16-08-2020 20:41:34.575,,,,,,27.4509803921569,
16-08-2020 20:41:34.808,,-0.672352941176471,,,31.7647058823529,,
16-08-2020 20:41:35.029,,,,0.999424,,,
16-08-2020 20:41:35.255,,,1938,,,,
16-08-2020 20:41:35.477,,,,,,29.8039215686275,
16-08-2020 20:41:35.707,,-0.59,,,40,,
16-08-2020 20:41:35.933,,,,0.999424,,,
16-08-2020 20:41:36.133,,,1940,,,,
16-08-2020 20:41:36.284,,,,,,29.8039215686275,
16-08-2020 20:41:36.432,,-0.566470588235294,,,42.3529411764706,,
16-08-2020 20:41:36.562,,,,0.999424,,,
16-08-2020 20:41:36.714,,,1949,,,,
16-08-2020 20:41:36.860,,,,,,33.3333333333333,
16-08-2020 20:41:37.011,,-0.39,,,60,,
16-08-2020 20:41:37.141,,,,0.999424,,,
16-08-2020 20:41:37.286,,,1965,,,,
16-08-2020 20:41:37.425,,,,,,37.6470588235294,
16-08-2020 20:41:37.563,,-0.248823529411765,,,74.1176470588235,,
16-08-2020 20:41:37.706,,,,0.999424,,,
16-08-2020 20:41:37.841,,,1988,,,,
16-08-2020 20:41:37.986,,,,,,37.6470588235294,
16-08-2020 20:41:38.119,,-0.248823529411765,,,74.1176470588235,,
16-08-2020 20:41:38.264,,,,0.999424,,,
16-08-2020 20:41:38.416,,,2013,,,,
16-08-2020 20:41:38.573,,,,,,37.2549019607843,
16-08-2020 20:41:38.792,,-0.237058823529412,,,75.2941176470588,,
16-08-2020 20:41:39.015,,,,0.999424,,,
16-08-2020 20:41:39.239,,,2045,,,,
16-08-2020 20:41:39.468,,,,,,26.2745098039216,
16-08-2020 20:41:39.692,,-0.672352941176471,,,31.7647058823529,,
16-08-2020 20:41:39.918,,,,0.999424,,,
16-08-2020 20:41:40.150,,,2050,,,,
16-08-2020 20:41:40.281,,,,,,26.6666666666667,
16-08-2020 20:41:40.431,,-0.707647058823529,,,28.2352941176471,,
16-08-2020 20:41:40.575,,,,0.999424,,,
16-08-2020 20:41:40.705,,,2027,,,,
16-08-2020 20:41:40.852,,,,,,25.4901960784314,
16-08-2020 20:41:40.983,,-0.719411764705882,,,27.0588235294118,,
16-08-2020 20:41:41.131,,,,0.999424,,,
16-08-2020 20:41:41.255,,,2007,,,,
16-08-2020 20:41:41.392,,,,,,24.7058823529412,
16-08-2020 20:41:41.535,,-0.731176470588235,,,25.8823529411765,,
16-08-2020 20:41:41.670,,,,0.999424,,,
16-08-2020 20:41:41.831,,,2015,,,,
16-08-2020 20:41:41.954,,,,,,25.0980392156863,
16-08-2020 20:41:42.092,,-0.731176470588235,,,25.8823529411765,,
16-08-2020 20:41:42.226,,,,0.999424,,,
16-08-2020 20:41:42.373,,,2001,,,,
16-08-2020 20:41:42.494,,,,,,24.7058823529412,
16-08-2020 20:41:42.778,,-0.731176470588235,,,25.8823529411765,,
16-08-2020 20:41:43.009,,,,0.999424,,,
16-08-2020 20:41:43.234,,,2001,,,,
16-08-2020 20:41:43.458,,,,,,28.6274509803922,
16-08-2020 20:41:43.686,,-0.660588235294118,,,32.9411764705882,,
16-08-2020 20:41:43.988,,,,0.999424,,,
16-08-2020 20:41:44.212,,,1973,,,,
16-08-2020 20:41:44.435,,,,,,27.843137254902,
16-08-2020 20:41:44.638,,-0.719411764705882,,,27.0588235294118,,
16-08-2020 20:41:44.795,,,,0.999424,,,
16-08-2020 20:41:44.949,,,1969,,,,
16-08-2020 20:41:45.102,,,,,,25.0980392156863,
16-08-2020 20:41:45.255,,-0.731176470588235,,,25.8823529411765,,
16-08-2020 20:41:45.391,,,,0.999424,,,
16-08-2020 20:41:45.535,,,1944,,,,
16-08-2020 20:41:45.682,,,,,,24.7058823529412,
16-08-2020 20:41:45.826,,-0.719411764705882,,,27.0588235294118,,
16-08-2020 20:41:45.964,,,,0.999424,,,
16-08-2020 20:41:46.120,,,1938,,,,
16-08-2020 20:41:46.262,,,,,,24.7058823529412,
16-08-2020 20:41:46.395,,-0.731176470588235,,,25.8823529411765,,
16-08-2020 20:41:46.539,,,,0.999424,,,
16-08-2020 20:41:46.661,,,1746,,,,
16-08-2020 20:41:46.832,,,,,,23.1372549019608,
16-08-2020 20:41:47.034,,-0.695882352941177,,,29.4117647058824,,
16-08-2020 20:41:47.255,,,,0.999424,,,
16-08-2020 20:41:47.492,,,1276,,,,
16-08-2020 20:41:47.712,,,,,,20.7843137254902,
16-08-2020 20:41:47.937,,-0.672352941176471,,,31.7647058823529,,
16-08-2020 20:41:48.234,,,,0.999424,,,
16-08-2020 20:41:48.406,,,967,,,,
16-08-2020 20:41:48.556,,,,,,22.7450980392157,
16-08-2020 20:41:48.679,,-0.566470588235294,,,42.3529411764706,,
16-08-2020 20:41:48.816,,,,0.999424,,,
16-08-2020 20:41:48.968,,,956,,,,
16-08-2020 20:41:49.097,,,,,,22.3529411764706,
16-08-2020 20:41:49.238,,-0.566470588235294,,,42.3529411764706,,
16-08-2020 20:41:49.373,,,,0.999424,,,
16-08-2020 20:41:49.515,,,971,,,,
16-08-2020 20:41:49.657,,,,,,21.5686274509804,
16-08-2020 20:41:49.782,,-0.578235294117647,,,41.1764705882353,,
16-08-2020 20:41:49.930,,,,0.999424,,,
16-08-2020 20:41:50.057,,,958,,,,
16-08-2020 20:41:50.224,,,,,,21.1764705882353,
16-08-2020 20:41:50.365,,-0.601764705882353,,,38.8235294117647,,
16-08-2020 20:41:50.508,,,,0.999424,,,
16-08-2020 20:41:50.642,,,949,,,,
16-08-2020 20:41:50.794,,,,,,20.7843137254902,
16-08-2020 20:41:51.015,,-0.601764705882353,,,38.8235294117647,,
16-08-2020 20:41:51.314,,,,0.999424,,,
16-08-2020 20:41:51.546,,,1070,,,,
16-08-2020 20:41:51.772,,,,,,27.0588235294118,
16-08-2020 20:41:51.994,,-0.613529411764706,,,37.6470588235294,,
16-08-2020 20:41:52.218,,,,0.999424,,,
16-08-2020 20:41:52.448,,,2034,,,,
16-08-2020 20:41:52.593,,,,,,24.3137254901961,
16-08-2020 20:41:52.726,,-0.707647058823529,,,28.2352941176471,,
16-08-2020 20:41:52.902,,,,0.999424,,,
16-08-2020 20:41:53.030,,,1968,,,,
16-08-2020 20:41:53.178,,,,,,23.5294117647059,
16-08-2020 20:41:53.301,,-0.731176470588235,,,25.8823529411765,,
16-08-2020 20:41:53.460,,,,0.999424,,,
16-08-2020 20:41:53.611,,,1783,,,,
16-08-2020 20:41:53.758,,,,,,22.7450980392157,
16-08-2020 20:41:53.881,,-0.719411764705882,,,27.0588235294118,,
16-08-2020 20:41:54.050,,,,0.999424,,,
16-08-2020 20:41:54.196,,,1560,,,,
16-08-2020 20:41:54.340,,,,,,21.5686274509804,
16-08-2020 20:41:54.484,,-0.707647058823529,,,28.2352941176471,,
16-08-2020 20:41:54.623,,,,0.999424,,,
16-08-2020 20:41:54.774,,,1340,,,,
16-08-2020 20:41:54.897,,,,,,20.7843137254902,
16-08-2020 20:41:55.045,,-0.695882352941177,,,29.4117647058824,,
16-08-2020 20:41:55.345,,,,0.999424,,,
16-08-2020 20:41:55.573,,,1219,,,,
16-08-2020 20:41:55.792,,,,,,20,
16-08-2020 20:41:56.017,,-0.695882352941177,,,29.4117647058824,,
16-08-2020 20:41:56.249,,,,0.999424,,,
16-08-2020 20:41:56.506,,,1116,,,,
16-08-2020 20:41:56.659,,,,,,20,
16-08-2020 20:41:56.784,,-0.684117647058823,,,30.5882352941176,,
16-08-2020 20:41:56.935,,,,0.999424,,,
16-08-2020 20:41:57.070,,,1101,,,,
16-08-2020 20:41:57.217,,,,,,19.6078431372549,
16-08-2020 20:41:57.357,,-0.695882352941177,,,29.4117647058824,,
16-08-2020 20:41:57.495,,,,0.999424,,,
16-08-2020 20:41:57.618,,,1015,,,,
16-08-2020 20:41:57.766,,,,,,20.7843137254902,
16-08-2020 20:41:57.891,,-0.660588235294118,,,32.9411764705882,,
16-08-2020 20:41:58.034,,,,0.999424,,,
16-08-2020 20:41:58.167,,,974,,,,
16-08-2020 20:41:58.314,,,,,,20.7843137254902,
16-08-2020 20:41:58.445,,-0.660588235294118,,,32.9411764705882,,
16-08-2020 20:41:58.586,,,,0.999424,,,
16-08-2020 20:41:58.729,,,961,,,,
16-08-2020 20:41:58.865,,,,,,20.7843137254902,
16-08-2020 20:41:59.013,,-0.637058823529412,,,35.2941176470588,,
16-08-2020 20:41:59.190,,,,0.999424,,,
16-08-2020 20:41:59.416,,,932,,,,
16-08-2020 20:41:59.647,,,,,,31.3725490196078,
16-08-2020 20:41:59.873,,-0.284117647058823,,,70.5882352941177,,
16-08-2020 20:42:00.172,,,,0.999424,,,
16-08-2020 20:42:00.468,,,985,,,,
16-08-2020 20:42:00.661,,,,,,36.078431372549,
16-08-2020 20:42:00.782,,-0.131176470588235,,,85.8823529411765,,
16-08-2020 20:42:00.925,,,,0.999424,,,
16-08-2020 20:42:01.059,,,1043,,,,
16-08-2020 20:42:01.203,,,,,,33.3333333333333,
16-08-2020 20:42:01.348,,-0.260588235294118,,,72.9411764705882,,
16-08-2020 20:42:01.482,,,,0.999424,,,
16-08-2020 20:42:01.617,,,1133,,,,
16-08-2020 20:42:01.763,,,,,,36.078431372549,
16-08-2020 20:42:01.899,,-0.237058823529412,,,75.2941176470588,,
16-08-2020 20:42:02.047,,,,0.999424,,,
16-08-2020 20:42:02.179,,,1239,,,,
16-08-2020 20:42:02.325,,,,,,37.2549019607843,
16-08-2020 20:42:02.478,,-0.213529411764706,,,77.6470588235294,,
16-08-2020 20:42:02.599,,,,0.999424,,,
16-08-2020 20:42:02.741,,,1325,,,,
16-08-2020 20:42:02.890,,,,,,38.4313725490196,
16-08-2020 20:42:03.016,,-0.237058823529412,,,75.2941176470588,,
16-08-2020 20:42:03.204,,,,0.999424,,,
16-08-2020 20:42:03.430,,,1465,,,,
16-08-2020 20:42:03.649,,,,,,34.9019607843137,
16-08-2020 20:42:03.875,,-0.272352941176471,,,71.7647058823529,,
16-08-2020 20:42:04.108,,,,0.999424,,,
16-08-2020 20:42:04.328,,,1575,,,,
16-08-2020 20:42:04.556,,,,,,28.2352941176471,
16-08-2020 20:42:04.767,,-0.484117647058823,,,50.5882352941177,,
16-08-2020 20:42:04.912,,,,0.999424,,,
16-08-2020 20:42:05.034,,,1611,,,,
16-08-2020 20:42:05.181,,,,,,28.6274509803922,
16-08-2020 20:42:05.329,,-0.531176470588235,,,45.8823529411765,,
16-08-2020 20:42:05.462,,,,0.999424,,,
16-08-2020 20:42:05.602,,,1628,,,,
16-08-2020 20:42:05.742,,,,,,21.9607843137255,
16-08-2020 20:42:05.876,,-0.707647058823529,,,28.2352941176471,,
16-08-2020 20:42:06.007,,,,0.999424,,,
16-08-2020 20:42:06.153,,,1636,,,,
16-08-2020 20:42:06.282,,,,,,22.3529411764706,
16-08-2020 20:42:06.421,,-0.719411764705882,,,27.0588235294118,,
16-08-2020 20:42:06.565,,,,0.999424,,,
16-08-2020 20:42:06.705,,,1549,,,,
16-08-2020 20:42:06.859,,,,,,22.3529411764706,
16-08-2020 20:42:06.997,,-0.719411764705882,,,27.0588235294118,,
16-08-2020 20:42:07.135,,,,0.999424,,,
16-08-2020 20:42:07.301,,,1505,,,,
16-08-2020 20:42:07.585,,,,,,21.9607843137255,
16-08-2020 20:42:07.809,,-0.695882352941177,,,29.4117647058824,,
16-08-2020 20:42:08.034,,,,0.999424,,,
16-08-2020 20:42:08.259,,,1426,,,,
16-08-2020 20:42:08.490,,,,,,25.0980392156863,
16-08-2020 20:42:08.711,,-0.625294117647059,,,36.4705882352941,,
16-08-2020 20:42:08.879,,,,0.999424,,,
16-08-2020 20:42:09.016,,,1420,,,,
16-08-2020 20:42:09.153,,,,,,25.8823529411765,
16-08-2020 20:42:09.302,,-0.59,,,40,,
16-08-2020 20:42:09.437,,,,0.999424,,,
16-08-2020 20:42:09.586,,,1426,,,,
16-08-2020 20:42:09.734,,,,,,25.8823529411765,
16-08-2020 20:42:09.859,,-0.601764705882353,,,38.8235294117647,,
16-08-2020 20:42:10.013,,,,0.999424,,,
16-08-2020 20:42:10.166,,,1436,,,,
16-08-2020 20:42:10.301,,,,,,25.8823529411765,
16-08-2020 20:42:10.446,,-0.59,,,40,,
16-08-2020 20:42:10.592,,,,0.999424,,,
16-08-2020 20:42:10.720,,,1444,,,,
16-08-2020 20:42:10.866,,,,,,25.8823529411765,
16-08-2020 20:42:11.000,,-0.59,,,40,,
16-08-2020 20:42:11.142,,,,0.999424,,,
16-08-2020 20:42:11.290,,,1458,,,,
16-08-2020 20:42:11.486,,,,,,26.2745098039216,
16-08-2020 20:42:11.713,,-0.601764705882353,,,38.8235294117647,,
16-08-2020 20:42:11.933,,,,0.999424,,,
16-08-2020 20:42:12.164,,,1470,,,,
16-08-2020 20:42:12.388,,,,,,26.2745098039216,
16-08-2020 20:42:12.613,,-0.613529411764706,,,37.6470588235294,,
16-08-2020 20:42:12.836,,,,0.999424,,,
16-08-2020 20:42:13.027,,,1487,,,,
16-08-2020 20:42:13.164,,,,,,26.2745098039216,
16-08-2020 20:42:13.317,,-0.601764705882353,,,38.8235294117647,,
16-08-2020 20:42:13.460,,,,0.999424,,,
16-08-2020 20:42:13.609,,,1493,,,,
16-08-2020 20:42:13.736,,,,,,26.2745098039216,
16-08-2020 20:42:13.880,,-0.601764705882353,,,38.8235294117647,,
16-08-2020 20:42:14.025,,,,0.999424,,,
16-08-2020 20:42:14.162,,,1498,,,,
16-08-2020 20:42:14.303,,,,,,26.2745098039216,
16-08-2020 20:42:14.432,,-0.601764705882353,,,38.8235294117647,,
16-08-2020 20:42:14.566,,,,0.999424,,,
16-08-2020 20:42:14.709,,,1507,,,,
16-08-2020 20:42:14.850,,,,,,26.2745098039216,
16-08-2020 20:42:14.965,,-0.613529411764706,,,37.6470588235294,,
16-08-2020 20:42:15.096,,,,0.999424,,,
16-08-2020 20:42:15.234,,,1515,,,,
16-08-2020 20:42:15.363,,,,,,26.2745098039216,
16-08-2020 20:42:15.509,,-0.613529411764706,,,37.6470588235294,,
16-08-2020 20:42:15.730,,,,0.999424,,,
16-08-2020 20:42:15.954,,,1522,,,,
16-08-2020 20:42:16.183,,,,,,26.2745098039216,
16-08-2020 20:42:16.407,,-0.613529411764706,,,37.6470588235294,,
16-08-2020 20:42:16.633,,,,0.999424,,,
16-08-2020 20:42:16.864,,,1536,,,,
16-08-2020 20:42:17.099,,,,,,26.2745098039216,
16-08-2020 20:42:17.237,,-0.625294117647059,,,36.4705882352941,,
16-08-2020 20:42:17.375,,,,0.999424,,,
16-08-2020 20:42:17.511,,,1548,,,,
16-08-2020 20:42:17.657,,,,,,26.6666666666667,
16-08-2020 20:42:17.779,,-0.625294117647059,,,36.4705882352941,,
16-08-2020 20:42:17.897,,,,0.999424,,,
16-08-2020 20:42:18.047,,,1546,,,,
16-08-2020 20:42:18.192,,,,,,26.2745098039216,
16-08-2020 20:42:18.323,,-0.637058823529412,,,35.2941176470588,,
16-08-2020 20:42:18.500,,,,0.999424,,,
16-08-2020 20:42:18.621,,,1565,,,,
16-08-2020 20:42:18.763,,,,,,26.2745098039216,
16-08-2020 20:42:18.899,,-0.637058823529412,,,35.2941176470588,,
16-08-2020 20:42:19.047,,,,0.999424,,,
16-08-2020 20:42:19.207,,,1570,,,,
16-08-2020 20:42:19.358,,,,,,26.6666666666667,
16-08-2020 20:42:19.481,,-0.625294117647059,,,36.4705882352941,,
16-08-2020 20:42:19.735,,,,0.999424,,,
16-08-2020 20:42:19.967,,,1571,,,,
16-08-2020 20:42:20.190,,,,,,26.6666666666667,
16-08-2020 20:42:20.412,,-0.613529411764706,,,37.6470588235294,,
16-08-2020 20:42:20.638,,,,0.999424,,,
16-08-2020 20:42:20.870,,,1592,,,,
16-08-2020 20:42:21.093,,,,,,26.6666666666667,
16-08-2020 20:42:21.257,,-0.625294117647059,,,36.4705882352941,,
16-08-2020 20:42:21.404,,,,0.999424,,,
16-08-2020 20:42:21.531,,,1592,,,,
16-08-2020 20:42:21.679,,,,,,23.1372549019608,
16-08-2020 20:42:21.827,,-0.695882352941177,,,29.4117647058824,,
16-08-2020 20:42:21.972,,,,0.999424,,,
16-08-2020 20:42:22.112,,,1604,,,,
16-08-2020 20:42:22.257,,,,,,23.1372549019608,
16-08-2020 20:42:22.391,,-0.707647058823529,,,28.2352941176471,,
16-08-2020 20:42:22.539,,,,0.999424,,,
16-08-2020 20:42:22.687,,,1529,,,,
16-08-2020 20:42:22.821,,,,,,22.7450980392157,
16-08-2020 20:42:22.965,,-0.707647058823529,,,28.2352941176471,,
16-08-2020 20:42:23.110,,,,0.999424,,,
16-08-2020 20:42:23.240,,,1494,,,,
16-08-2020 20:42:23.385,,,,,,22.3529411764706,
16-08-2020 20:42:23.525,,-0.684117647058823,,,30.5882352941176,,
16-08-2020 20:42:23.674,,,,0.999424,,,
16-08-2020 20:42:23.953,,,1418,,,,
16-08-2020 20:42:24.186,,,,,,28.6274509803922,
16-08-2020 20:42:24.408,,-0.460588235294118,,,52.9411764705882,,
16-08-2020 20:42:24.632,,,,0.999424,,,
16-08-2020 20:42:24.864,,,1551,,,,
16-08-2020 20:42:25.088,,,,,,83.921568627451,
16-08-2020 20:42:25.254,,0.0805882352941177,,,107.058823529412,,
16-08-2020 20:42:25.411,,,,0.999424,,,
16-08-2020 20:42:25.566,,,1777,,,,
16-08-2020 20:42:25.718,,,,,,83.921568627451,
16-08-2020 20:42:25.841,,0.21,,,120,,
16-08-2020 20:42:25.982,,,,0.999424,,,
16-08-2020 20:42:26.118,,,2024,,,,
16-08-2020 20:42:26.260,,,,,,83.921568627451,
16-08-2020 20:42:26.383,,0.41,,,140,,
16-08-2020 20:42:26.529,,,,0.999424,,,
16-08-2020 20:42:26.662,,,2321,,,,
16-08-2020 20:42:26.811,,,,,,83.921568627451,
16-08-2020 20:42:26.960,,0.515882352941177,,,150.588235294118,,
16-08-2020 20:42:27.110,,,,0.999424,,,
16-08-2020 20:42:27.246,,,2648,,,,
16-08-2020 20:42:27.390,,,,,,83.921568627451,
16-08-2020 20:42:27.544,,0.598235294117647,,,158.823529411765,,
16-08-2020 20:42:27.697,,,,0.999424,,,
16-08-2020 20:42:27.920,,,2991,,,,
16-08-2020 20:42:28.145,,,,,,83.921568627451,
16-08-2020 20:42:28.372,,0.704117647058824,,,169.411764705882,,
16-08-2020 20:42:28.672,,,,0.999424,,,
16-08-2020 20:42:28.972,,,3653,,,,
16-08-2020 20:42:29.197,,,,,,83.921568627451,
16-08-2020 20:42:29.407,,0.621764705882353,,,161.176470588235,,
16-08-2020 20:42:29.550,,,,0.999424,,,
16-08-2020 20:42:29.676,,,4140,,,,
16-08-2020 20:42:29.817,,,,,,83.921568627451,
16-08-2020 20:42:29.956,,0.515882352941177,,,150.588235294118,,
16-08-2020 20:42:30.098,,,,0.999424,,,
16-08-2020 20:42:30.249,,,4445,,,,
16-08-2020 20:42:30.383,,,,,,83.921568627451,
16-08-2020 20:42:30.525,,0.457058823529412,,,144.705882352941,,
16-08-2020 20:42:30.648,,,,0.999424,,,
16-08-2020 20:42:30.796,,,4721,,,,
16-08-2020 20:42:30.919,,,,,,83.921568627451,
16-08-2020 20:42:31.062,,0.362941176470588,,,135.294117647059,,
16-08-2020 20:42:31.205,,,,0.999424,,,
16-08-2020 20:42:31.351,,,4963,,,,
16-08-2020 20:42:31.491,,,,,,83.921568627451,
16-08-2020 20:42:31.631,,0.315882352941177,,,130.588235294118,,
16-08-2020 20:42:31.774,,,,0.999424,,,
16-08-2020 20:42:31.966,,,5209,,,,
16-08-2020 20:42:32.184,,,,,,83.921568627451,
16-08-2020 20:42:32.410,,0.351176470588235,,,134.117647058824,,
16-08-2020 20:42:32.633,,,,0.986736,,,
16-08-2020 20:42:32.932,,,5601,,,,
16-08-2020 20:42:33.232,,,,,,83.921568627451,
16-08-2020 20:42:33.436,,0.339411764705882,,,132.941176470588,,
16-08-2020 20:42:33.583,,,,0.930128,,,
16-08-2020 20:42:33.731,,,5948,,,,
16-08-2020 20:42:33.848,,,,,,83.921568627451,
16-08-2020 20:42:33.979,,0.32764705882353,,,131.764705882353,,
16-08-2020 20:42:34.124,,,,0.915488,,,
16-08-2020 20:42:34.276,,,6145,,,,
16-08-2020 20:42:34.408,,,,,,83.921568627451,
16-08-2020 20:42:34.559,,0.339411764705882,,,132.941176470588,,
16-08-2020 20:42:34.701,,,,0.9028,,,
16-08-2020 20:42:34.837,,,6449,,,,
16-08-2020 20:42:35.009,,,,,,33.7254901960784,
16-08-2020 20:42:35.145,,-0.684117647058823,,,30.5882352941176,,
16-08-2020 20:42:35.292,,,,0.999424,,,
16-08-2020 20:42:35.422,,,5697,,,,
16-08-2020 20:42:35.568,,,,,,34.9019607843137,
16-08-2020 20:42:35.719,,-0.695882352941177,,,29.4117647058824,,
16-08-2020 20:42:35.868,,,,0.999424,,,
16-08-2020 20:42:36.057,,,5033,,,,
16-08-2020 20:42:36.286,,,,,,34.1176470588235,
16-08-2020 20:42:36.510,,-0.731176470588235,,,25.8823529411765,,
16-08-2020 20:42:36.732,,,,0.999424,,,
16-08-2020 20:42:36.954,,,4078,,,,
16-08-2020 20:42:37.187,,,,,,30.1960784313725,
16-08-2020 20:42:37.412,,-0.731176470588235,,,25.8823529411765,,
16-08-2020 20:42:37.569,,,,0.999424,,,
16-08-2020 20:42:37.719,,,3359,,,,
16-08-2020 20:42:37.844,,,,,,27.0588235294118,
16-08-2020 20:42:37.997,,-0.742941176470588,,,24.7058823529412,,
16-08-2020 20:42:38.119,,,,0.999424,,,
16-08-2020 20:42:38.267,,,2864,,,,
16-08-2020 20:42:38.418,,,,,,25.8823529411765,
16-08-2020 20:42:38.542,,-0.742941176470588,,,24.7058823529412,,
16-08-2020 20:42:38.689,,,,0.999424,,,
16-08-2020 20:42:38.854,,,2396,,,,
16-08-2020 20:42:38.989,,,,,,24.7058823529412,
